"","kingdom","phylum","order","family","genus"
"ASV1","Bacteria","Proteobacteria","Enterobacterales","Yersiniaceae","Rahnella"
"ASV10","Bacteria","Firmicutes","Lactobacillales","Enterococcaceae","Enterococcus"
"ASV1000","Bacteria","Tenericutes","Entomoplasmatales","Entomoplasmataceae","Mesoplasma"
"ASV10005","Bacteria","Proteobacteria","Neisseriales","Chromobacteriaceae","Vogesella"
"ASV1002","Bacteria","Proteobacteria","Pseudomonadales","Moraxellaceae","Acinetobacter"
"ASV1004","Bacteria","Proteobacteria","Rickettsiales","Anaplasmataceae","Wolbachia"
"ASV1005","Bacteria","Firmicutes","Clostridiales","Clostridiaceae","Clostridium"
"ASV1006","Bacteria","Fusobacteria","Fusobacteriales","Fusobacteriaceae","Cetobacterium"
"ASV1007","Bacteria","Bacteroidetes","Bacteroidales","Prevotellaceae","Prevotella"
"ASV10098","Bacteria","Actinobacteria","Bifidobacteriales","Bifidobacteriaceae","Bifidobacterium"
"ASV1012","Bacteria","Actinobacteria","Bifidobacteriales","Bifidobacteriaceae","Bifidobacterium"
"ASV1013","Bacteria","Firmicutes","Clostridiales","Peptoniphilaceae","Peptoniphilus"
"ASV1017","Bacteria","Proteobacteria","Orbales","Orbaceae","Gilliamella"
"ASV1019","Bacteria","Actinobacteria","Micrococcales","Micrococcaceae","Nesterenkonia"
"ASV102","Bacteria","Proteobacteria","Rhodospirillales","Acetobacteraceae","Commensalibacter"
"ASV1020","Bacteria","Firmicutes","Selenomonadales","Selenomonadaceae","Pectinatus"
"ASV1021","Bacteria","Bacteroidetes","Bacteroidales","Prevotellaceae","Prevotella"
"ASV1024","Bacteria","Bacteroidetes","Bacteroidales","Prevotellaceae","Prevotella"
"ASV1026","Bacteria","Actinobacteria","Micrococcales","Microbacteriaceae","Leucobacter"
"ASV103","Bacteria","Proteobacteria","Oceanospirillales","Halomonadaceae","Halotalea"
"ASV1030","Bacteria","Proteobacteria","Rhizobiales","Rhizobiales spc","Rhizobiales spc"
"ASV10310","Bacteria","Proteobacteria","Pseudomonadales","Moraxellaceae","Acinetobacter"
"ASV10343","Bacteria","Firmicutes","Selenomonadales","Selenomonadaceae","Selenomonadaceae spc"
"ASV1035","Bacteria","Actinobacteria","Bifidobacteriales","Bifidobacteriaceae","Bifidobacterium"
"ASV1036","Bacteria","Firmicutes","Lactobacillales","Lactobacillaceae","Philodulcilactobacillus"
"ASV1038","Bacteria","Proteobacteria","Rhodospirillales","Acetobacteraceae","Commensalibacter"
"ASV1039","Bacteria","Bacteroidetes","Bacteroidales","Prevotellaceae","Prevotella"
"ASV104","Bacteria","Firmicutes","Lactobacillales","Lactobacillaceae","Philodulcilactobacillus"
"ASV1040","Bacteria","Firmicutes","Lactobacillales","Lactobacillaceae","Leuconostoc"
"ASV1041","Bacteria","Bacteroidetes","Bacteroidales","Prevotellaceae","Prevotella"
"ASV1043","Bacteria","Actinobacteria","Coriobacteriales","Atopobiaceae","Atopobiaceae spc"
"ASV1044","Bacteria","Actinobacteria","Bifidobacteriales","Bifidobacteriaceae","Bifidobacterium"
"ASV1045","Bacteria","Proteobacteria","Oceanospirillales","Halomonadaceae","Carnimonas"
"ASV1046","Bacteria","Firmicutes","Lactobacillales","Lactobacillaceae","Bombilactobacillus"
"ASV1047","Bacteria","Tenericutes","Entomoplasmatales","Spiroplasmataceae","Spiroplasma"
"ASV1048","Bacteria","Proteobacteria","Proteobacteria spc","Proteobacteria spc","Proteobacteria spc"
"ASV1049","Bacteria","Actinobacteria","Coriobacteriales","Coriobacteriales spc","Coriobacteriales spc"
"ASV105","Bacteria","Proteobacteria","Neisseriales","Neisseriaceae","Snodgrassella"
"ASV1050","Bacteria","Firmicutes","Selenomonadales","Selenomonadaceae","Pectinatus"
"ASV1051","Bacteria","Tenericutes","Entomoplasmatales","Spiroplasmataceae","Spiroplasma"
"ASV10523","Bacteria","Proteobacteria","Orbales","Orbaceae","Frischella"
"ASV1053","Bacteria","Actinobacteria","Micrococcales","Micrococcaceae","Nesterenkonia"
"ASV1054","Bacteria","Firmicutes","Lactobacillales","Lactobacillaceae","Leuconostoc"
"ASV1055","Bacteria","Proteobacteria","Rickettsiales","Anaplasmataceae","Wolbachia"
"ASV1056","Bacteria","Proteobacteria","Rhizobiales","Methylobacteriaceae","Methylobacterium"
"ASV1058","Bacteria","Firmicutes","Clostridiales","Clostridiaceae","Clostridium"
"ASV10612","Bacteria","Firmicutes","Lactobacillales","Lactobacillaceae","Fructobacillus"
"ASV1063","Bacteria","Bacteroidetes","Flavobacteriales","Flavobacteriaceae","Flavobacterium"
"ASV1064","Bacteria","Firmicutes","Lactobacillales","Lactobacillaceae","Bombilactobacillus"
"ASV1065","Bacteria","Firmicutes","Selenomonadales","Selenomonadaceae","Pectinatus"
"ASV1066","Bacteria","Bacteroidetes","Flavobacteriales","Weeksellaceae","Chryseobacterium"
"ASV10680","Bacteria","Firmicutes","Lactobacillales","Lactobacillaceae","Leuconostoc"
"ASV10693","Bacteria","Actinobacteria","Coriobacteriales","Coriobacteriales spc","Coriobacteriales spc"
"ASV1070","Bacteria","Firmicutes","Lactobacillales","Lactobacillaceae","Bombilactobacillus"
"ASV1072","Bacteria","Proteobacteria","Rickettsiales","Rickettsiales Incertae Sedis","Candidatus-Hepatincola"
"ASV1073","Bacteria","Proteobacteria","Enterobacterales","Morganellaceae","Providencia"
"ASV1074","Bacteria","Bacteroidetes","Flavobacteriales","Weeksellaceae","Chryseobacterium"
"ASV1077","Bacteria","Firmicutes","Clostridiales","Ruminococcaceae","Candidatus-Soleaferrea"
"ASV108","Bacteria","Firmicutes","Lactobacillales","Lactobacillaceae","Lactobacillus"
"ASV1080","Bacteria","Proteobacteria","Enterobacterales","Enterobacteriaceae","Enterobacter"
"ASV1081","Bacteria","Firmicutes","Lactobacillales","Lactobacillaceae","Companilactobacillus"
"ASV1084","Bacteria","Actinobacteria","Mycobacteriales","Corynebacteriaceae","Corynebacterium"
"ASV10847","Bacteria","Firmicutes","Bacillales","Bacillaceae","Bacillus"
"ASV1085","Bacteria","Proteobacteria","Neisseriales","Neisseriaceae","Snodgrassella"
"ASV1088","Bacteria","Actinobacteria","Bifidobacteriales","Bifidobacteriaceae","Bifidobacterium"
"ASV10884","Bacteria","Firmicutes","Lactobacillales","Lactobacillaceae","Lactobacillaceae spc"
"ASV109","Bacteria","Firmicutes","Lactobacillales","Enterococcaceae","Vagococcus"
"ASV10907","Bacteria","Proteobacteria","Pseudomonadales","Moraxellaceae","Acinetobacter"
"ASV1091","Bacteria","Proteobacteria","Burkholderiales","Comamonadaceae","Comamonas"
"ASV10926","Bacteria","Proteobacteria","Enterobacterales","Enterobacteriaceae","Citrobacter"
"ASV1094","Bacteria","Proteobacteria","Pseudomonadales","Moraxellaceae","Acinetobacter"
"ASV1096","Bacteria","Proteobacteria","Pseudomonadales","Moraxellaceae","Acinetobacter"
"ASV1097","Bacteria","Actinobacteria","Micrococcales","Brevibacteriaceae","Brevibacterium"
"ASV10973","Bacteria","Proteobacteria","Pseudomonadales","Moraxellaceae","Acinetobacter"
"ASV1098","Bacteria","Bacteroidetes","Bacteroidales","Dysgonomonadaceae","Dysgonomonas"
"ASV11","Bacteria","Firmicutes","Bacillales","Staphylococcaceae","Staphylococcus"
"ASV110","Bacteria","Firmicutes","Lactobacillales","Lactobacillaceae","Lactobacillus"
"ASV1100","Bacteria","Proteobacteria","Hyphomicrobiales","Lichenibacteriaceae","Lichenibacteriaceae spc"
"ASV1101","Bacteria","Firmicutes","Clostridiales","Ruminococcaceae","Ruminococcaceae spc"
"ASV1102","Bacteria","Proteobacteria","Rhodospirillales","Acetobacteraceae","Komagataeibacter"
"ASV11037","Bacteria","Proteobacteria","Orbales","Orbaceae","Orbus"
"ASV1105","Bacteria","Firmicutes","Lactobacillales","Lactobacillaceae","Lacticaseibacillus"
"ASV1106","Bacteria","Firmicutes","Lactobacillales","Lactobacillaceae","Lactobacillaceae spc"
"ASV1109","Bacteria","Proteobacteria","Rhodospirillales","Acetobacteraceae","Acetobacter"
"ASV111","Bacteria","Proteobacteria","Rhodospirillales","Acetobacteraceae","Neokomagataea"
"ASV1111","Bacteria","Proteobacteria","Rickettsiales","Anaplasmataceae","Wolbachia"
"ASV1112","Bacteria","Proteobacteria","Pseudomonadales","Moraxellaceae","Acinetobacter"
"ASV1113","Bacteria","Firmicutes","Clostridiales","Lachnospiraceae","Blautia"
"ASV11145","Bacteria","Firmicutes","Lactobacillales","Lactobacillaceae","Weissella"
"ASV1115","Bacteria","Firmicutes","Clostridiales","Peptoniphilaceae","Peptoniphilaceae spc"
"ASV1119","Bacteria","Proteobacteria","Neisseriales","Neisseriaceae","Snodgrassella"
"ASV112","Bacteria","Firmicutes","Selenomonadales","Selenomonadaceae","Pectinatus"
"ASV1120","Bacteria","Firmicutes","Bacillales","Bacillales Incertae Sedis XII","Exiguobacterium"
"ASV1122","Bacteria","Bacteroidetes","Flavobacteriales","Flavobacteriales spc","Flavobacteriales spc"
"ASV11223","Bacteria","Proteobacteria","Proteobacteria spc","Proteobacteria spc","Proteobacteria spc"
"ASV11233","Bacteria","Proteobacteria","Orbales","Orbaceae","Orbus"
"ASV1124","Bacteria","Proteobacteria","Xanthomonadales","Xanthomonadaceae","Wohlfahrtiimonas"
"ASV11249","Bacteria","Firmicutes","Lactobacillales","Lactobacillaceae","Bombilactobacillus"
"ASV1129","Bacteria","Actinobacteria","Mycobacteriales","Gordoniaceae","Gordonia"
"ASV113","Bacteria","Proteobacteria","Holosporales","Holosporaceae","Holosporaceae spc"
"ASV1131","Bacteria","Proteobacteria","Orbales","Orbaceae","Gilliamella"
"ASV1136","Bacteria","Firmicutes","Lactobacillales","Lactobacillaceae","Lactobacillus"
"ASV1137","Bacteria","Proteobacteria","Rickettsiales","Anaplasmataceae","Wolbachia"
"ASV1139","Bacteria","Proteobacteria","Hyphomicrobiales","Lichenibacteriaceae","Lichenibacteriaceae spc"
"ASV1140","Bacteria","Bacteroidetes","Bacteroidales","Porphyromonadaceae","Tannerella"
"ASV1141","Bacteria","Actinobacteria","Micrococcales","Micrococcaceae","Nesterenkonia"
"ASV1142","Bacteria","Firmicutes","Selenomonadales","Selenomonadaceae","Pectinatus"
"ASV1143","Bacteria","Proteobacteria","Proteobacteria spc","Proteobacteria spc","Proteobacteria spc"
"ASV1144","Bacteria","Proteobacteria","Rickettsiales","Anaplasmataceae","Wolbachia"
"ASV1145","Bacteria","Proteobacteria","Vibrionales","Vibrionaceae","Vibrio"
"ASV11462","Bacteria","Firmicutes","Lactobacillales","Enterococcaceae","Enterococcus"
"ASV1147","Bacteria","Bacteroidetes","Bacteroidales","Dysgonomonadaceae","Dysgonomonas"
"ASV1148","Bacteria","Proteobacteria","Rickettsiales","Anaplasmataceae","Wolbachia"
"ASV115","Bacteria","Firmicutes","Selenomonadales","Selenomonadaceae","Pectinatus"
"ASV1150","Bacteria","Proteobacteria","Oceanospirillales","Halomonadaceae","Zymobacter"
"ASV1153","Bacteria","Bacteroidetes","Bacteroidales","Prevotellaceae","Prevotella"
"ASV1154","Bacteria","Bacteroidetes","Flavobacteriales","Weeksellaceae","Chryseobacterium"
"ASV11543","Bacteria","Proteobacteria","Enterobacterales","Enterobacterales spc","Enterobacterales spc"
"ASV1155","Bacteria","Proteobacteria","Rhizobiales","Methylobacteriaceae","Methylobacterium"
"ASV1157","Bacteria","Verrucomicrobia","Chthoniobacterales","Chthoniobacteraceae","Chthoniobacteraceae family"
"ASV11580","Bacteria","Proteobacteria","Neisseriales","Neisseriaceae","Snodgrassella"
"ASV11581","Bacteria","Firmicutes","Lactobacillales","Lactobacillaceae","Fructobacillus"
"ASV1159","Bacteria","Proteobacteria","Rhodospirillales","Acetobacteraceae","Oecophyllibacter"
"ASV116","Bacteria","Proteobacteria","Rhodospirillales","Acetobacteraceae","Saccharibacter"
"ASV1160","Bacteria","Firmicutes","Clostridiales","Clostridiaceae","Clostridiaceae spc"
"ASV11608","Bacteria","Firmicutes","Lactobacillales","Lactobacillaceae","Lactobacillus"
"ASV1161","Bacteria","Firmicutes","Bacillales","Paenibacillaceae","Paenibacillus"
"ASV1162","Bacteria","Bacteroidetes","Flavobacteriales","Weeksellaceae","Algoriella"
"ASV11629","Bacteria","Proteobacteria","Enterobacterales","Erwiniaceae","Erwinia"
"ASV1163","Bacteria","Proteobacteria","Enterobacterales","Enterobacteriaceae","Izhakiella"
"ASV11631","Bacteria","Proteobacteria","Enterobacterales","Enterobacterales spc","Enterobacterales spc"
"ASV1164","Bacteria","Actinobacteria","Mycobacteriales","Gordoniaceae","Gordonia"
"ASV1166","Bacteria","Firmicutes","Lactobacillales","Lactobacillaceae","Lacticaseibacillus"
"ASV1167","Bacteria","Actinobacteria","Micrococcales","Brevibacteriaceae","Brevibacterium"
"ASV1168","Bacteria","Actinobacteria","Bifidobacteriales","Bifidobacteriaceae","Bifidobacterium"
"ASV117","Bacteria","Firmicutes","Bacillales","Staphylococcaceae","Staphylococcus"
"ASV1173","Bacteria","Firmicutes","Lactobacillales","Lactobacillaceae","Ligilactobacillus"
"ASV11738","Bacteria","Tenericutes","Entomoplasmatales","Spiroplasmataceae","Spiroplasma"
"ASV1174","Bacteria","Proteobacteria","Rhodospirillales","Acetobacteraceae","Acetobacter"
"ASV1175","Bacteria","Actinobacteria","Coriobacteriales","Atopobiaceae","Atopobiaceae spc"
"ASV11758","Bacteria","Proteobacteria","Orbales","Orbaceae","Orbus"
"ASV1176","Bacteria","Proteobacteria","Rhodobacterales","Rhodobacteraceae","Paracoccus"
"ASV1177","Bacteria","Firmicutes","Selenomonadales","Selenomonadaceae","Anaerovibrio"
"ASV1178","Bacteria","Proteobacteria","Xanthomonadales","Xanthomonadaceae","Xanthomonadaceae spc"
"ASV118","Bacteria","Firmicutes","Bacillales","Staphylococcaceae","Mammaliicoccus"
"ASV1180","Bacteria","Proteobacteria","Rhodospirillales","Acetobacteraceae","Tanticharoenia"
"ASV11804","Bacteria","Firmicutes","Lactobacillales","Lactobacillaceae","Lactobacillus"
"ASV1183","Bacteria","Bacteroidetes","Bacteroidales","Dysgonomonadaceae","Dysgonomonas"
"ASV1184","Bacteria","Firmicutes","Lactobacillales","Streptococcaceae","Floricoccus"
"ASV1186","Bacteria","Bacteroidetes","Bacteroidales","Dysgonomonadaceae","Dysgonomonas"
"ASV11861","Bacteria","Proteobacteria","Enterobacterales","Enterobacteriaceae","Enterobacter"
"ASV1188","Bacteria","Firmicutes","Clostridiales","Clostridiales spc","Clostridiales spc"
"ASV119","Bacteria","Firmicutes","Lactobacillales","Lactobacillaceae","Fructobacillus"
"ASV1192","Bacteria","Actinobacteria","Bifidobacteriales","Bifidobacteriaceae","Bifidobacterium"
"ASV11929","Bacteria","Firmicutes","Bacillales","Staphylococcaceae","Staphylococcus"
"ASV1195","Bacteria","Bacteroidetes","Bacteroidales","Bacteroidaceae","Bacteroides"
"ASV1196","Bacteria","Proteobacteria","Rhodospirillales","Acetobacteraceae","Gluconobacter"
"ASV11960","Bacteria","Firmicutes","Lactobacillales","Lactobacillaceae","Fructobacillus"
"ASV1197","Bacteria","Proteobacteria","Rickettsiales","Anaplasmataceae","Wolbachia"
"ASV11975","Bacteria","Firmicutes","Lactobacillales","Streptococcaceae","Lactococcus"
"ASV1198","Bacteria","Proteobacteria","Rhizobiales","Methylobacteriaceae","Methylobacterium"
"ASV11982","Bacteria","Actinobacteria","Bifidobacteriales","Bifidobacteriaceae","Bifidobacterium"
"ASV11986","Bacteria","Firmicutes","Firmicutes spc","Firmicutes spc","Firmicutes spc"
"ASV1199","Bacteria","Bacteroidetes","Sphingobacteriales","Sphingobacteriaceae","Sphingobacterium"
"ASV12","Bacteria","Firmicutes","Lactobacillales","Lactobacillaceae","Apilactobacillus"
"ASV120","Bacteria","Proteobacteria","Enterobacterales","Morganellaceae","Providencia"
"ASV1200","Bacteria","Proteobacteria","Rhizobiales","Bartonellaceae","Bartonella"
"ASV12005","Bacteria","Proteobacteria","Proteobacteria spc","Proteobacteria spc","Proteobacteria spc"
"ASV12015","Bacteria","Proteobacteria","Proteobacteria spc","Proteobacteria spc","Proteobacteria spc"
"ASV1205","Bacteria","Proteobacteria","Enterobacterales","Morganellaceae","Arsenophonus"
"ASV1206","Bacteria","Actinobacteria","Bifidobacteriales","Bifidobacteriaceae","Bifidobacterium"
"ASV12064","Bacteria","Proteobacteria","Rhizobiales","Bartonellaceae","Bartonella"
"ASV1208","Bacteria","Firmicutes","Clostridiales","Ruminococcaceae","Ruminococcaceae spc"
"ASV12089","Bacteria","Proteobacteria","Proteobacteria spc","Proteobacteria spc","Proteobacteria spc"
"ASV1209","Bacteria","Proteobacteria","Rhodospirillales","Acetobacteraceae","Acetobacter"
"ASV121","Bacteria","Bacteroidetes","Flavobacteriales","Weeksellaceae","Chryseobacterium"
"ASV12119","Bacteria","Firmicutes","Firmicutes spc","Firmicutes spc","Firmicutes spc"
"ASV1214","Bacteria","Actinobacteria","Micrococcales","Micrococcaceae","Arthrobacter"
"ASV1216","Bacteria","Firmicutes","Clostridiales","Ruminococcaceae","Ruminococcaceae spc"
"ASV12164","Bacteria","Proteobacteria","Rhodospirillales","Acetobacteraceae","Commensalibacter"
"ASV1218","Bacteria","Proteobacteria","Rhizobiales","Methylobacteriaceae","Methylobacterium"
"ASV1219","Bacteria","Proteobacteria","Sphingomonadales","Sphingomonadaceae","Sphingomonas"
"ASV122","Bacteria","Proteobacteria","Rhodospirillales","Acetobacteraceae","Commensalibacter"
"ASV1220","Bacteria","Proteobacteria","Burkholderiales","Oxalobacteraceae","Massilia"
"ASV12208","Bacteria","Proteobacteria","Rhodospirillales","Acetobacteraceae","Saccharibacter"
"ASV1221","Bacteria","Bacteroidetes","Flavobacteriales","Flavobacteriaceae","Myroides"
"ASV1222","Bacteria","Firmicutes","Veillonellales","Veillonellaceae","Megasphaera"
"ASV1223","Bacteria","Proteobacteria","Neisseriales","Neisseriaceae","Vitreoscilla"
"ASV12236","Bacteria","Bacteroidetes","Bacteroidales","Dysgonomonadaceae","Dysgonomonas"
"ASV1226","Bacteria","Tenericutes","Entomoplasmatales","Entomoplasmataceae","Mesoplasma"
"ASV1227","Bacteria","Actinobacteria","Bifidobacteriales","Bifidobacteriaceae","Bifidobacteriaceae spc"
"ASV123","Bacteria","Bacteroidetes","Flavobacteriales","Weeksellaceae","Empedobacter"
"ASV1230","Bacteria","Proteobacteria","Sphingomonadales","Sphingomonadaceae","Sphingomonas"
"ASV12313","Bacteria","Firmicutes","Bacillales","Staphylococcaceae","Staphylococcus"
"ASV1232","Bacteria","Actinobacteria","Bifidobacteriales","Bifidobacteriaceae","Bifidobacterium"
"ASV1233","Bacteria","Proteobacteria","Sphingomonadales","Sphingomonadaceae","Sphingomonas"
"ASV1234","Bacteria","Proteobacteria","Orbales","Orbaceae","Gilliamella"
"ASV1235","Bacteria","Firmicutes","Veillonellales","Veillonellaceae","Veillonella"
"ASV1238","Bacteria","Proteobacteria","Pseudomonadales","Pseudomonadaceae","Pseudomonas"
"ASV124","Bacteria","Proteobacteria","Enterobacterales","Morganellaceae","Providencia"
"ASV1240","Bacteria","Firmicutes","Selenomonadales","Selenomonadaceae","Selenomonadaceae spc"
"ASV1241","Bacteria","Firmicutes","Selenomonadales","Selenomonadaceae","Pectinatus"
"ASV1244","Bacteria","Proteobacteria","Xanthomonadales","Xanthomonadaceae","Xanthomonas"
"ASV1245","Bacteria","Planctomycetes","Planctomycetales","Planctomycetaceae","Planctomyces"
"ASV1246","Bacteria","Firmicutes","Clostridiales","Clostridiaceae","Clostridium"
"ASV12488","Bacteria","Firmicutes","Lactobacillales","Enterococcaceae","Enterococcus"
"ASV125","Bacteria","Firmicutes","Lactobacillales","Lactobacillaceae","Fructobacillus"
"ASV1250","Bacteria","Actinobacteria","Coriobacteriales","Atopobiaceae","Atopobium"
"ASV1253","Bacteria","Actinobacteria","Coriobacteriales","Atopobiaceae","Atopobium"
"ASV12538","Bacteria","Proteobacteria","Enterobacterales","Enterobacteriaceae","Enterobacter"
"ASV1254","Bacteria","Bacteroidetes","Sphingobacteriales","Sphingobacteriaceae","Sphingobacterium"
"ASV12542","Bacteria","Firmicutes","Lactobacillales","Lactobacillaceae","Bombilactobacillus"
"ASV1255","Bacteria","Proteobacteria","Pseudomonadales","Moraxellaceae","Acinetobacter"
"ASV1256","Bacteria","Verrucomicrobia","Chthoniobacterales","Chthoniobacteraceae","Chthoniobacteraceae family"
"ASV1257","Bacteria","Proteobacteria","Proteobacteria spc","Proteobacteria spc","Proteobacteria spc"
"ASV1259","Bacteria","Proteobacteria","Xanthomonadales","Rhodanobacteraceae","Dyella"
"ASV126","Bacteria","Bacteroidetes","Flavobacteriales","Weeksellaceae","Apibacter"
"ASV1262","Bacteria","Proteobacteria","Burkholderiales","Comamonadaceae","Comamonas"
"ASV12620","Bacteria","Proteobacteria","Oceanospirillales","Halomonadaceae","Halomonadaceae spc"
"ASV12621","Bacteria","Proteobacteria","Enterobacterales","Morganellaceae","Morganella"
"ASV1263","Bacteria","Bacteroidetes","Sphingobacteriales","Sphingobacteriaceae","Sphingobacterium"
"ASV1265","Bacteria","Proteobacteria","Pseudomonadales","Moraxellaceae","Acinetobacter"
"ASV12662","Bacteria","Firmicutes","Lactobacillales","Lactobacillaceae","Lactobacillus"
"ASV12666","Bacteria","Proteobacteria","Proteobacteria spc","Proteobacteria spc","Proteobacteria spc"
"ASV1267","Bacteria","Firmicutes","Clostridiales","Clostridiaceae","Clostridium"
"ASV12670","Bacteria","Firmicutes","Lactobacillales","Lactobacillaceae","Fructobacillus"
"ASV1268","Bacteria","Firmicutes","Lactobacillales","Streptococcaceae","Streptococcus"
"ASV1269","Bacteria","Actinobacteria","Mycobacteriales","Mycobacteriales spc","Mycobacteriales spc"
"ASV127","Bacteria","Firmicutes","Lactobacillales","Streptococcaceae","Lactococcus"
"ASV1270","Bacteria","Proteobacteria","Xanthomonadales","Xanthomonadaceae","Wohlfahrtiimonas"
"ASV1272","Bacteria","Firmicutes","Lactobacillales","Lactobacillaceae","Furfurilactobacillus"
"ASV1273","Bacteria","Tenericutes","Entomoplasmatales","Entomoplasmataceae","Mesoplasma"
"ASV1274","Bacteria","Firmicutes","Clostridiales","Clostridiales spc","Clostridiales spc"
"ASV1276","Bacteria","Firmicutes","Clostridiales","Ruminococcaceae","Ruminococcaceae spc"
"ASV12764","Bacteria","Proteobacteria","Rhodospirillales","Acetobacteraceae","Bombella"
"ASV12779","Bacteria","Proteobacteria","Enterobacterales","Enterobacteriaceae","Klebsiella"
"ASV1279","Bacteria","Firmicutes","Bacillales","Planococcaceae","Solibacillus"
"ASV1286","Bacteria","Bacteroidetes","Bacteroidales","Bacteroidaceae","Bacteroides"
"ASV12874","Bacteria","Proteobacteria","Proteobacteria spc","Proteobacteria spc","Proteobacteria spc"
"ASV12889","Bacteria","Proteobacteria","Rhodospirillales","Acetobacteraceae","Saccharibacter"
"ASV1289","Bacteria","Actinobacteria","Micrococcales","Microbacteriaceae","Leucobacter"
"ASV129","Bacteria","Firmicutes","Lactobacillales","Lactobacillaceae","Lactiplantibacillus"
"ASV1291","Bacteria","Proteobacteria","Pseudomonadales","Moraxellaceae","Acinetobacter"
"ASV1294","Bacteria","Proteobacteria","Proteobacteria spc","Proteobacteria spc","Proteobacteria spc"
"ASV1296","Bacteria","Bacteroidetes","Flavobacteriales","Flavobacteriales spc","Flavobacteriales spc"
"ASV12967","Bacteria","Firmicutes","Lactobacillales","Lactobacillaceae","Lactobacillus"
"ASV12985","Bacteria","Firmicutes","Lactobacillales","Enterococcaceae","Tetragenococcus"
"ASV12987","Bacteria","Proteobacteria","Burkholderiales","Comamonadaceae","Aquabacterium"
"ASV13","Bacteria","Proteobacteria","Enterobacterales","Yersiniaceae","Serratia"
"ASV130","Bacteria","Bacteroidetes","Flavobacteriales","Weeksellaceae","Apibacter"
"ASV1301","Bacteria","Firmicutes","Lactobacillales","Lactobacillaceae","Fructilactobacillus"
"ASV13019","Bacteria","Proteobacteria","Proteobacteria spc","Proteobacteria spc","Proteobacteria spc"
"ASV1302","Bacteria","Bacteroidetes","Bacteroidales","Prevotellaceae","Prevotella"
"ASV1304","Bacteria","Proteobacteria","Rhodobacterales","Rhodobacteraceae","Paracoccus"
"ASV13050","Bacteria","Firmicutes","Lactobacillales","Lactobacillaceae","Fructobacillus"
"ASV13087","Bacteria","Proteobacteria","Rhodospirillales","Acetobacteraceae","Bombella"
"ASV131","Bacteria","Firmicutes","Lactobacillales","Lactobacillaceae","Lactobacillus"
"ASV1311","Bacteria","Firmicutes","Lactobacillales","Lactobacillaceae","Lactobacillus"
"ASV1312","Bacteria","Bacteroidetes","Flavobacteriales","Weeksellaceae","Algoriella"
"ASV1316","Bacteria","Proteobacteria","Sphingomonadales","Sphingomonadaceae","Sphingomonas"
"ASV13165","Bacteria","Firmicutes","Lactobacillales","Lactobacillaceae","Ligilactobacillus"
"ASV1317","Bacteria","Actinobacteria","Mycobacteriales","Corynebacteriaceae","Corynebacterium"
"ASV1318","Bacteria","Firmicutes","Lactobacillales","Aerococcaceae","Aerococcus"
"ASV1319","Bacteria","Proteobacteria","Rhodospirillales","Acetobacteraceae","Acetobacteraceae spc"
"ASV132","Bacteria","Proteobacteria","Oceanospirillales","Halomonadaceae","Halotalea"
"ASV1320","Bacteria","Proteobacteria","Rhodospirillales","Acetobacteraceae","Acidiphilium"
"ASV1321","Bacteria","Proteobacteria","Orbales","Orbaceae","Orbus"
"ASV1323","Bacteria","Proteobacteria","Enterobacterales","Pectobacteriaceae","Sodalis"
"ASV13239","Bacteria","Proteobacteria","Enterobacterales","Enterobacterales spc","Enterobacterales spc"
"ASV13245","Bacteria","Firmicutes","Clostridiales","Ruminococcaceae","Faecalibacterium"
"ASV1325","Bacteria","Firmicutes","Lactobacillales","Lactobacillaceae","Furfurilactobacillus"
"ASV1327","Bacteria","Bacteroidetes","Flavobacteriales","Weeksellaceae","Chryseobacterium"
"ASV133","Bacteria","Firmicutes","Lactobacillales","Lactobacillaceae","Leuconostoc"
"ASV1331","Bacteria","Firmicutes","Selenomonadales","Selenomonadaceae","Pectinatus"
"ASV1336","Bacteria","Bacteroidetes","Bacteroidales","Prevotellaceae","Prevotella"
"ASV13369","Bacteria","Proteobacteria","Neisseriales","Neisseriaceae","Snodgrassella"
"ASV13371","Bacteria","Firmicutes","Lactobacillales","Enterococcaceae","Enterococcus"
"ASV134","Bacteria","Firmicutes","Lactobacillales","Enterococcaceae","Vagococcus"
"ASV1343","Bacteria","Proteobacteria","Neisseriales","Neisseriaceae","Snodgrassella"
"ASV1344","Bacteria","Firmicutes","Selenomonadales","Selenomonadaceae","Anaerovibrio"
"ASV1345","Bacteria","Actinobacteria","Mycobacteriales","Corynebacteriaceae","Corynebacterium"
"ASV13467","Bacteria","Proteobacteria","Enterobacterales","Hafniaceae","Hafnia"
"ASV135","Bacteria","Proteobacteria","Rhodospirillales","Acetobacteraceae","Bombella"
"ASV13508","Bacteria","Proteobacteria","Proteobacteria spc","Proteobacteria spc","Proteobacteria spc"
"ASV13527","Bacteria","Proteobacteria","Enterobacterales","Erwiniaceae","Tatumella"
"ASV1353","Bacteria","Proteobacteria","Hyphomicrobiales","Lichenibacteriaceae","Lichenibacteriaceae spc"
"ASV1354","Bacteria","Firmicutes","Clostridiales","Clostridiaceae","Clostridium"
"ASV13568","Bacteria","Firmicutes","Lactobacillales","Lactobacillaceae","Lactobacillus"
"ASV1357","Bacteria","Actinobacteria","Actinomycetales","Arcanobacteriaceae","Arcanobacteriaceae spc"
"ASV1359","Bacteria","Proteobacteria","Burkholderiales","Comamonadaceae","Comamonas"
"ASV136","Bacteria","Proteobacteria","Pseudomonadales","Moraxellaceae","Acinetobacter"
"ASV13632","Bacteria","Firmicutes","Lactobacillales","Lactobacillaceae","Companilactobacillus"
"ASV1365","Bacteria","Proteobacteria","Sphingomonadales","Erythrobacteraceae","Novosphingobium"
"ASV1367","Bacteria","Firmicutes","Selenomonadales","Selenomonadaceae","Megamonas"
"ASV1368","Bacteria","Bacteroidetes","Bacteroidales","Dysgonomonadaceae","Dysgonomonas"
"ASV137","Bacteria","Firmicutes","Selenomonadales","Selenomonadaceae","Pectinatus"
"ASV1370","Bacteria","Firmicutes","Lactobacillales","Lactobacillaceae","Ligilactobacillus"
"ASV1372","Bacteria","Bacteroidetes","Bacteroidales","Prevotellaceae","Prevotella"
"ASV1373","Bacteria","Actinobacteria","Bifidobacteriales","Bifidobacteriaceae","Bifidobacterium"
"ASV1374","Bacteria","Firmicutes","Lactobacillales","Lactobacillaceae","Paucilactobacillus"
"ASV1376","Bacteria","Proteobacteria","Rhodospirillales","Acetobacteraceae","Acetobacter"
"ASV1377","Bacteria","Proteobacteria","Oceanospirillales","Halomonadaceae","Carnimonas"
"ASV1378","Bacteria","Firmicutes","Lactobacillales","Lactobacillaceae","Fructobacillus"
"ASV1379","Bacteria","Firmicutes","Lactobacillales","Lactobacillaceae","Lactobacillus"
"ASV138","Bacteria","Proteobacteria","Orbales","Orbaceae","Gilliamella"
"ASV13804","Bacteria","Firmicutes","Lactobacillales","Lactobacillaceae","Apilactobacillus"
"ASV1381","Bacteria","Firmicutes","Lactobacillales","Lactobacillaceae","Lactobacillus"
"ASV1383","Bacteria","Proteobacteria","Enterobacterales","Morganellaceae","Arsenophonus"
"ASV13838","Bacteria","Firmicutes","Selenomonadales","Selenomonadaceae","Pectinatus"
"ASV1387","Bacteria","Actinobacteria","Micrococcales","Micrococcaceae","Nesterenkonia"
"ASV1388","Bacteria","Proteobacteria","Rhizobiales","Methylobacteriaceae","Methylobacterium"
"ASV139","Bacteria","Proteobacteria","Oceanospirillales","Halomonadaceae","Zymobacter"
"ASV1390","Bacteria","Firmicutes","Lactobacillales","Lactobacillaceae","Weissella"
"ASV1392","Bacteria","Firmicutes","Clostridiales","Peptoniphilaceae","Gallicola"
"ASV1395","Bacteria","Firmicutes","Lactobacillales","Lactobacillaceae","Fructobacillus"
"ASV13977","Bacteria","Proteobacteria","Proteobacteria spc","Proteobacteria spc","Proteobacteria spc"
"ASV1398","Bacteria","Proteobacteria","Neisseriales","Chromobacteriaceae","Aquitalea"
"ASV1399","Bacteria","Bacteroidetes","Bacteroidales","Dysgonomonadaceae","Dysgonomonas"
"ASV14","Bacteria","Proteobacteria","Enterobacterales","Enterobacteriaceae","Raoultella"
"ASV140","Bacteria","Tenericutes","Entomoplasmatales","Spiroplasmataceae","Spiroplasma"
"ASV1402","Bacteria","Firmicutes","Lactobacillales","Lactobacillaceae","Lactobacillus"
"ASV1405","Bacteria","Proteobacteria","Enterobacterales","Pectobacteriaceae","Sodalis"
"ASV14094","Bacteria","Firmicutes","Bacillales","Staphylococcaceae","Staphylococcus"
"ASV141","Bacteria","Proteobacteria","Enterobacterales","Erwiniaceae","Erwinia"
"ASV14100","Bacteria","Actinobacteria","Bifidobacteriales","Bifidobacteriaceae","Bifidobacterium"
"ASV1412","Bacteria","Proteobacteria","Rhizobiales","Methylobacteriaceae","Methylobacterium"
"ASV14134","Bacteria","Firmicutes","Lactobacillales","Lactobacillaceae","Fructobacillus"
"ASV14138","Bacteria","Proteobacteria","Orbales","Orbaceae","Gilliamella"
"ASV14142","Bacteria","Firmicutes","Lactobacillales","Lactobacillaceae","Lactobacillus"
"ASV14153","Bacteria","Proteobacteria","Rhodospirillales","Acetobacteraceae","Commensalibacter"
"ASV1417","Bacteria","Bacteroidetes","Bacteroidales","Prevotellaceae","Prevotellamassilia"
"ASV14180","Bacteria","Firmicutes","Lactobacillales","Lactobacillaceae","Apilactobacillus"
"ASV14188","Bacteria","Firmicutes","Selenomonadales","Selenomonadaceae","Selenomonadaceae spc"
"ASV142","Bacteria","Bacteroidetes","Flavobacteriales","Weeksellaceae","Apibacter"
"ASV14201","Bacteria","Proteobacteria","Neisseriales","Chromobacteriaceae","Aquitalea"
"ASV1421","Bacteria","Bacteroidetes","Bacteroidales","Prevotellaceae","Prevotella"
"ASV1422","Bacteria","Firmicutes","Clostridiales","Clostridiaceae","Clostridium"
"ASV14225","Bacteria","Proteobacteria","Pseudomonadales","Pseudomonadaceae","Entomomonas"
"ASV1423","Bacteria","Proteobacteria","Sphingomonadales","Sphingomonadaceae","Sphingomonas"
"ASV1425","Bacteria","Proteobacteria","Pseudomonadales","Pseudomonadaceae","Pseudomonas"
"ASV14276","Bacteria","Proteobacteria","Enterobacterales","Morganellaceae","Morganella"
"ASV1429","Bacteria","Proteobacteria","Rhodospirillales","Acetobacteraceae","Gluconobacter"
"ASV14298","Bacteria","Firmicutes","Lactobacillales","Lactobacillaceae","Lactobacillaceae spc"
"ASV1430","Bacteria","Actinobacteria","Bifidobacteriales","Bifidobacteriaceae","Bifidobacterium"
"ASV1432","Bacteria","Firmicutes","Lactobacillales","Lactobacillaceae","Bombilactobacillus"
"ASV1433","Bacteria","Firmicutes","Clostridiales","Lachnospiraceae","Blautia"
"ASV1438","Bacteria","Tenericutes","Entomoplasmatales","Entomoplasmataceae","Mesoplasma"
"ASV1439","Bacteria","Proteobacteria","Pseudomonadales","Moraxellaceae","Acinetobacter"
"ASV144","Bacteria","Proteobacteria","Enterobacterales","Enterobacteriaceae","Raoultella"
"ASV1440","Bacteria","Proteobacteria","Desulfovibrionales","Desulfovibrionaceae","Desulfovibrio"
"ASV14406","Bacteria","Firmicutes","Lactobacillales","Lactobacillaceae","Leuconostoc"
"ASV1441","Bacteria","Actinobacteria","Bifidobacteriales","Bifidobacteriaceae","Bifidobacterium"
"ASV1442","Bacteria","Firmicutes","Selenomonadales","Selenomonadaceae","Anaerovibrio"
"ASV1444","Bacteria","Actinobacteria","Bifidobacteriales","Bifidobacteriaceae","Bifidobacterium"
"ASV14450","Bacteria","Proteobacteria","Pseudomonadales","Pseudomonadaceae","Pseudomonas"
"ASV1446","Bacteria","Proteobacteria","Xanthomonadales","Xanthomonadaceae","Stenotrophomonas"
"ASV145","Bacteria","Tenericutes","Entomoplasmatales","Spiroplasmataceae","Spiroplasma"
"ASV1450","Bacteria","Firmicutes","Bacillales","Bacillaceae","Bacillus"
"ASV14505","Bacteria","Actinobacteria","Bifidobacteriales","Bifidobacteriaceae","Bifidobacterium"
"ASV1455","Bacteria","Proteobacteria","Rhodospirillales","Acetobacteraceae","Acidomonas"
"ASV14553","Bacteria","Proteobacteria","Rhodospirillales","Acetobacteraceae","Komagataeibacter"
"ASV1458","Bacteria","Actinobacteria","Bifidobacteriales","Bifidobacteriaceae","Bifidobacterium"
"ASV14591","Bacteria","Firmicutes","Lactobacillales","Lactobacillaceae","Fructobacillus"
"ASV1464","Bacteria","Proteobacteria","Xanthomonadales","Rhodanobacteraceae","Luteibacter"
"ASV1466","Bacteria","Firmicutes","Lactobacillales","Streptococcaceae","Lactococcus"
"ASV1467","Bacteria","Firmicutes","Lactobacillales","Lactobacillaceae","Paucilactobacillus"
"ASV1469","Bacteria","Bacteroidetes","Bacteroidales","Prevotellaceae","Prevotella"
"ASV14693","Bacteria","Firmicutes","Lactobacillales","Lactobacillaceae","Lactobacillus"
"ASV147","Bacteria","Firmicutes","Lactobacillales","Lactobacillaceae","Apilactobacillus"
"ASV1470","Bacteria","Actinobacteria","Mycobacteriales","Mycobacteriaceae","Mycobacterium"
"ASV14711","Bacteria","Firmicutes","Lactobacillales","Enterococcaceae","Enterococcus"
"ASV1472","Bacteria","Bacteroidetes","Bacteroidales","Prevotellaceae","Prevotella"
"ASV1473","Bacteria","Firmicutes","Veillonellales","Veillonellaceae","Veillonella"
"ASV1476","Bacteria","Firmicutes","Lactobacillales","Lactobacillaceae","Lactobacillus"
"ASV1480","Bacteria","Firmicutes","Clostridiales","Ruminococcaceae","Ruminococcaceae spc"
"ASV1483","Bacteria","Actinobacteria","Micrococcales","Dermabacteraceae","Brachybacterium"
"ASV1484","Bacteria","Proteobacteria","Rhizobiales","Bradyrhizobiaceae","Bradyrhizobium"
"ASV1489","Bacteria","Proteobacteria","Rickettsiales","Anaplasmataceae","Wolbachia"
"ASV149","Bacteria","Proteobacteria","Pseudomonadales","Pseudomonadaceae","Stutzerimonas"
"ASV1491","Bacteria","Proteobacteria","Xanthomonadales","Xanthomonadaceae","Stenotrophomonas"
"ASV14936","Bacteria","Firmicutes","Selenomonadales","Selenomonadaceae","Selenomonadaceae spc"
"ASV14962","Bacteria","Firmicutes","Firmicutes spc","Firmicutes spc","Firmicutes spc"
"ASV14999","Bacteria","Firmicutes","Lactobacillales","Enterococcaceae","Enterococcus"
"ASV15","Bacteria","Proteobacteria","Rickettsiales","Anaplasmataceae","Wolbachia"
"ASV150","Bacteria","Firmicutes","Bacillales","Planococcaceae","Metalysinibacillus"
"ASV1502","Bacteria","Proteobacteria","Rhodospirillales","Acetobacteraceae","Acetobacter"
"ASV1503","Bacteria","Bacteroidetes","Bacteroidales","Prevotellaceae","Prevotella"
"ASV1505","Bacteria","Actinobacteria","Coriobacteriales","Atopobiaceae","Atopobiaceae spc"
"ASV15121","Bacteria","Firmicutes","Lactobacillales","Lactobacillaceae","Lactobacillus"
"ASV15128","Bacteria","Firmicutes","Lactobacillales","Lactobacillaceae","Lactobacillaceae spc"
"ASV1519","Bacteria","Firmicutes","Lactobacillales","Streptococcaceae","Lactococcus"
"ASV152","Bacteria","Proteobacteria","Enterobacterales","Erwiniaceae","Pantoea"
"ASV1521","Bacteria","Bacteroidetes","Bacteroidales","Prevotellaceae","Prevotellamassilia"
"ASV15235","Bacteria","Proteobacteria","Rhodospirillales","Acetobacteraceae","Commensalibacter"
"ASV1526","Bacteria","Actinobacteria","Micrococcales","Microbacteriaceae","Leucobacter"
"ASV15277","Bacteria","Proteobacteria","Neisseriales","Neisseriaceae","Neisseriaceae spc"
"ASV153","Bacteria","Proteobacteria","Orbales","Orbaceae","Gilliamella"
"ASV15314","Bacteria","Proteobacteria","Proteobacteria spc","Proteobacteria spc","Proteobacteria spc"
"ASV1536","Bacteria","Proteobacteria","Xanthomonadales","Rhodanobacteraceae","Luteibacter"
"ASV154","Bacteria","Firmicutes","Lactobacillales","Lactobacillaceae","Holzapfelia"
"ASV15401","Bacteria","Proteobacteria","Pseudomonadales","Moraxellaceae","Acinetobacter"
"ASV1543","Bacteria","Proteobacteria","Rickettsiales","Anaplasmataceae","Wolbachia"
"ASV1547","Bacteria","Firmicutes","Lactobacillales","Lactobacillaceae","Pediococcus"
"ASV1549","Bacteria","Actinobacteria","Coriobacteriales","Atopobiaceae","Atopobiaceae spc"
"ASV1550","Bacteria","Firmicutes","Lactobacillales","Lactobacillaceae","Lactobacillus"
"ASV1554","Bacteria","Actinobacteria","Bifidobacteriales","Bifidobacteriaceae","Bifidobacterium"
"ASV15550","Bacteria","Proteobacteria","Rhodospirillales","Acetobacteraceae","Saccharibacter"
"ASV1559","Bacteria","Proteobacteria","Rhizobiales","Rhizobiales spc","Rhizobiales spc"
"ASV156","Bacteria","Proteobacteria","Pseudomonadales","Moraxellaceae","Acinetobacter"
"ASV1560","Bacteria","Proteobacteria","Enterobacterales","Pectobacteriaceae","Sodalis"
"ASV1561","Bacteria","Actinobacteria","Micrococcales","Micrococcaceae","Rothia"
"ASV15611","Bacteria","Actinobacteria","Bifidobacteriales","Bifidobacteriaceae","Bifidobacterium"
"ASV1562","Bacteria","Proteobacteria","Rhodospirillales","Acetobacteraceae","Acetobacteraceae spc"
"ASV1568","Bacteria","Proteobacteria","Rhodospirillales","Acetobacteraceae","Commensalibacter"
"ASV1569","Bacteria","Bacteroidetes","Flavobacteriales","Weeksellaceae","Empedobacter"
"ASV15693","Bacteria","Proteobacteria","Pseudomonadales","Pseudomonadaceae","Pseudomonas"
"ASV157","Bacteria","Proteobacteria","Rhodospirillales","Acetobacteraceae","Commensalibacter"
"ASV15721","Bacteria","Firmicutes","Lactobacillales","Lactobacillales spc","Lactobacillales spc"
"ASV1575","Bacteria","Firmicutes","Clostridiales","Clostridiaceae","Clostridium"
"ASV15752","Bacteria","Firmicutes","Lactobacillales","Enterococcaceae","Enterococcus"
"ASV1577","Bacteria","Firmicutes","Clostridiales","Ruminococcaceae","Faecalibacterium"
"ASV1579","Bacteria","Proteobacteria","Rhizobiales","Bradyrhizobiaceae","Rhodoplanes"
"ASV158","Bacteria","Proteobacteria","Oceanospirillales","Halomonadaceae","Halotalea"
"ASV1581","Bacteria","Proteobacteria","Rickettsiales","Anaplasmataceae","Wolbachia"
"ASV1582","Bacteria","Proteobacteria","Rhodospirillales","Rhodospirillales spc","Rhodospirillales spc"
"ASV1583","Bacteria","Firmicutes","Veillonellales","Veillonellaceae","Megasphaera"
"ASV1589","Bacteria","Proteobacteria","Rhodospirillales","Acetobacteraceae","Endobacter"
"ASV1593","Bacteria","Bacteroidetes","Flavobacteriales","Weeksellaceae","Chryseobacterium"
"ASV1596","Bacteria","Proteobacteria","Rhizobiales","Rhizobiales spc","Rhizobiales spc"
"ASV1598","Bacteria","Proteobacteria","Xanthomonadales","Xanthomonadaceae","Stenotrophomonas"
"ASV1599","Bacteria","Proteobacteria","Rhodospirillales","Acetobacteraceae","Tanticharoenia"
"ASV16","Bacteria","Proteobacteria","Enterobacterales","Hafniaceae","Hafnia"
"ASV160","Bacteria","Proteobacteria","Pseudomonadales","Pseudomonadaceae","Pseudomonas"
"ASV1607","Bacteria","Firmicutes","Clostridiales","Ruminococcaceae","Ruminococcaceae spc"
"ASV161","Bacteria","Proteobacteria","Enterobacterales","Pectobacteriaceae","Sodalis"
"ASV16125","Bacteria","Firmicutes","Lactobacillales","Lactobacillaceae","Liquorilactobacillus"
"ASV162","Bacteria","Firmicutes","Lactobacillales","Lactobacillaceae","Lactobacillus"
"ASV1624","Bacteria","Proteobacteria","Xanthomonadales","Xanthomonadaceae","Wohlfahrtiimonas"
"ASV1628","Bacteria","Firmicutes","Lactobacillales","Enterococcaceae","Vagococcus"
"ASV1629","Bacteria","Firmicutes","Lactobacillales","Lactobacillaceae","Lactobacillus"
"ASV163","Bacteria","Bacteroidetes","Flavobacteriales","Weeksellaceae","Apibacter"
"ASV1636","Bacteria","Firmicutes","Clostridiales","Clostridiaceae","Clostridium"
"ASV1638","Bacteria","Proteobacteria","Rhodospirillales","Acetobacteraceae","Acetobacter"
"ASV16380","Bacteria","Firmicutes","Firmicutes spc","Firmicutes spc","Firmicutes spc"
"ASV164","Bacteria","Proteobacteria","Rickettsiales","Rickettsiaceae","Rickettsia"
"ASV1640","Bacteria","Actinobacteria","Bifidobacteriales","Bifidobacteriaceae","Alloscardovia"
"ASV16404","Bacteria","Proteobacteria","Rickettsiales","Anaplasmataceae","Wolbachia"
"ASV1641","Bacteria","Firmicutes","Clostridiales","Ruminococcaceae","Ruminococcaceae spc"
"ASV16416","Bacteria","Firmicutes","Lactobacillales","Lactobacillaceae","Lactobacillus"
"ASV1642","Bacteria","Bacteroidetes","Sphingobacteriales","Sphingobacteriaceae","Sphingobacterium"
"ASV1643","Bacteria","Proteobacteria","Oceanospirillales","Halomonadaceae","Halotalea"
"ASV1644","Bacteria","Bacteroidetes","Bacteroidales","Prevotellaceae","Prevotella"
"ASV16456","Bacteria","Proteobacteria","Orbales","Orbaceae","Orbus"
"ASV16471","Bacteria","Proteobacteria","Proteobacteria spc","Proteobacteria spc","Proteobacteria spc"
"ASV165","Bacteria","Actinobacteria","Bifidobacteriales","Bifidobacteriaceae","Bifidobacterium"
"ASV1652","Bacteria","Tenericutes","Entomoplasmatales","Spiroplasmataceae","Spiroplasma"
"ASV1653","Bacteria","Firmicutes","Bacillales","Planococcaceae","Kurthia"
"ASV166","Bacteria","Proteobacteria","Rhodospirillales","Acetobacteraceae","Bombella"
"ASV1661","Bacteria","Bacteroidetes","Flavobacteriales","Weeksellaceae","Chryseobacterium"
"ASV1662","Bacteria","Bacteroidetes","Bacteroidales","Prevotellaceae","Prevotella"
"ASV1668","Bacteria","Bacteroidetes","Flavobacteriales","Weeksellaceae","Chryseobacterium"
"ASV16687","Bacteria","Actinobacteria","Bifidobacteriales","Bifidobacteriaceae","Bifidobacterium"
"ASV1669","Bacteria","Firmicutes","Selenomonadales","Selenomonadaceae","Megamonas"
"ASV167","Bacteria","Proteobacteria","Enterobacterales","Enterobacteriaceae","Pluralibacter"
"ASV1672","Bacteria","Proteobacteria","Rhizobiales","Rhizobiaceae","Agrobacterium"
"ASV1674","Bacteria","Firmicutes","Veillonellales","Veillonellaceae","Megasphaera"
"ASV1677","Bacteria","Firmicutes","Lactobacillales","Lactobacillaceae","Lactobacillaceae spc"
"ASV1678","Bacteria","Bacteroidetes","Bacteroidales","Dysgonomonadaceae","Dysgonomonas"
"ASV168","Bacteria","Firmicutes","Lactobacillales","Lactobacillaceae","Lactobacillus"
"ASV1680","Bacteria","Proteobacteria","Rhodospirillales","Acetobacteraceae","Saccharibacter"
"ASV16824","Bacteria","Proteobacteria","Neisseriales","Neisseriaceae","Neisseriaceae spc"
"ASV1683","Bacteria","Proteobacteria","Burkholderiales","Burkholderiaceae","Burkholderia"
"ASV1685","Bacteria","Proteobacteria","Rhizobiales","Methylobacteriaceae","Methylobacterium"
"ASV169","Bacteria","Proteobacteria","Rhodospirillales","Acetobacteraceae","Swaminathania"
"ASV1693","Bacteria","Proteobacteria","Burkholderiales","Comamonadaceae","Comamonas"
"ASV16954","Bacteria","Firmicutes","Firmicutes spc","Firmicutes spc","Firmicutes spc"
"ASV1697","Bacteria","Verrucomicrobia","Chthoniobacterales","Chthoniobacteraceae","Chthoniobacteraceae family"
"ASV1699","Bacteria","Firmicutes","Veillonellales","Veillonellaceae","Veillonella"
"ASV16997","Bacteria","Proteobacteria","Enterobacterales","Yersiniaceae","Serratia"
"ASV17","Bacteria","Firmicutes","Lactobacillales","Lactobacillaceae","Apilactobacillus"
"ASV170","Bacteria","Proteobacteria","Pseudomonadales","Moraxellaceae","Acinetobacter"
"ASV1700","Bacteria","Actinobacteria","Micrococcales","Dermabacteraceae","Brachybacterium"
"ASV17010","Bacteria","Actinobacteria","Bifidobacteriales","Bifidobacteriaceae","Bifidobacteriaceae spc"
"ASV1705","Bacteria","Proteobacteria","Rhizobiales","Bradyrhizobiaceae","Rhodoplanes"
"ASV1706","Bacteria","Firmicutes","Clostridiales","Ruminococcaceae","Ruminococcaceae spc"
"ASV171","Bacteria","Firmicutes","Lactobacillales","Lactobacillaceae","Fructobacillus"
"ASV17102","Bacteria","Proteobacteria","Rickettsiales","Anaplasmataceae","Wolbachia"
"ASV1711","Bacteria","Tenericutes","Entomoplasmatales","Spiroplasmataceae","Spiroplasma"
"ASV17111","Bacteria","Proteobacteria","Enterobacterales","Yersiniaceae","Serratia"
"ASV1712","Bacteria","Firmicutes","Clostridiales","Ruminococcaceae","Faecalibacterium"
"ASV17146","Bacteria","Firmicutes","Lactobacillales","Lactobacillaceae","Fructobacillus"
"ASV1715","Bacteria","Proteobacteria","Sphingomonadales","Erythrobacteraceae","Novosphingobium"
"ASV17167","Bacteria","Firmicutes","Lactobacillales","Lactobacillaceae","Lactobacillus"
"ASV1717","Bacteria","Actinobacteria","Mycobacteriales","Mycobacteriaceae","Mycobacterium"
"ASV1718","Bacteria","Firmicutes","Clostridiales","Ruminococcaceae","Ruminococcaceae spc"
"ASV17193","Bacteria","Firmicutes","Lactobacillales","Lactobacillaceae","Liquorilactobacillus"
"ASV17237","Bacteria","Actinobacteria","Bifidobacteriales","Bifidobacteriaceae","Bifidobacterium"
"ASV1724","Bacteria","Proteobacteria","Enterobacterales","Pectobacteriaceae","Sodalis"
"ASV1725","Bacteria","Firmicutes","Lactobacillales","Streptococcaceae","Floricoccus"
"ASV1726","Bacteria","Actinobacteria","Coriobacteriales","Atopobiaceae","Olsenella"
"ASV1727","Bacteria","Firmicutes","Lactobacillales","Lactobacillaceae","Limosilactobacillus"
"ASV1729","Bacteria","Proteobacteria","Burkholderiales","Comamonadaceae","Xenophilus"
"ASV173","Bacteria","Proteobacteria","Rhodospirillales","Acetobacteraceae","Formicincola"
"ASV17331","Bacteria","Firmicutes","Lactobacillales","Lactobacillaceae","Fructobacillus"
"ASV17350","Bacteria","Proteobacteria","Proteobacteria spc","Proteobacteria spc","Proteobacteria spc"
"ASV1739","Bacteria","Proteobacteria","Rickettsiales","Anaplasmataceae","Wolbachia"
"ASV17398","Bacteria","Proteobacteria","Enterobacterales","Enterobacteriaceae","Raoultella"
"ASV174","Bacteria","Firmicutes","Lactobacillales","Lactobacillaceae","Bombilactobacillus"
"ASV1748","Bacteria","Proteobacteria","Rickettsiales","Anaplasmataceae","Wolbachia"
"ASV17486","Bacteria","Actinobacteria","Bifidobacteriales","Bifidobacteriaceae","Bifidobacterium"
"ASV1750","Bacteria","Firmicutes","Clostridiales","Ruminococcaceae","Ruminococcaceae spc"
"ASV1753","Bacteria","Proteobacteria","Pseudomonadales","Moraxellaceae","Acinetobacter"
"ASV1754","Bacteria","Proteobacteria","Oceanospirillales","Halomonadaceae","Zymobacter"
"ASV176","Bacteria","Proteobacteria","Enterobacterales","Enterobacteriaceae","Pluralibacter"
"ASV1762","Bacteria","Proteobacteria","Rhodospirillales","Acetobacteraceae","Endobacter"
"ASV1769","Bacteria","Proteobacteria","Enterobacterales","Enterobacteriaceae","Mangrovibacter"
"ASV177","Bacteria","Bacteroidetes","Bacteroidales","Dysgonomonadaceae","Dysgonomonas"
"ASV1775","Bacteria","Proteobacteria","Pseudomonadales","Moraxellaceae","Acinetobacter"
"ASV1776","Bacteria","Proteobacteria","Proteobacteria spc","Proteobacteria spc","Proteobacteria spc"
"ASV17778","Bacteria","Proteobacteria","Rickettsiales","Anaplasmataceae","Wolbachia"
"ASV1781","Bacteria","Actinobacteria","Mycobacteriales","Mycobacteriaceae","Mycobacterium"
"ASV1789","Bacteria","Bacteroidetes","Bacteroidetes spc","Bacteroidetes spc","Bacteroidetes spc"
"ASV179","Bacteria","Proteobacteria","Enterobacterales","Erwiniaceae","Pantoea"
"ASV17900","Bacteria","Firmicutes","Firmicutes spc","Firmicutes spc","Firmicutes spc"
"ASV17925","Bacteria","Proteobacteria","Enterobacterales","Erwiniaceae","Tatumella"
"ASV18","Bacteria","Proteobacteria","Rhodospirillales","Acetobacteraceae","Commensalibacter"
"ASV180","Bacteria","Proteobacteria","Orbales","Orbaceae","Gilliamella"
"ASV1801","Bacteria","Proteobacteria","Rhodospirillales","Acetobacteraceae","Commensalibacter"
"ASV1808","Bacteria","Proteobacteria","Rickettsiales","Anaplasmataceae","Wolbachia"
"ASV181","Bacteria","Firmicutes","Acidaminococcales","Acidaminococcaceae","Phascolarctobacterium"
"ASV1811","Bacteria","Proteobacteria","Pseudomonadales","Moraxellaceae","Acinetobacter"
"ASV182","Bacteria","Firmicutes","Lactobacillales","Lactobacillaceae","Bombilactobacillus"
"ASV18206","Bacteria","Proteobacteria","Oceanospirillales","Halomonadaceae","Halomonadaceae spc"
"ASV18213","Bacteria","Firmicutes","Clostridiales","Peptoniphilaceae","Peptoniphilus"
"ASV18237","Bacteria","Proteobacteria","Proteobacteria spc","Proteobacteria spc","Proteobacteria spc"
"ASV18253","Bacteria","Firmicutes","Bacillales","Bacillaceae","Alkalihalobacillus"
"ASV18270","Bacteria","Proteobacteria","Pseudomonadales","Pseudomonadaceae","Pseudomonas"
"ASV1828","Bacteria","Proteobacteria","Rhodospirillales","Acetobacteraceae","Acetobacteraceae spc"
"ASV1829","Bacteria","Campilobacterota","Campylobacterales","Arcobacteraceae","Aliarcobacter"
"ASV183","Bacteria","Proteobacteria","Rhodospirillales","Acetobacteraceae","Saccharibacter"
"ASV1835","Bacteria","Proteobacteria","Enterobacterales","Pectobacteriaceae","Sodalis"
"ASV1839","Bacteria","Bacteroidetes","Flavobacteriales","Flavobacteriaceae","Myroides"
"ASV184","Bacteria","Firmicutes","Selenomonadales","Selenomonadaceae","Pectinatus"
"ASV1842","Bacteria","Proteobacteria","Sphingomonadales","Sphingomonadaceae","Sphingomonas"
"ASV18432","Bacteria","Firmicutes","Lactobacillales","Streptococcaceae","Lactococcus"
"ASV18436","Bacteria","Proteobacteria","Pseudomonadales","Moraxellaceae","Acinetobacter"
"ASV1847","Bacteria","Proteobacteria","Xanthomonadales","Xanthomonadaceae","Xanthomonas"
"ASV18476","Bacteria","Firmicutes","Selenomonadales","Selenomonadaceae","Selenomonadaceae spc"
"ASV185","Bacteria","Proteobacteria","Enterobacterales","Enterobacteriaceae","Biostraticola"
"ASV1851","Bacteria","Spirochaetes","Spirochaetales","Spirochaetaceae","Treponema"
"ASV18545","Bacteria","Proteobacteria","Enterobacterales","Enterobacterales spc","Enterobacterales spc"
"ASV186","Bacteria","Actinobacteria","Micrococcales","Micrococcaceae","Arthrobacter"
"ASV1861","Bacteria","Proteobacteria","Burkholderiales","Oxalobacteraceae","Massilia"
"ASV1863","Bacteria","Proteobacteria","Rhizobiales","Phyllobacteriaceae","Mesorhizobium"
"ASV1866","Bacteria","Firmicutes","Lactobacillales","Lactobacillaceae","Liquorilactobacillus"
"ASV1869","Bacteria","Firmicutes","Lactobacillales","Lactobacillaceae","Lacticaseibacillus"
"ASV18693","Bacteria","Proteobacteria","Pseudomonadales","Moraxellaceae","Acinetobacter"
"ASV187","Bacteria","Firmicutes","Clostridiales","Clostridiaceae","Hathewaya"
"ASV1871","Bacteria","Proteobacteria","Enterobacterales","Pectobacteriaceae","Sodalis"
"ASV18755","Bacteria","Firmicutes","Lactobacillales","Lactobacillaceae","Lactobacillus"
"ASV18758","Bacteria","Proteobacteria","Orbales","Orbaceae","Frischella"
"ASV1877","Bacteria","Proteobacteria","Rhizobiales","Bradyrhizobiaceae","Bradyrhizobium"
"ASV188","Bacteria","Proteobacteria","Rhodospirillales","Acetobacteraceae","Commensalibacter"
"ASV1882","Bacteria","Firmicutes","Lactobacillales","Lactobacillaceae","Lactobacillus"
"ASV18828","Bacteria","Bacteroidetes","Bacteroidales","Prevotellaceae","Prevotellamassilia"
"ASV18829","Bacteria","Firmicutes","Lactobacillales","Lactobacillaceae","Leuconostoc"
"ASV1886","Bacteria","Firmicutes","Lactobacillales","Lactobacillaceae","Lactobacillus"
"ASV189","Bacteria","Proteobacteria","Rickettsiales","Anaplasmataceae","Wolbachia"
"ASV18904","Bacteria","Proteobacteria","Enterobacterales","Erwiniaceae","Tatumella"
"ASV18923","Bacteria","Firmicutes","Firmicutes spc","Firmicutes spc","Firmicutes spc"
"ASV1894","Bacteria","Tenericutes","Entomoplasmatales","Spiroplasmataceae","Spiroplasma"
"ASV18945","Bacteria","Firmicutes","Selenomonadales","Selenomonadaceae","Selenomonadaceae spc"
"ASV1895","Bacteria","Proteobacteria","Burkholderiales","Comamonadaceae","Lampropedia"
"ASV1896","Bacteria","Firmicutes","Lactobacillales","Lactobacillaceae","Lactobacillaceae spc"
"ASV1897","Bacteria","Bacteroidetes","Bacteroidales","Prevotellaceae","Prevotella"
"ASV1898","Bacteria","Proteobacteria","Pseudomonadales","Moraxellaceae","Acinetobacter"
"ASV1899","Bacteria","Bacteroidetes","Bacteroidales","Prevotellaceae","Prevotella"
"ASV18996","Bacteria","Proteobacteria","Orbales","Orbaceae","Gilliamella"
"ASV19","Bacteria","Proteobacteria","Enterobacterales","Enterobacteriaceae","Pseudescherichia"
"ASV190","Bacteria","Proteobacteria","Rhodospirillales","Acetobacteraceae","Commensalibacter"
"ASV1902","Bacteria","Proteobacteria","Rhodospirillales","Acetobacteraceae","Tanticharoenia"
"ASV19038","Bacteria","Proteobacteria","Pseudomonadales","Pseudomonadaceae","Pseudomonas"
"ASV19039","Bacteria","Proteobacteria","Pseudomonadales","Moraxellaceae","Acinetobacter"
"ASV1906","Bacteria","Firmicutes","Selenomonadales","Selenomonadaceae","Selenomonadaceae spc"
"ASV19074","Bacteria","Proteobacteria","Pseudomonadales","Pseudomonadaceae","Pseudomonas"
"ASV19084","Bacteria","Firmicutes","Selenomonadales","Selenomonadaceae","Pectinatus"
"ASV191","Bacteria","Firmicutes","Lactobacillales","Lactobacillaceae","Weissella"
"ASV1910","Bacteria","Proteobacteria","Enterobacterales","Enterobacterales spc","Enterobacterales spc"
"ASV1911","Bacteria","Proteobacteria","Orbales","Orbaceae","Gilliamella"
"ASV1913","Bacteria","Firmicutes","Lactobacillales","Lactobacillaceae","Lactobacillaceae spc"
"ASV19176","Bacteria","Firmicutes","Bacillales","Staphylococcaceae","Staphylococcus"
"ASV1919","Bacteria","Proteobacteria","Oceanospirillales","Halomonadaceae","Candidatus-Portiera"
"ASV19190","Bacteria","Firmicutes","Lactobacillales","Lactobacillaceae","Fructobacillus"
"ASV192","Bacteria","Actinobacteria","Mycobacteriales","Corynebacteriaceae","Corynebacterium"
"ASV1921","Bacteria","Proteobacteria","Rhizobiales","Bradyrhizobiaceae","Rhodoplanes"
"ASV1924","Bacteria","Proteobacteria","Sphingomonadales","Sphingomonadaceae","Sphingomonas"
"ASV19243","Bacteria","Bacteroidetes","Flavobacteriales","Weeksellaceae","Wautersiella"
"ASV19251","Bacteria","Firmicutes","Lactobacillales","Lactobacillaceae","Bombilactobacillus"
"ASV19253","Bacteria","Proteobacteria","Neisseriales","Neisseriaceae","Snodgrassella"
"ASV193","Bacteria","Firmicutes","Bacillales","Planococcaceae","Kurthia"
"ASV19327","Bacteria","Tenericutes","Entomoplasmatales","Spiroplasmataceae","Spiroplasma"
"ASV19332","Bacteria","Firmicutes","Lactobacillales","Lactobacillaceae","Fructobacillus"
"ASV1934","Bacteria","Actinobacteria","Bifidobacteriales","Bifidobacteriaceae","Bifidobacterium"
"ASV1935","Bacteria","Actinobacteria","Bifidobacteriales","Bifidobacteriaceae","Bifidobacteriaceae spc"
"ASV1936","Bacteria","Actinobacteria","Bifidobacteriales","Bifidobacteriaceae","Bifidobacterium"
"ASV194","Bacteria","Proteobacteria","Orbales","Orbaceae","Orbus"
"ASV19410","Bacteria","Proteobacteria","Burkholderiales","Comamonadaceae","Aquabacterium"
"ASV1943","Bacteria","Actinobacteria","Mycobacteriales","Mycobacteriaceae","Mycobacterium"
"ASV1945","Bacteria","Firmicutes","Lactobacillales","Lactobacillaceae","Lactobacillus"
"ASV19475","Bacteria","Firmicutes","Lactobacillales","Lactobacillaceae","Fructobacillus"
"ASV195","Bacteria","Firmicutes","Lactobacillales","Lactobacillaceae","Fructobacillus"
"ASV1954","Bacteria","Actinobacteria","Mycobacteriales","Mycobacteriaceae","Mycobacterium"
"ASV1957","Bacteria","Actinobacteria","Mycobacteriales","Gordoniaceae","Gordonia"
"ASV1959","Bacteria","Actinobacteria","Coriobacteriales","Coriobacteriales spc","Coriobacteriales spc"
"ASV196","Bacteria","Proteobacteria","Rhodospirillales","Acetobacteraceae","Commensalibacter"
"ASV1960","Bacteria","Firmicutes","Lactobacillales","Lactobacillaceae","Lactobacillaceae spc"
"ASV1961","Bacteria","Actinobacteria","Bifidobacteriales","Bifidobacteriaceae","Bifidobacterium"
"ASV19617","Bacteria","Firmicutes","Lactobacillales","Enterococcaceae","Enterococcus"
"ASV19653","Bacteria","Firmicutes","Lactobacillales","Lactobacillaceae","Lacticaseibacillus"
"ASV19657","Bacteria","Proteobacteria","Proteobacteria spc","Proteobacteria spc","Proteobacteria spc"
"ASV1966","Bacteria","Proteobacteria","Oceanospirillales","Oceanospirillaceae","Marinospirillum"
"ASV1967","Bacteria","Proteobacteria","Rhizobiales","Rhizobiales spc","Rhizobiales spc"
"ASV1968","Bacteria","Actinobacteria","Bifidobacteriales","Bifidobacteriaceae","Bifidobacteriaceae spc"
"ASV197","Bacteria","Firmicutes","Lactobacillales","Lactobacillaceae","Lactobacillus"
"ASV19733","Bacteria","Firmicutes","Lactobacillales","Lactobacillaceae","Lactobacillus"
"ASV1974","Bacteria","Firmicutes","Lactobacillales","Lactobacillaceae","Ligilactobacillus"
"ASV1978","Bacteria","Proteobacteria","Enterobacterales","Pectobacteriaceae","Sodalis"
"ASV198","Bacteria","Proteobacteria","Oceanospirillales","Halomonadaceae","Halotalea"
"ASV1983","Bacteria","Proteobacteria","Enterobacterales","Pectobacteriaceae","Sodalis"
"ASV19835","Bacteria","Firmicutes","Firmicutes spc","Firmicutes spc","Firmicutes spc"
"ASV1989","Bacteria","Firmicutes","Veillonellales","Veillonellaceae","Megasphaera"
"ASV19892","Bacteria","Proteobacteria","Proteobacteria spc","Proteobacteria spc","Proteobacteria spc"
"ASV199","Bacteria","Firmicutes","Lactobacillales","Lactobacillaceae","Fructobacillus"
"ASV19931","Bacteria","Firmicutes","Lactobacillales","Lactobacillaceae","Lactobacillus"
"ASV1994","Bacteria","Firmicutes","Selenomonadales","Selenomonadaceae","Selenomonadaceae spc"
"ASV2","Bacteria","Firmicutes","Lactobacillales","Enterococcaceae","Enterococcus"
"ASV2001","Bacteria","Proteobacteria","Rhizobiales","Methylobacteriaceae","Methylobacterium"
"ASV20044","Bacteria","Proteobacteria","Rhizobiales","Bartonellaceae","Bartonella"
"ASV2006","Bacteria","Firmicutes","Veillonellales","Veillonellaceae","Veillonella"
"ASV20066","Bacteria","Proteobacteria","Proteobacteria spc","Proteobacteria spc","Proteobacteria spc"
"ASV2007","Bacteria","Bacteroidetes","Flavobacteriales","Weeksellaceae","Apibacter"
"ASV20071","Bacteria","Firmicutes","Lactobacillales","Streptococcaceae","Streptococcus"
"ASV201","Bacteria","Proteobacteria","Enterobacterales","Pectobacteriaceae","Sodalis"
"ASV20105","Bacteria","Proteobacteria","Pseudomonadales","Pseudomonadaceae","Pseudomonas"
"ASV202","Bacteria","Proteobacteria","Orbales","Orbaceae","Gilliamella"
"ASV2022","Bacteria","Bacteroidetes","Chitinophagales","Chitinophagaceae","Chitinophagaceae spc"
"ASV20235","Bacteria","Proteobacteria","Enterobacterales","Enterobacteriaceae","Cedecea"
"ASV2024","Bacteria","Proteobacteria","Burkholderiales","Burkholderiaceae","Burkholderia"
"ASV2029","Bacteria","Proteobacteria","Pseudomonadales","Moraxellaceae","Acinetobacter"
"ASV203","Bacteria","Actinobacteria","Bifidobacteriales","Bifidobacteriaceae","Bifidobacterium"
"ASV2034","Bacteria","Bacteroidetes","Bacteroidales","Dysgonomonadaceae","Dysgonomonas"
"ASV2037","Bacteria","Firmicutes","Lactobacillales","Enterococcaceae","Enterococcus"
"ASV2045","Bacteria","Firmicutes","Clostridiales","Clostridiaceae","Clostridium"
"ASV205","Bacteria","Firmicutes","Selenomonadales","Selenomonadaceae","Pectinatus"
"ASV2050","Bacteria","Firmicutes","Lactobacillales","Lactobacillaceae","Lactobacillus"
"ASV2051","Bacteria","Actinobacteria","Mycobacteriales","Corynebacteriaceae","Corynebacterium"
"ASV2052","Bacteria","Actinobacteria","Mycobacteriales","Mycobacteriaceae","Mycobacterium"
"ASV20569","Bacteria","Firmicutes","Lactobacillales","Lactobacillaceae","Lactobacillus"
"ASV206","Bacteria","Firmicutes","Selenomonadales","Selenomonadaceae","Pectinatus"
"ASV2064","Bacteria","Proteobacteria","Sphingomonadales","Sphingomonadaceae","Sphingomonas"
"ASV2065","Bacteria","Actinobacteria","Mycobacteriales","Mycobacteriaceae","Mycobacterium"
"ASV20655","Bacteria","Firmicutes","Lactobacillales","Lactobacillaceae","Lactobacillus"
"ASV2066","Bacteria","Firmicutes","Lactobacillales","Aerococcaceae","Aerococcus"
"ASV207","Bacteria","Firmicutes","Clostridiales","Peptostreptococcaceae","Paraclostridium"
"ASV20711","Bacteria","Firmicutes","Bacillales","Planococcaceae","Planomicrobium"
"ASV20718","Bacteria","Proteobacteria","Neisseriales","Neisseriaceae","Neisseriaceae spc"
"ASV2075","Bacteria","Actinobacteria","Coriobacteriales","Atopobiaceae","Atopobiaceae spc"
"ASV2079","Bacteria","Fusobacteria","Fusobacteriales","Fusobacteriaceae","Fusobacterium"
"ASV2082","Bacteria","Acidobacteria","Acidobacteriales","Acidobacteriaceae","Candidatus-Koribacter"
"ASV209","Bacteria","Firmicutes","Lactobacillales","Enterococcaceae","Vagococcus"
"ASV20908","Bacteria","Firmicutes","Lactobacillales","Lactobacillales spc","Lactobacillales spc"
"ASV21","Bacteria","Proteobacteria","Rhizobiales","Bartonellaceae","Bartonella"
"ASV210","Bacteria","Actinobacteria","Bifidobacteriales","Bifidobacteriaceae","Bifidobacterium"
"ASV2106","Bacteria","Proteobacteria","Rhodospirillales","Acetobacteraceae","Gluconobacter"
"ASV21083","Bacteria","Proteobacteria","Rhodospirillales","Acetobacteraceae","Saccharibacter"
"ASV211","Bacteria","Proteobacteria","Rhodospirillales","Acetobacteraceae","Commensalibacter"
"ASV21106","Bacteria","Proteobacteria","Oceanospirillales","Halomonadaceae","Halomonadaceae spc"
"ASV21109","Bacteria","Proteobacteria","Rhodospirillales","Acetobacteraceae","Saccharibacter"
"ASV21133","Bacteria","Actinobacteria","Bifidobacteriales","Bifidobacteriaceae","Bifidobacterium"
"ASV2114","Bacteria","Proteobacteria","Rhodospirillales","Acetobacteraceae","Acetobacter"
"ASV2119","Bacteria","Firmicutes","Lactobacillales","Enterococcaceae","Enterococcus"
"ASV212","Bacteria","Proteobacteria","Burkholderiales","Comamonadaceae","Comamonadaceae spc"
"ASV21208","Bacteria","Proteobacteria","Orbales","Orbaceae","Gilliamella"
"ASV2121","Bacteria","Proteobacteria","Rhodospirillales","Acetobacteraceae","Acetobacteraceae spc"
"ASV2124","Bacteria","Proteobacteria","Burkholderiales","Comamonadaceae","Aquabacterium"
"ASV21251","Bacteria","Proteobacteria","Enterobacterales","Enterobacteriaceae","Enterobacter"
"ASV2129","Bacteria","Proteobacteria","Xanthomonadales","Xanthomonadaceae","Stenotrophomonas"
"ASV213","Bacteria","Proteobacteria","Rhodospirillales","Acetobacteraceae","Oecophyllibacter"
"ASV2130","Bacteria","Proteobacteria","Rhodobacterales","Rhodobacteraceae","Paracoccus"
"ASV2134","Bacteria","Actinobacteria","Bifidobacteriales","Bifidobacteriaceae","Bifidobacterium"
"ASV21403","Bacteria","Proteobacteria","Rickettsiales","Anaplasmataceae","Wolbachia"
"ASV21408","Bacteria","Actinobacteria","Coriobacteriales","Coriobacteriales spc","Coriobacteriales spc"
"ASV21460","Bacteria","Proteobacteria","Orbales","Orbaceae","Orbaceae spc"
"ASV21478","Bacteria","Proteobacteria","Enterobacterales","Enterobacteriaceae","Enterobacter"
"ASV21481","Bacteria","Firmicutes","Lactobacillales","Lactobacillaceae","Lactobacillus"
"ASV2149","Bacteria","Proteobacteria","Proteobacteria spc","Proteobacteria spc","Proteobacteria spc"
"ASV215","Bacteria","Firmicutes","Selenomonadales","Selenomonadaceae","Pectinatus"
"ASV2152","Bacteria","Proteobacteria","Oceanospirillales","Halomonadaceae","Halotalea"
"ASV216","Bacteria","Proteobacteria","Oceanospirillales","Halomonadaceae","Carnimonas"
"ASV2166","Bacteria","Bacteroidetes","Bacteroidales","Bacteroidaceae","Bacteroides"
"ASV2167","Bacteria","Bacteroidetes","Flavobacteriales","Flavobacteriaceae","Myroides"
"ASV21682","Bacteria","Firmicutes","Lactobacillales","Lactobacillaceae","Lactobacillus"
"ASV217","Bacteria","Proteobacteria","Orbales","Orbaceae","Gilliamella"
"ASV2171","Bacteria","Firmicutes","Lactobacillales","Lactobacillales spc","Lactobacillales spc"
"ASV2172","Bacteria","Tenericutes","Entomoplasmatales","Spiroplasmataceae","Spiroplasma"
"ASV2179","Bacteria","Bacteroidetes","Bacteroidales","Prevotellaceae","Prevotella"
"ASV21799","Bacteria","Proteobacteria","Proteobacteria spc","Proteobacteria spc","Proteobacteria spc"
"ASV2180","Bacteria","Firmicutes","Lactobacillales","Lactobacillaceae","Lactiplantibacillus"
"ASV2181","Bacteria","Proteobacteria","Pseudomonadales","Pseudomonadaceae","Pseudomonas"
"ASV2185","Bacteria","Proteobacteria","Rhodospirillales","Acetobacteraceae","Saccharibacter"
"ASV2186","Bacteria","Bacteroidetes","Flavobacteriales","Flavobacteriaceae","Faecalibacter"
"ASV2189","Bacteria","Proteobacteria","Rickettsiales","Anaplasmataceae","Wolbachia"
"ASV219","Bacteria","Proteobacteria","Pseudomonadales","Pseudomonadaceae","Pseudomonas"
"ASV21903","Bacteria","Firmicutes","Firmicutes spc","Firmicutes spc","Firmicutes spc"
"ASV21904","Bacteria","Firmicutes","Lactobacillales","Lactobacillaceae","Fructobacillus"
"ASV2191","Bacteria","Actinobacteria","Bifidobacteriales","Bifidobacteriaceae","Bifidobacterium"
"ASV2195","Bacteria","Proteobacteria","Pseudomonadales","Pseudomonadaceae","Pseudomonas"
"ASV21979","Bacteria","Firmicutes","Lactobacillales","Lactobacillaceae","Lactobacillaceae spc"
"ASV2199","Bacteria","Firmicutes","Lactobacillales","Lactobacillaceae","Lactobacillus"
"ASV22","Bacteria","Proteobacteria","Neisseriales","Neisseriaceae","Snodgrassella"
"ASV220","Bacteria","Proteobacteria","Enterobacterales","Pectobacteriaceae","Sodalis"
"ASV22026","Bacteria","Firmicutes","Firmicutes spc","Firmicutes spc","Firmicutes spc"
"ASV2207","Bacteria","Acidobacteria","Acidobacteriales","Acidobacteriaceae","Candidatus-Koribacter"
"ASV22075","Bacteria","Firmicutes","Lactobacillales","Lactobacillaceae","Lactobacillaceae spc"
"ASV2209","Bacteria","Firmicutes","Bacillales","Bacillaceae","Bacillus"
"ASV22100","Bacteria","Actinobacteria","Mycobacteriales","Corynebacteriaceae","Corynebacterium"
"ASV2212","Bacteria","Bacteroidetes","Bacteroidales","Dysgonomonadaceae","Dysgonomonas"
"ASV2213","Bacteria","Actinobacteria","Coriobacteriales","Atopobiaceae","Atopobiaceae spc"
"ASV2218","Bacteria","Actinobacteria","Coriobacteriales","Coriobacteriales spc","Coriobacteriales spc"
"ASV222","Bacteria","Firmicutes","Lactobacillales","Lactobacillaceae","Fructobacillus"
"ASV22208","Bacteria","Proteobacteria","Proteobacteria spc","Proteobacteria spc","Proteobacteria spc"
"ASV2224","Bacteria","Proteobacteria","Rhizobiales","Rhizobiaceae","Neorhizobium"
"ASV223","Bacteria","Proteobacteria","Caulobacterales","Caulobacteraceae","Brevundimonas"
"ASV2232","Bacteria","Firmicutes","Clostridiales","Peptoniphilaceae","Peptoniphilus"
"ASV22347","Bacteria","Firmicutes","Lactobacillales","Lactobacillales spc","Lactobacillales spc"
"ASV22348","Bacteria","Proteobacteria","Pseudomonadales","Pseudomonadaceae","Pseudomonas"
"ASV22357","Bacteria","Proteobacteria","Rhodospirillales","Acetobacteraceae","Commensalibacter"
"ASV2237","Bacteria","Bacteroidetes","Bacteroidales","Prevotellaceae","Prevotella"
"ASV2238","Bacteria","Actinobacteria","Bifidobacteriales","Bifidobacteriaceae","Bifidobacterium"
"ASV224","Bacteria","Bacteroidetes","Bacteroidales","Dysgonomonadaceae","Dysgonomonas"
"ASV22407","Bacteria","Proteobacteria","Proteobacteria spc","Proteobacteria spc","Proteobacteria spc"
"ASV2243","Bacteria","Firmicutes","Bacillales","Planococcaceae","Solibacillus"
"ASV2244","Bacteria","Firmicutes","Clostridiales","Tissierellaceae","Tissierella"
"ASV2245","Bacteria","Bacteroidetes","Flavobacteriales","Flavobacteriaceae","Myroides"
"ASV2246","Bacteria","Firmicutes","Clostridiales","Tissierellaceae","Tissierella"
"ASV22498","Bacteria","Firmicutes","Lactobacillales","Lactobacillaceae","Paucilactobacillus"
"ASV225","Bacteria","Proteobacteria","Oceanospirillales","Halomonadaceae","Halotalea"
"ASV22501","Bacteria","Proteobacteria","Rhodospirillales","Acetobacteraceae","Commensalibacter"
"ASV2254","Bacteria","Proteobacteria","Hyphomicrobiales","Lichenibacteriaceae","Lichenibacteriaceae spc"
"ASV2255","Bacteria","Proteobacteria","Pseudomonadales","Moraxellaceae","Acinetobacter"
"ASV2257","Bacteria","Bacteroidetes","Flavobacteriales","Weeksellaceae","Empedobacter"
"ASV226","Bacteria","Proteobacteria","Enterobacterales","Pectobacteriaceae","Sodalis"
"ASV2260","Bacteria","Proteobacteria","Oceanospirillales","Halomonadaceae","Halotalea"
"ASV2265","Bacteria","Proteobacteria","Pseudomonadales","Pseudomonadaceae","Pseudomonas"
"ASV22652","Bacteria","Firmicutes","Lactobacillales","Lactobacillales spc","Lactobacillales spc"
"ASV22677","Bacteria","Firmicutes","Firmicutes spc","Firmicutes spc","Firmicutes spc"
"ASV2269","Bacteria","Firmicutes","Lactobacillales","Lactobacillaceae","Lactiplantibacillus"
"ASV227","Bacteria","Proteobacteria","Rhizobiales","Methylobacteriaceae","Methylobacterium"
"ASV22720","Bacteria","Firmicutes","Lactobacillales","Lactobacillaceae","Lactobacillaceae spc"
"ASV22754","Bacteria","Firmicutes","Lactobacillales","Lactobacillaceae","Lactobacillaceae spc"
"ASV2277","Bacteria","Bacteroidetes","Bacteroidales","Prevotellaceae","Prevotella"
"ASV22789","Bacteria","Firmicutes","Firmicutes spc","Firmicutes spc","Firmicutes spc"
"ASV228","Bacteria","Proteobacteria","Enterobacterales","Erwiniaceae","Erwiniaceae spc"
"ASV22832","Bacteria","Firmicutes","Lactobacillales","Streptococcaceae","Lactococcus"
"ASV2284","Bacteria","Bacteroidetes","Bacteroidales","Prevotellaceae","Prevotellamassilia"
"ASV22842","Bacteria","Proteobacteria","Pseudomonadales","Pseudomonadaceae","Pseudomonas"
"ASV22856","Bacteria","Proteobacteria","Pseudomonadales","Pseudomonadaceae","Pseudomonas"
"ASV2288","Bacteria","Firmicutes","Clostridiales","Ruminococcaceae","Ruminococcaceae spc"
"ASV229","Bacteria","Proteobacteria","Rhodospirillales","Acetobacteraceae","Saccharibacter"
"ASV2290","Bacteria","Proteobacteria","Neisseriales","Neisseriaceae","Neisseriaceae spc"
"ASV23","Bacteria","Firmicutes","Lactobacillales","Carnobacteriaceae","Carnobacterium"
"ASV230","Bacteria","Firmicutes","Lactobacillales","Lactobacillaceae","Fructobacillus"
"ASV2304","Bacteria","Firmicutes","Lactobacillales","Lactobacillaceae","Lactobacillus"
"ASV23057","Bacteria","Proteobacteria","Pseudomonadales","Moraxellaceae","Acinetobacter"
"ASV23068","Bacteria","Proteobacteria","Rhodospirillales","Acetobacteraceae","Saccharibacter"
"ASV23071","Bacteria","Proteobacteria","Oceanospirillales","Halomonadaceae","Halomonadaceae spc"
"ASV23083","Bacteria","Proteobacteria","Proteobacteria spc","Proteobacteria spc","Proteobacteria spc"
"ASV2309","Bacteria","Proteobacteria","Pseudomonadales","Pseudomonadaceae","Pseudomonas"
"ASV231","Bacteria","Proteobacteria","Neisseriales","Neisseriaceae","Snodgrassella"
"ASV23110","Bacteria","Firmicutes","Lactobacillales","Lactobacillaceae","Lactobacillus"
"ASV2319","Bacteria","Firmicutes","Veillonellales","Veillonellaceae","Megasphaera"
"ASV232","Bacteria","Firmicutes","Lactobacillales","Lactobacillaceae","Bombilactobacillus"
"ASV23236","Bacteria","Firmicutes","Firmicutes spc","Firmicutes spc","Firmicutes spc"
"ASV2324","Bacteria","Proteobacteria","Oceanospirillales","Oceanospirillaceae","Marinospirillum"
"ASV2327","Bacteria","Bacteroidetes","Flavobacteriales","Weeksellaceae","Chryseobacterium"
"ASV233","Bacteria","Proteobacteria","Enterobacterales","Pectobacteriaceae","Sodalis"
"ASV23304","Bacteria","Firmicutes","Lactobacillales","Lactobacillaceae","Lactobacillus"
"ASV2332","Bacteria","Proteobacteria","Rickettsiales","Anaplasmataceae","Wolbachia"
"ASV2338","Bacteria","Bacteroidetes","Bacteroidales","Prevotellaceae","Prevotellamassilia"
"ASV234","Bacteria","Proteobacteria","Enterobacterales","Pectobacteriaceae","Sodalis"
"ASV23408","Bacteria","Proteobacteria","Neisseriales","Neisseriaceae","Snodgrassella"
"ASV2344","Bacteria","Bacteroidetes","Bacteroidales","Prevotellaceae","Prevotella"
"ASV2345","Bacteria","Bacteroidetes","Flavobacteriales","Weeksellaceae","Empedobacter"
"ASV23506","Bacteria","Firmicutes","Lactobacillales","Lactobacillaceae","Lacticaseibacillus"
"ASV23524","Bacteria","Proteobacteria","Burkholderiales","Comamonadaceae","Comamonas"
"ASV23541","Bacteria","Proteobacteria","Enterobacterales","Erwiniaceae","Pantoea"
"ASV23596","Bacteria","Proteobacteria","Pseudomonadales","Pseudomonadaceae","Pseudomonas"
"ASV236","Bacteria","Firmicutes","Lactobacillales","Lactobacillaceae","Furfurilactobacillus"
"ASV2362","Bacteria","Proteobacteria","Enterobacterales","Pectobacteriaceae","Sodalis"
"ASV2364","Bacteria","Proteobacteria","Enterobacterales","Erwiniaceae","Erwinia"
"ASV23681","Bacteria","Proteobacteria","Orbales","Orbaceae","Frischella"
"ASV23682","Bacteria","Firmicutes","Lactobacillales","Lactobacillaceae","Bombilactobacillus"
"ASV237","Bacteria","Firmicutes","Selenomonadales","Selenomonadaceae","Pectinatus"
"ASV2377","Bacteria","Actinobacteria","Bifidobacteriales","Bifidobacteriaceae","Bifidobacterium"
"ASV2378","Bacteria","Firmicutes","Lactobacillales","Lactobacillaceae","Ligilactobacillus"
"ASV238","Bacteria","Firmicutes","Lactobacillales","Lactobacillaceae","Apilactobacillus"
"ASV2380","Bacteria","Proteobacteria","Rhodobacterales","Rhodobacteraceae","Paracoccus"
"ASV23818","Bacteria","Firmicutes","Selenomonadales","Selenomonadaceae","Selenomonadaceae spc"
"ASV23843","Bacteria","Proteobacteria","Neisseriales","Neisseriaceae","Neisseriaceae spc"
"ASV23845","Bacteria","Firmicutes","Firmicutes spc","Firmicutes spc","Firmicutes spc"
"ASV23848","Bacteria","Firmicutes","Bacillales","Planococcaceae","Metalysinibacillus"
"ASV23849","Bacteria","Firmicutes","Lactobacillales","Lactobacillaceae","Lactobacillaceae spc"
"ASV239","Bacteria","Firmicutes","Lactobacillales","Lactobacillaceae","Pediococcus"
"ASV2391","Bacteria","Proteobacteria","Pseudomonadales","Pseudomonadaceae","Entomomonas"
"ASV2392","Bacteria","Bacteroidetes","Bacteroidales","Prevotellaceae","Prevotella"
"ASV2395","Bacteria","Actinobacteria","Bifidobacteriales","Bifidobacteriaceae","Bifidobacterium"
"ASV2396","Bacteria","Actinobacteria","Coriobacteriales","Coriobacteriales spc","Coriobacteriales spc"
"ASV23965","Bacteria","Proteobacteria","Enterobacterales","Enterobacterales spc","Enterobacterales spc"
"ASV23968","Bacteria","Firmicutes","Lactobacillales","Enterococcaceae","Enterococcus"
"ASV23969","Bacteria","Firmicutes","Lactobacillales","Lactobacillales spc","Lactobacillales spc"
"ASV2397","Bacteria","Proteobacteria","Pseudomonadales","Moraxellaceae","Acinetobacter"
"ASV23981","Bacteria","Firmicutes","Firmicutes spc","Firmicutes spc","Firmicutes spc"
"ASV240","Bacteria","Proteobacteria","Enterobacterales","Morganellaceae","Proteus"
"ASV2404","Bacteria","Proteobacteria","Pseudomonadales","Moraxellaceae","Acinetobacter"
"ASV24068","Bacteria","Proteobacteria","Rhodospirillales","Acetobacteraceae","Commensalibacter"
"ASV24074","Bacteria","Actinobacteria","Bifidobacteriales","Bifidobacteriaceae","Bifidobacteriaceae spc"
"ASV2409","Bacteria","Actinobacteria","Coriobacteriales","Atopobiaceae","Atopobium"
"ASV241","Bacteria","Firmicutes","Lactobacillales","Lactobacillaceae","Lactobacillus"
"ASV2411","Bacteria","Proteobacteria","Xanthomonadales","Xanthomonadaceae","Wohlfahrtiimonas"
"ASV2414","Bacteria","Bacteroidetes","Bacteroidales","Dysgonomonadaceae","Dysgonomonas"
"ASV24161","Bacteria","Firmicutes","Bacillales","Planococcaceae","Metalysinibacillus"
"ASV242","Bacteria","Bacteroidetes","Bacteroidales","Prevotellaceae","Prevotella"
"ASV24221","Bacteria","Firmicutes","Lactobacillales","Lactobacillaceae","Lactiplantibacillus"
"ASV24223","Bacteria","Proteobacteria","Rickettsiales","Anaplasmataceae","Wolbachia"
"ASV2423","Bacteria","Actinobacteria","Micrococcales","Micrococcaceae","Nesterenkonia"
"ASV24249","Bacteria","Firmicutes","Firmicutes spc","Firmicutes spc","Firmicutes spc"
"ASV2426","Bacteria","Proteobacteria","Enterobacterales","Pectobacteriaceae","Sodalis"
"ASV24262","Bacteria","Firmicutes","Lactobacillales","Lactobacillaceae","Fructobacillus"
"ASV2427","Bacteria","Firmicutes","Veillonellales","Veillonellaceae","Megasphaera"
"ASV243","Bacteria","Proteobacteria","Rhodospirillales","Acetobacteraceae","Saccharibacter"
"ASV24328","Bacteria","Firmicutes","Firmicutes spc","Firmicutes spc","Firmicutes spc"
"ASV2433","Bacteria","Proteobacteria","Rhodospirillales","Rhodospirillales spc","Rhodospirillales spc"
"ASV24330","Bacteria","Firmicutes","Lactobacillales","Lactobacillaceae","Lactobacillaceae spc"
"ASV24355","Bacteria","Proteobacteria","Proteobacteria spc","Proteobacteria spc","Proteobacteria spc"
"ASV2436","Bacteria","Firmicutes","Clostridiales","Clostridiaceae","Clostridium"
"ASV2437","Bacteria","Firmicutes","Lactobacillales","Lactobacillaceae","Lactobacillus"
"ASV24389","Bacteria","Proteobacteria","Enterobacterales","Enterobacteriaceae","Escherichia-Shigella"
"ASV24393","Bacteria","Proteobacteria","Proteobacteria spc","Proteobacteria spc","Proteobacteria spc"
"ASV24418","Bacteria","Firmicutes","Selenomonadales","Selenomonadaceae","Selenomonadaceae spc"
"ASV2445","Bacteria","Proteobacteria","Rhodobacterales","Rhodobacteraceae","Paracoccus"
"ASV2447","Bacteria","Bacteroidetes","Flavobacteriales","Weeksellaceae","Chryseobacterium"
"ASV24479","Bacteria","Proteobacteria","Burkholderiales","Comamonadaceae","Comamonadaceae spc"
"ASV2448","Bacteria","Bacteroidetes","Flavobacteriales","Flavobacteriaceae","Myroides"
"ASV2449","Bacteria","Proteobacteria","Sphingomonadales","Sphingomonadaceae","Sphingomonas"
"ASV245","Bacteria","Firmicutes","Lactobacillales","Lactobacillaceae","Apilactobacillus"
"ASV2454","Bacteria","Proteobacteria","Rhodospirillales","Rhodospirillales spc","Rhodospirillales spc"
"ASV246","Bacteria","Bacteroidetes","Flavobacteriales","Weeksellaceae","Apibacter"
"ASV2461","Bacteria","Bacteroidetes","Flavobacteriales","Flavobacteriaceae","Faecalibacter"
"ASV24652","Bacteria","Proteobacteria","Rhodospirillales","Acetobacteraceae","Acetobacteraceae spc"
"ASV2470","Bacteria","Proteobacteria","Burkholderiales","Alcaligenaceae","Paenalcaligenes"
"ASV2472","Bacteria","Proteobacteria","Rhodospirillales","Acetobacteraceae","Saccharibacter"
"ASV2482","Bacteria","Actinobacteria","Micrococcales","Microbacteriaceae","Leucobacter"
"ASV24828","Bacteria","Proteobacteria","Rhodospirillales","Acetobacteraceae","Acetobacteraceae spc"
"ASV249","Bacteria","Firmicutes","Clostridiales","Peptostreptococcaceae","Peptostreptococcus"
"ASV24921","Bacteria","Firmicutes","Lactobacillales","Streptococcaceae","Streptococcus"
"ASV24935","Bacteria","Firmicutes","Lactobacillales","Lactobacillaceae","Lactobacillaceae spc"
"ASV24938","Bacteria","Proteobacteria","Oceanospirillales","Halomonadaceae","Halomonadaceae spc"
"ASV2497","Bacteria","Bacteroidetes","Flavobacteriales","Weeksellaceae","Chryseobacterium"
"ASV24996","Bacteria","Proteobacteria","Rhizobiales","Rhizobiaceae","Agrobacterium"
"ASV25","Bacteria","Proteobacteria","Rhodospirillales","Acetobacteraceae","Saccharibacter"
"ASV250","Bacteria","Firmicutes","Lactobacillales","Lactobacillaceae","Ligilactobacillus"
"ASV2501","Bacteria","Chloroflexi","Chloroflexi spc","Chloroflexi spc","Chloroflexi spc"
"ASV2502","Bacteria","Proteobacteria","Burkholderiales","Comamonadaceae","Comamonas"
"ASV2503","Bacteria","Actinobacteria","Micrococcales","Micrococcaceae","Arthrobacter"
"ASV25060","Bacteria","Firmicutes","Lactobacillales","Lactobacillaceae","Lactobacillaceae spc"
"ASV25061","Bacteria","Firmicutes","Lactobacillales","Lactobacillaceae","Fructobacillus"
"ASV2507","Bacteria","Bacteroidetes","Bacteroidales","Prevotellaceae","Prevotella"
"ASV251","Bacteria","Proteobacteria","Neisseriales","Neisseriaceae","Snodgrassella"
"ASV2510","Bacteria","Proteobacteria","Pseudomonadales","Moraxellaceae","Acinetobacter"
"ASV2513","Bacteria","Firmicutes","Lactobacillales","Lactobacillaceae","Companilactobacillus"
"ASV2514","Bacteria","Firmicutes","Lactobacillales","Lactobacillaceae","Lactobacillaceae spc"
"ASV252","Bacteria","Proteobacteria","Orbales","Orbaceae","Gilliamella"
"ASV2521","Bacteria","Bacteroidetes","Flavobacteriales","Flavobacteriaceae","Myroides"
"ASV25269","Bacteria","Proteobacteria","Rhodospirillales","Acetobacteraceae","Saccharibacter"
"ASV25283","Bacteria","Proteobacteria","Pseudomonadales","Moraxellaceae","Acinetobacter"
"ASV253","Bacteria","Actinobacteria","Micrococcales","Micrococcaceae","Glutamicibacter"
"ASV2534","Bacteria","Bacteroidetes","Bacteroidales","Prevotellaceae","Prevotella"
"ASV25374","Bacteria","Firmicutes","Lactobacillales","Lactobacillaceae","Lactobacillus"
"ASV254","Bacteria","Spirochaetes","Spirochaetales","Brevinemataceae","Brevinema"
"ASV2544","Bacteria","Proteobacteria","Enterobacterales","Enterobacteriaceae","Klebsiella"
"ASV2545","Bacteria","Proteobacteria","Sphingomonadales","Erythrobacteraceae","Novosphingobium"
"ASV25462","Bacteria","Firmicutes","Lactobacillales","Streptococcaceae","Lactococcus"
"ASV25490","Bacteria","Firmicutes","Firmicutes spc","Firmicutes spc","Firmicutes spc"
"ASV25522","Bacteria","Proteobacteria","Enterobacterales","Yersiniaceae","Serratia"
"ASV2556","Bacteria","Firmicutes","Lactobacillales","Lactobacillaceae","Lactobacillaceae spc"
"ASV25580","Bacteria","Proteobacteria","Enterobacterales","Enterobacteriaceae","Citrobacter"
"ASV25593","Bacteria","Firmicutes","Lactobacillales","Lactobacillaceae","Latilactobacillus"
"ASV25594","Bacteria","Proteobacteria","Proteobacteria spc","Proteobacteria spc","Proteobacteria spc"
"ASV256","Bacteria","Proteobacteria","Rickettsiales","Anaplasmataceae","Wolbachia"
"ASV25600","Bacteria","Firmicutes","Firmicutes spc","Firmicutes spc","Firmicutes spc"
"ASV2563","Bacteria","Bacteroidetes","Flavobacteriales","Flavobacteriaceae","Myroides"
"ASV25704","Bacteria","Proteobacteria","Neisseriales","Neisseriaceae","Snodgrassella"
"ASV25707","Bacteria","Firmicutes","Lactobacillales","Lactobacillaceae","Lactiplantibacillus"
"ASV2572","Bacteria","Proteobacteria","Rhodospirillales","Acetobacteraceae","Tanticharoenia"
"ASV2578","Bacteria","Proteobacteria","Rhizobiales","Bradyrhizobiaceae","Rhodoplanes"
"ASV25792","Bacteria","Firmicutes","Lactobacillales","Lactobacillaceae","Lactobacillus"
"ASV258","Bacteria","Actinobacteria","Micrococcales","Micrococcaceae","Arthrobacter"
"ASV2584","Bacteria","Proteobacteria","Xanthomonadales","Xanthomonadaceae","Ignatzschineria"
"ASV2585","Bacteria","Bacteroidetes","Flavobacteriales","Flavobacteriaceae","Myroides"
"ASV2588","Bacteria","Proteobacteria","Enterobacterales","Enterobacterales spc","Enterobacterales spc"
"ASV259","Bacteria","Proteobacteria","Rhodospirillales","Acetobacteraceae","Commensalibacter"
"ASV2594","Bacteria","Proteobacteria","Sphingomonadales","Sphingomonadaceae","Sphingomonas"
"ASV2596","Bacteria","Proteobacteria","Rhodospirillales","Acetobacteraceae","Acetobacteraceae spc"
"ASV2598","Bacteria","Proteobacteria","Rhodospirillales","Acetobacteraceae","Acetobacteraceae spc"
"ASV25982","Bacteria","Proteobacteria","Enterobacterales","Enterobacterales spc","Enterobacterales spc"
"ASV25988","Bacteria","Proteobacteria","Rickettsiales","Anaplasmataceae","Wolbachia"
"ASV26","Bacteria","Proteobacteria","Enterobacterales","Morganellaceae","Morganella"
"ASV26006","Bacteria","Proteobacteria","Pseudomonadales","Moraxellaceae","Acinetobacter"
"ASV26055","Bacteria","Proteobacteria","Proteobacteria spc","Proteobacteria spc","Proteobacteria spc"
"ASV261","Bacteria","Firmicutes","Lactobacillales","Lactobacillaceae","Fructobacillus"
"ASV2614","Bacteria","Proteobacteria","Pseudomonadales","Pseudomonadaceae","Pseudomonas"
"ASV262","Bacteria","Firmicutes","Lactobacillales","Enterococcaceae","Enterococcus"
"ASV2620","Bacteria","Firmicutes","Lactobacillales","Lactobacillaceae","Lactobacillus"
"ASV2623","Bacteria","Proteobacteria","Burkholderiales","Alcaligenaceae","Paenalcaligenes"
"ASV2630","Bacteria","Bacteroidetes","Bacteroidales","Prevotellaceae","Prevotellaceae spc"
"ASV26355","Bacteria","Firmicutes","Firmicutes spc","Firmicutes spc","Firmicutes spc"
"ASV2636","Bacteria","Firmicutes","Lactobacillales","Lactobacillaceae","Lactobacillaceae spc"
"ASV26369","Bacteria","Proteobacteria","Proteobacteria spc","Proteobacteria spc","Proteobacteria spc"
"ASV2646","Bacteria","Proteobacteria","Rhodospirillales","Acetobacteraceae","Bombella"
"ASV26485","Bacteria","Firmicutes","Lactobacillales","Lactobacillaceae","Lactobacillus"
"ASV26568","Bacteria","Firmicutes","Lactobacillales","Lactobacillaceae","Leuconostoc"
"ASV26590","Bacteria","Firmicutes","Lactobacillales","Lactobacillaceae","Lactobacillus"
"ASV266","Bacteria","Firmicutes","Lactobacillales","Enterococcaceae","Vagococcus"
"ASV26649","Bacteria","Firmicutes","Lactobacillales","Lactobacillaceae","Lacticaseibacillus"
"ASV2666","Bacteria","Proteobacteria","Rhizobiales","Phyllobacteriaceae","Mesorhizobium"
"ASV2668","Bacteria","Firmicutes","Lactobacillales","Enterococcaceae","Enterococcus"
"ASV26682","Bacteria","Proteobacteria","Enterobacterales","Erwiniaceae","Tatumella"
"ASV267","Bacteria","Proteobacteria","Oceanospirillales","Halomonadaceae","Zymobacter"
"ASV2672","Bacteria","Firmicutes","Clostridiales","Clostridiaceae","Clostridium"
"ASV26774","Bacteria","Proteobacteria","Burkholderiales","Comamonadaceae","Aquabacterium"
"ASV268","Bacteria","Proteobacteria","Enterobacterales","Enterobacteriaceae","Franconibacter"
"ASV26804","Bacteria","Firmicutes","Lactobacillales","Lactobacillaceae","Lactobacillus"
"ASV2688","Bacteria","Actinobacteria","Mycobacteriales","Corynebacteriaceae","Corynebacterium"
"ASV269","Bacteria","Firmicutes","Clostridiales","Peptoniphilaceae","Gallicola"
"ASV26928","Bacteria","Firmicutes","Lactobacillales","Lactobacillaceae","Lactobacillus"
"ASV2693","Bacteria","Firmicutes","Lactobacillales","Lactobacillales spc","Lactobacillales spc"
"ASV27","Bacteria","Firmicutes","Bacillales","Bacillaceae","Bacillus"
"ASV270","Bacteria","Firmicutes","Lactobacillales","Enterococcaceae","Enterococcus"
"ASV2707","Bacteria","Bacteroidetes","Bacteroidales","Dysgonomonadaceae","Dysgonomonas"
"ASV271","Bacteria","Actinobacteria","Bifidobacteriales","Bifidobacteriaceae","Bifidobacterium"
"ASV27152","Bacteria","Proteobacteria","Pseudomonadales","Moraxellaceae","Acinetobacter"
"ASV27154","Bacteria","Firmicutes","Firmicutes spc","Firmicutes spc","Firmicutes spc"
"ASV2717","Bacteria","Firmicutes","Lactobacillales","Streptococcaceae","Streptococcus"
"ASV272","Bacteria","Firmicutes","Clostridiales","Peptostreptococcaceae","Romboutsia"
"ASV27206","Bacteria","Firmicutes","Lactobacillales","Lactobacillaceae","Fructobacillus"
"ASV2723","Bacteria","Firmicutes","Clostridiales","Clostridiaceae","Clostridium"
"ASV27249","Bacteria","Firmicutes","Lactobacillales","Lactobacillaceae","Lactobacillaceae spc"
"ASV27250","Bacteria","Firmicutes","Lactobacillales","Lactobacillaceae","Weissella"
"ASV273","Bacteria","Firmicutes","Lactobacillales","Lactobacillaceae","Lactobacillus"
"ASV27305","Bacteria","Firmicutes","Lactobacillales","Lactobacillaceae","Lactobacillaceae spc"
"ASV2733","Bacteria","Actinobacteria","Mycobacteriales","Gordoniaceae","Gordonia"
"ASV27335","Bacteria","Tenericutes","Entomoplasmatales","Spiroplasmataceae","Spiroplasma"
"ASV2736","Bacteria","Actinobacteria","Mycobacteriales","Gordoniaceae","Gordonia"
"ASV275","Bacteria","Proteobacteria","Oceanospirillales","Halomonadaceae","Zymobacter"
"ASV2752","Bacteria","Actinobacteria","Bifidobacteriales","Bifidobacteriaceae","Bifidobacterium"
"ASV276","Bacteria","Firmicutes","Erysipelotrichales","Erysipelotrichaceae","Erysipelotrichaceae spc"
"ASV2767","Bacteria","Proteobacteria","Sphingomonadales","Sphingomonadaceae","Sphingomonas"
"ASV277","Bacteria","Firmicutes","Selenomonadales","Selenomonadaceae","Pectinatus"
"ASV27720","Bacteria","Firmicutes","Lactobacillales","Lactobacillales spc","Lactobacillales spc"
"ASV27723","Bacteria","Firmicutes","Lactobacillales","Lactobacillaceae","Lactobacillus"
"ASV27739","Bacteria","Proteobacteria","Neisseriales","Neisseriaceae","Snodgrassella"
"ASV27748","Bacteria","Proteobacteria","Enterobacterales","Enterobacteriaceae","Enterobacteriaceae spc"
"ASV27763","Bacteria","Proteobacteria","Enterobacterales","Enterobacterales spc","Enterobacterales spc"
"ASV27776","Bacteria","Firmicutes","Lactobacillales","Lactobacillaceae","Lactobacillus"
"ASV2779","Bacteria","Firmicutes","Lactobacillales","Lactobacillaceae","Lacticaseibacillus"
"ASV27797","Bacteria","Firmicutes","Lactobacillales","Lactobacillaceae","Lactobacillaceae spc"
"ASV278","Bacteria","Tenericutes","Entomoplasmatales","Spiroplasmataceae","Spiroplasma"
"ASV2780","Bacteria","Proteobacteria","Pseudomonadales","Pseudomonadaceae","Pseudomonas"
"ASV2784","Bacteria","Firmicutes","Clostridiales","Clostridiaceae","Clostridium"
"ASV27868","Bacteria","Firmicutes","Firmicutes spc","Firmicutes spc","Firmicutes spc"
"ASV2787","Bacteria","Bacteroidetes","Bacteroidales","Prevotellaceae","Prevotella"
"ASV27871","Bacteria","Firmicutes","Firmicutes spc","Firmicutes spc","Firmicutes spc"
"ASV27896","Bacteria","Proteobacteria","Burkholderiales","Comamonadaceae","Lampropedia"
"ASV27902","Bacteria","Firmicutes","Selenomonadales","Selenomonadaceae","Selenomonadaceae spc"
"ASV27951","Bacteria","Firmicutes","Lactobacillales","Carnobacteriaceae","Carnobacterium"
"ASV27974","Bacteria","Firmicutes","Lactobacillales","Streptococcaceae","Lactococcus"
"ASV27975","Bacteria","Proteobacteria","Proteobacteria spc","Proteobacteria spc","Proteobacteria spc"
"ASV27987","Bacteria","Actinobacteria","Bifidobacteriales","Bifidobacteriaceae","Bifidobacterium"
"ASV28","Bacteria","Proteobacteria","Neisseriales","Neisseriaceae","Snodgrassella"
"ASV2805","Bacteria","Actinobacteria","Bifidobacteriales","Bifidobacteriaceae","Bifidobacterium"
"ASV2808","Bacteria","Actinobacteria","Bifidobacteriales","Bifidobacteriaceae","Bifidobacterium"
"ASV28084","Bacteria","Firmicutes","Lactobacillales","Lactobacillaceae","Lacticaseibacillus"
"ASV2809","Bacteria","Bacteroidetes","Bacteroidales","Dysgonomonadaceae","Dysgonomonas"
"ASV28095","Bacteria","Proteobacteria","Orbales","Orbaceae","Orbaceae spc"
"ASV28100","Bacteria","Firmicutes","Lactobacillales","Lactobacillaceae","Bombilactobacillus"
"ASV282","Bacteria","Firmicutes","Lactobacillales","Lactobacillaceae","Weissella"
"ASV28222","Bacteria","Bacteroidetes","Bacteroidales","Prevotellaceae","Prevotellaceae spc"
"ASV2824","Bacteria","Firmicutes","Lactobacillales","Lactobacillaceae","Lactobacillus"
"ASV2826","Bacteria","Proteobacteria","Pseudomonadales","Moraxellaceae","Acinetobacter"
"ASV283","Bacteria","Proteobacteria","Burkholderiales","Oxalobacteraceae","Massilia"
"ASV28337","Bacteria","Firmicutes","Selenomonadales","Selenomonadaceae","Selenomonadaceae spc"
"ASV2838","Bacteria","Firmicutes","Bacillales","Bacillaceae","Bacillus"
"ASV284","Bacteria","Proteobacteria","Enterobacterales","Erwiniaceae","Erwiniaceae spc"
"ASV28418","Bacteria","Proteobacteria","Proteobacteria spc","Proteobacteria spc","Proteobacteria spc"
"ASV2842","Bacteria","Firmicutes","Lactobacillales","Lactobacillaceae","Ligilactobacillus"
"ASV28454","Bacteria","Actinobacteria","Coriobacteriales","Atopobiaceae","Atopobiaceae spc"
"ASV2848","Bacteria","Proteobacteria","Pseudomonadales","Moraxellaceae","Acinetobacter"
"ASV2849","Bacteria","Firmicutes","Selenomonadales","Selenomonadaceae","Pectinatus"
"ASV28493","Bacteria","Firmicutes","Bacillales","Planococcaceae","Metalysinibacillus"
"ASV28525","Bacteria","Proteobacteria","Enterobacterales","Enterobacterales spc","Enterobacterales spc"
"ASV28542","Bacteria","Proteobacteria","Enterobacterales","Enterobacteriaceae","Raoultella"
"ASV28553","Bacteria","Bacteroidetes","Flavobacteriales","Weeksellaceae","Apibacter"
"ASV2857","Bacteria","Firmicutes","Firmicutes spc","Firmicutes spc","Firmicutes spc"
"ASV286","Bacteria","Proteobacteria","Sphingomonadales","Sphingomonadaceae","Sphingomonas"
"ASV2865","Bacteria","Bacteroidetes","Bacteroidales","Dysgonomonadaceae","Dysgonomonas"
"ASV2866","Bacteria","Actinobacteria","Bifidobacteriales","Bifidobacteriaceae","Bifidobacterium"
"ASV28679","Bacteria","Firmicutes","Lactobacillales","Lactobacillaceae","Lactobacillus"
"ASV28683","Bacteria","Firmicutes","Lactobacillales","Lactobacillaceae","Lactobacillus"
"ASV2869","Bacteria","Actinobacteria","Bifidobacteriales","Bifidobacteriaceae","Bifidobacterium"
"ASV28691","Bacteria","Proteobacteria","Orbales","Orbaceae","Gilliamella"
"ASV28694","Bacteria","Firmicutes","Lactobacillales","Lactobacillales spc","Lactobacillales spc"
"ASV287","Bacteria","Proteobacteria","Enterobacterales","Enterobacteriaceae","Raoultella"
"ASV2871","Bacteria","Bacteroidetes","Bacteroidales","Prevotellaceae","Prevotella"
"ASV2878","Bacteria","Actinobacteria","Micrococcales","Micrococcaceae","Arthrobacter"
"ASV2885","Bacteria","Proteobacteria","Rhodospirillales","Acetobacteraceae","Tanticharoenia"
"ASV289","Bacteria","Firmicutes","Lactobacillales","Lactobacillaceae","Leuconostoc"
"ASV28930","Bacteria","Firmicutes","Firmicutes spc","Firmicutes spc","Firmicutes spc"
"ASV2896","Bacteria","Actinobacteria","Coriobacteriales","Atopobiaceae","Olsenella"
"ASV28967","Bacteria","Proteobacteria","Rhodospirillales","Acetobacteraceae","Acetobacteraceae spc"
"ASV29","Bacteria","Proteobacteria","Rhodospirillales","Acetobacteraceae","Gluconobacter"
"ASV290","Bacteria","Proteobacteria","Neisseriales","Neisseriaceae","Snodgrassella"
"ASV29005","Bacteria","Bacteroidetes","Bacteroidales","Bacteroidales spc","Bacteroidales spc"
"ASV29007","Bacteria","Proteobacteria","Proteobacteria spc","Proteobacteria spc","Proteobacteria spc"
"ASV29018","Bacteria","Proteobacteria","Enterobacterales","Erwiniaceae","Pantoea"
"ASV291","Bacteria","Firmicutes","Clostridiales","Peptostreptococcaceae","Paeniclostridium"
"ASV2913","Bacteria","Campilobacterota","Campylobacterales","Arcobacteraceae","Aliarcobacter"
"ASV29166","Bacteria","Proteobacteria","Rhodospirillales","Acetobacteraceae","Acetobacteraceae spc"
"ASV29176","Bacteria","Proteobacteria","Pseudomonadales","Pseudomonadaceae","Entomomonas"
"ASV292","Bacteria","Firmicutes","Lactobacillales","Lactobacillaceae","Fructobacillus"
"ASV2923","Bacteria","Firmicutes","Lactobacillales","Streptococcaceae","Lactococcus"
"ASV2928","Bacteria","Firmicutes","Lactobacillales","Lactobacillaceae","Bombilactobacillus"
"ASV293","Bacteria","Firmicutes","Lactobacillales","Lactobacillaceae","Philodulcilactobacillus"
"ASV29309","Bacteria","Proteobacteria","Proteobacteria spc","Proteobacteria spc","Proteobacteria spc"
"ASV2931","Bacteria","Actinobacteria","Coriobacteriales","Coriobacteriales spc","Coriobacteriales spc"
"ASV29310","Bacteria","Firmicutes","Lactobacillales","Lactobacillaceae","Bombilactobacillus"
"ASV29314","Bacteria","Firmicutes","Clostridiales","Clostridiales spc","Clostridiales spc"
"ASV2932","Bacteria","Actinobacteria","Bifidobacteriales","Bifidobacteriaceae","Bifidobacterium"
"ASV29325","Bacteria","Firmicutes","Lactobacillales","Lactobacillaceae","Lactobacillus"
"ASV2935","Bacteria","Firmicutes","Clostridiales","Ruminococcaceae","Ruminococcaceae spc"
"ASV2936","Bacteria","Firmicutes","Lactobacillales","Enterococcaceae","Enterococcus"
"ASV2937","Bacteria","Actinobacteria","Bifidobacteriales","Bifidobacteriaceae","Bifidobacteriaceae spc"
"ASV294","Bacteria","Firmicutes","Lactobacillales","Enterococcaceae","Vagococcus"
"ASV2946","Bacteria","Firmicutes","Veillonellales","Veillonellaceae","Veillonella"
"ASV29543","Bacteria","Firmicutes","Lactobacillales","Enterococcaceae","Enterococcus"
"ASV296","Bacteria","Proteobacteria","Rhodospirillales","Acetobacteraceae","Saccharibacter"
"ASV2961","Bacteria","Bacteroidetes","Bacteroidales","Bacteroidaceae","Bacteroides"
"ASV2962","Bacteria","Proteobacteria","Enterobacterales","Enterobacterales spc","Enterobacterales spc"
"ASV29621","Bacteria","Proteobacteria","Rhodospirillales","Acetobacteraceae","Bombella"
"ASV2965","Bacteria","Proteobacteria","Rhizobiales","Bradyrhizobiaceae","Rhodoplanes"
"ASV29692","Bacteria","Firmicutes","Lactobacillales","Lactobacillaceae","Lactiplantibacillus"
"ASV29698","Bacteria","Proteobacteria","Rhodospirillales","Acetobacteraceae","Commensalibacter"
"ASV297","Bacteria","Proteobacteria","Neisseriales","Neisseriaceae","Snodgrassella"
"ASV2976","Bacteria","Proteobacteria","Pseudomonadales","Pseudomonadaceae","Pseudomonas"
"ASV29763","Bacteria","Proteobacteria","Proteobacteria spc","Proteobacteria spc","Proteobacteria spc"
"ASV298","Bacteria","Bacteroidetes","Chitinophagales","Chitinophagaceae","Chitinophagaceae spc"
"ASV29819","Bacteria","Firmicutes","Lactobacillales","Lactobacillaceae","Weissella"
"ASV29868","Bacteria","Proteobacteria","Rhodospirillales","Acetobacteraceae","Acetobacteraceae spc"
"ASV29875","Bacteria","Tenericutes","Entomoplasmatales","Spiroplasmataceae","Spiroplasma"
"ASV29898","Bacteria","Tenericutes","Entomoplasmatales","Spiroplasmataceae","Spiroplasma"
"ASV3","Bacteria","Firmicutes","Lactobacillales","Streptococcaceae","Lactococcus"
"ASV30","Bacteria","Proteobacteria","Enterobacterales","Enterobacteriaceae","Citrobacter"
"ASV300","Bacteria","Proteobacteria","Pseudomonadales","Moraxellaceae","Acinetobacter"
"ASV3001","Bacteria","Actinobacteria","Bifidobacteriales","Bifidobacteriaceae","Bifidobacteriaceae spc"
"ASV30041","Bacteria","Firmicutes","Lactobacillales","Lactobacillaceae","Lactobacillus"
"ASV301","Bacteria","Firmicutes","Selenomonadales","Selenomonadaceae","Pectinatus"
"ASV302","Bacteria","Firmicutes","Lactobacillales","Lactobacillaceae","Lactobacillus"
"ASV3020","Bacteria","Actinobacteria","Mycobacteriales","Corynebacteriaceae","Corynebacterium"
"ASV30235","Bacteria","Actinobacteria","Coriobacteriales","Atopobiaceae","Atopobium"
"ASV30240","Bacteria","Firmicutes","Selenomonadales","Selenomonadaceae","Selenomonadaceae spc"
"ASV303","Bacteria","Proteobacteria","Pseudomonadales","Pseudomonadaceae","Entomomonas"
"ASV3034","Bacteria","Proteobacteria","Rhodospirillales","Acetobacteraceae","Tanticharoenia"
"ASV3037","Bacteria","Proteobacteria","Proteobacteria spc","Proteobacteria spc","Proteobacteria spc"
"ASV304","Bacteria","Proteobacteria","Rhodospirillales","Acetobacteraceae","Commensalibacter"
"ASV30429","Bacteria","Proteobacteria","Rhodospirillales","Rhodospirillales spc","Rhodospirillales spc"
"ASV3045","Bacteria","Firmicutes","Clostridiales","Ruminococcaceae","Ruminococcaceae spc"
"ASV305","Bacteria","Proteobacteria","Rhodospirillales","Acetobacteraceae","Saccharibacter"
"ASV30521","Bacteria","Proteobacteria","Rhodospirillales","Acetobacteraceae","Commensalibacter"
"ASV30549","Bacteria","Proteobacteria","Enterobacterales","Erwiniaceae","Pantoea"
"ASV30578","Bacteria","Proteobacteria","Proteobacteria spc","Proteobacteria spc","Proteobacteria spc"
"ASV30580","Bacteria","Firmicutes","Lactobacillales","Enterococcaceae","Enterococcus"
"ASV3060","Bacteria","Proteobacteria","Rhizobiales","Bradyrhizobiaceae","Rhodoplanes"
"ASV3067","Bacteria","Proteobacteria","Sphingomonadales","Sphingomonadaceae","Sphingomonas"
"ASV30690","Bacteria","Actinobacteria","Bifidobacteriales","Bifidobacteriaceae","Bifidobacterium"
"ASV3072","Bacteria","Proteobacteria","Sphingomonadales","Erythrobacteraceae","Novosphingobium"
"ASV30770","Bacteria","Proteobacteria","Proteobacteria spc","Proteobacteria spc","Proteobacteria spc"
"ASV30771","Bacteria","Proteobacteria","Enterobacterales","Enterobacterales spc","Enterobacterales spc"
"ASV308","Bacteria","Bacteroidetes","Flavobacteriales","Weeksellaceae","Apibacter"
"ASV3082","Bacteria","Firmicutes","Lactobacillales","Lactobacillaceae","Lactobacillus"
"ASV30874","Bacteria","Firmicutes","Firmicutes spc","Firmicutes spc","Firmicutes spc"
"ASV30935","Bacteria","Proteobacteria","Proteobacteria spc","Proteobacteria spc","Proteobacteria spc"
"ASV3095","Bacteria","Actinobacteria","Coriobacteriales","Coriobacteriales spc","Coriobacteriales spc"
"ASV30956","Bacteria","Tenericutes","Entomoplasmatales","Spiroplasmataceae","Spiroplasma"
"ASV3096","Bacteria","Bacteroidetes","Sphingobacteriales","Sphingobacteriaceae","Sphingobacterium"
"ASV30996","Bacteria","Firmicutes","Lactobacillales","Streptococcaceae","Lactococcus"
"ASV31","Bacteria","Proteobacteria","Orbales","Orbaceae","Schmidhempelia"
"ASV3103","Bacteria","Proteobacteria","Pseudomonadales","Pseudomonadaceae","Pseudomonas"
"ASV31092","Bacteria","Firmicutes","Lactobacillales","Streptococcaceae","Lactococcus"
"ASV311","Bacteria","Actinobacteria","Bifidobacteriales","Bifidobacteriaceae","Bifidobacterium"
"ASV31135","Bacteria","Firmicutes","Lactobacillales","Lactobacillaceae","Lactobacillus"
"ASV31141","Bacteria","Proteobacteria","Neisseriales","Neisseriaceae","Snodgrassella"
"ASV31149","Bacteria","Proteobacteria","Proteobacteria spc","Proteobacteria spc","Proteobacteria spc"
"ASV31172","Bacteria","Firmicutes","Lactobacillales","Lactobacillaceae","Lactobacillus"
"ASV312","Bacteria","Actinobacteria","Bifidobacteriales","Bifidobacteriaceae","Bifidobacterium"
"ASV31212","Bacteria","Firmicutes","Lactobacillales","Streptococcaceae","Lactococcus"
"ASV3124","Bacteria","Actinobacteria","Mycobacteriales","Mycobacteriaceae","Mycobacterium"
"ASV3125","Bacteria","Proteobacteria","Xanthomonadales","Xanthomonadaceae","Stenotrophomonas"
"ASV3127","Bacteria","Firmicutes","Bacillales","Bacillaceae","Bacillus"
"ASV31273","Bacteria","Proteobacteria","Pseudomonadales","Pseudomonadaceae","Pseudomonas"
"ASV313","Bacteria","Proteobacteria","Burkholderiales","Alcaligenaceae","Kinetoplastibacterium"
"ASV3130","Bacteria","Bacteroidetes","Bacteroidales","Prevotellaceae","Prevotella"
"ASV31321","Bacteria","Proteobacteria","Orbales","Orbaceae","Gilliamella"
"ASV3134","Bacteria","Actinobacteria","Micrococcales","Micrococcaceae","Rothia"
"ASV31414","Bacteria","Firmicutes","Lactobacillales","Lactobacillales spc","Lactobacillales spc"
"ASV3143","Bacteria","Firmicutes","Lactobacillales","Lactobacillaceae","Lactobacillaceae spc"
"ASV31433","Bacteria","Firmicutes","Lactobacillales","Lactobacillaceae","Lactobacillus"
"ASV31439","Bacteria","Firmicutes","Lactobacillales","Lactobacillaceae","Lactobacillus"
"ASV315","Bacteria","Firmicutes","Lactobacillales","Enterococcaceae","Vagococcus"
"ASV3150","Bacteria","Proteobacteria","Rhodospirillales","Acetobacteraceae","Bombella"
"ASV3151","Bacteria","Bacteroidetes","Bacteroidales","Prevotellaceae","Prevotella"
"ASV31522","Bacteria","Firmicutes","Lactobacillales","Lactobacillaceae","Lactobacillus"
"ASV3153","Bacteria","Proteobacteria","Proteobacteria spc","Proteobacteria spc","Proteobacteria spc"
"ASV3155","Bacteria","Firmicutes","Lactobacillales","Lactobacillaceae","Lactobacillus"
"ASV3157","Bacteria","Firmicutes","Clostridiales","Clostridiaceae","Clostridium"
"ASV31576","Bacteria","Proteobacteria","Enterobacterales","Erwiniaceae","Tatumella"
"ASV31578","Bacteria","Firmicutes","Lactobacillales","Streptococcaceae","Lactococcus"
"ASV316","Bacteria","Actinobacteria","Bifidobacteriales","Bifidobacteriaceae","Bifidobacteriaceae spc"
"ASV3160","Bacteria","Firmicutes","Lactobacillales","Lactobacillaceae","Lactobacillus"
"ASV31614","Bacteria","Firmicutes","Lactobacillales","Lactobacillaceae","Lactobacillus"
"ASV31686","Bacteria","Proteobacteria","Orbales","Orbaceae","Gilliamella"
"ASV31689","Bacteria","Firmicutes","Lactobacillales","Lactobacillaceae","Fructobacillus"
"ASV317","Bacteria","Proteobacteria","Neisseriales","Neisseriaceae","Snodgrassella"
"ASV3173","Bacteria","Proteobacteria","Rhodospirillales","Acetobacteraceae","Acetobacteraceae spc"
"ASV31773","Bacteria","Proteobacteria","Enterobacterales","Enterobacterales spc","Enterobacterales spc"
"ASV3178","Bacteria","Firmicutes","Clostridiales","Tissierellaceae","Tissierella"
"ASV318","Bacteria","Firmicutes","Lactobacillales","Streptococcaceae","Floricoccus"
"ASV3184","Bacteria","Proteobacteria","Neisseriales","Chromobacteriaceae","Vogesella"
"ASV31841","Bacteria","Firmicutes","Bacillales","Planococcaceae","Planomicrobium"
"ASV3185","Bacteria","Actinobacteria","Mycobacteriales","Corynebacteriaceae","Corynebacterium"
"ASV3189","Bacteria","Tenericutes","Entomoplasmatales","Spiroplasmataceae","Spiroplasma"
"ASV319","Bacteria","Proteobacteria","Sphingomonadales","Sphingomonadaceae","Sphingobium"
"ASV3191","Bacteria","Proteobacteria","Burkholderiales","Comamonadaceae","Comamonas"
"ASV3192","Bacteria","Proteobacteria","Sphingomonadales","Erythrobacteraceae","Novosphingobium"
"ASV31938","Bacteria","Firmicutes","Firmicutes spc","Firmicutes spc","Firmicutes spc"
"ASV3197","Bacteria","Spirochaetes","Spirochaetales","Spirochaetaceae","Treponema"
"ASV32","Bacteria","Proteobacteria","Orbales","Orbaceae","Orbus"
"ASV320","Bacteria","Firmicutes","Clostridiales","Ruminococcaceae","Ruminococcaceae spc"
"ASV3200","Bacteria","Firmicutes","Lactobacillales","Lactobacillaceae","Lactobacillus"
"ASV3202","Bacteria","Actinobacteria","Bifidobacteriales","Bifidobacteriaceae","Bifidobacterium"
"ASV32044","Bacteria","Proteobacteria","Rhizobiales","Bartonellaceae","Bartonella"
"ASV3207","Bacteria","Firmicutes","Lactobacillales","Lactobacillaceae","Liquorilactobacillus"
"ASV32082","Bacteria","Proteobacteria","Rhodospirillales","Acetobacteraceae","Commensalibacter"
"ASV321","Bacteria","Proteobacteria","Sphingomonadales","Sphingomonadaceae","Sphingomonas"
"ASV3212","Bacteria","Firmicutes","Bacillales","Bacillaceae","Bacillus"
"ASV3215","Bacteria","Proteobacteria","Rhodospirillales","Rhodospirillales spc","Rhodospirillales spc"
"ASV322","Bacteria","Proteobacteria","Rickettsiales","Anaplasmataceae","Wolbachia"
"ASV3220","Bacteria","Proteobacteria","Pseudomonadales","Pseudomonadaceae","Pseudomonas"
"ASV32235","Bacteria","Proteobacteria","Oceanospirillales","Halomonadaceae","Halomonadaceae spc"
"ASV323","Bacteria","Firmicutes","Lactobacillales","Lactobacillaceae","Levilactobacillus"
"ASV32315","Bacteria","Firmicutes","Lactobacillales","Lactobacillaceae","Lactobacillaceae spc"
"ASV3232","Bacteria","Actinobacteria","Coriobacteriales","Coriobacteriales spc","Coriobacteriales spc"
"ASV3234","Bacteria","Bacteroidetes","Bacteroidales","Bacteroidaceae","Bacteroides"
"ASV3245","Bacteria","Actinobacteria","Bifidobacteriales","Bifidobacteriaceae","Bifidobacteriaceae spc"
"ASV3246","Bacteria","Firmicutes","Lactobacillales","Lactobacillaceae","Lacticaseibacillus"
"ASV3248","Bacteria","Proteobacteria","Rickettsiales","Anaplasmataceae","Wolbachia"
"ASV325","Bacteria","Bacteroidetes","Flavobacteriales","Weeksellaceae","Cloacibacterium"
"ASV3250","Bacteria","Acidobacteria","Acidobacteriales","Acidobacteriaceae","Candidatus-Koribacter"
"ASV32505","Bacteria","Firmicutes","Lactobacillales","Lactobacillaceae","Bombilactobacillus"
"ASV32531","Bacteria","Proteobacteria","Pseudomonadales","Pseudomonadaceae","Pseudomonas"
"ASV32574","Bacteria","Proteobacteria","Oceanospirillales","Halomonadaceae","Zymobacter"
"ASV326","Bacteria","Proteobacteria","Burkholderiales","Comamonadaceae","Comamonas"
"ASV3260","Bacteria","Bacteroidetes","Bacteroidales","Dysgonomonadaceae","Dysgonomonas"
"ASV3263","Bacteria","Firmicutes","Clostridiales","Ruminococcaceae","Candidatus-Soleaferrea"
"ASV32637","Bacteria","Firmicutes","Lactobacillales","Lactobacillaceae","Lactobacillus"
"ASV3267","Bacteria","Proteobacteria","Rhodospirillales","Acetobacteraceae","Gluconobacter"
"ASV32686","Bacteria","Firmicutes","Firmicutes spc","Firmicutes spc","Firmicutes spc"
"ASV32687","Bacteria","Proteobacteria","Enterobacterales","Erwiniaceae","Erwinia"
"ASV327","Bacteria","Firmicutes","Clostridiales","Peptoniphilaceae","Gallicola"
"ASV328","Bacteria","Actinobacteria","Bifidobacteriales","Bifidobacteriaceae","Bifidobacterium"
"ASV32848","Bacteria","Firmicutes","Bacillales","Staphylococcaceae","Staphylococcus"
"ASV3285","Bacteria","Firmicutes","Lactobacillales","Lactobacillaceae","Lactobacillus"
"ASV32883","Bacteria","Proteobacteria","Pseudomonadales","Pseudomonadaceae","Pseudomonas"
"ASV329","Bacteria","Firmicutes","Selenomonadales","Selenomonadaceae","Pectinatus"
"ASV3290","Bacteria","Bacteroidetes","Flavobacteriales","Weeksellaceae","Empedobacter"
"ASV33","Bacteria","Proteobacteria","Rhodospirillales","Acetobacteraceae","Bombella"
"ASV330","Bacteria","Proteobacteria","Pseudomonadales","Moraxellaceae","Acinetobacter"
"ASV33010","Bacteria","Proteobacteria","Proteobacteria spc","Proteobacteria spc","Proteobacteria spc"
"ASV33038","Bacteria","Proteobacteria","Orbales","Orbaceae","Orbaceae spc"
"ASV33040","Bacteria","Firmicutes","Lactobacillales","Lactobacillaceae","Lactobacillus"
"ASV3305","Bacteria","Actinobacteria","Mycobacteriales","Gordoniaceae","Gordonia"
"ASV33051","Bacteria","Firmicutes","Lactobacillales","Lactobacillaceae","Lactobacillus"
"ASV33053","Bacteria","Firmicutes","Lactobacillales","Lactobacillaceae","Lactobacillus"
"ASV331","Bacteria","Proteobacteria","Rhodospirillales","Acetobacteraceae","Saccharibacter"
"ASV33138","Bacteria","Firmicutes","Lactobacillales","Lactobacillaceae","Lactobacillus"
"ASV3314","Bacteria","Firmicutes","Lactobacillales","Lactobacillaceae","Lactobacillus"
"ASV3315","Bacteria","Fusobacteria","Fusobacteriales","Fusobacteriaceae","Cetobacterium"
"ASV33196","Bacteria","Firmicutes","Lactobacillales","Lactobacillaceae","Leuconostoc"
"ASV332","Bacteria","Proteobacteria","Pseudomonadales","Moraxellaceae","Acinetobacter"
"ASV3321","Bacteria","Actinobacteria","Bifidobacteriales","Bifidobacteriaceae","Bifidobacterium"
"ASV33242","Bacteria","Proteobacteria","Enterobacterales","Enterobacterales spc","Enterobacterales spc"
"ASV33243","Bacteria","Actinobacteria","Bifidobacteriales","Bifidobacteriaceae","Bifidobacteriaceae spc"
"ASV333","Bacteria","Firmicutes","Lactobacillales","Lactobacillaceae","Latilactobacillus"
"ASV3335","Bacteria","Actinobacteria","Bifidobacteriales","Bifidobacteriaceae","Bifidobacterium"
"ASV33370","Bacteria","Firmicutes","Lactobacillales","Streptococcaceae","Lactococcus"
"ASV334","Bacteria","Bacteroidetes","Flavobacteriales","Flavobacteriaceae","Flavobacterium"
"ASV33405","Bacteria","Firmicutes","Firmicutes spc","Firmicutes spc","Firmicutes spc"
"ASV33483","Bacteria","Proteobacteria","Enterobacterales","Enterobacteriaceae","Biostraticola"
"ASV335","Bacteria","Proteobacteria","Rickettsiales","Rickettsiales Incertae Sedis","Candidatus-Hepatincola"
"ASV3353","Bacteria","Actinobacteria","Actinomycetales","Actinomycetaceae","Actinomyces"
"ASV3359","Bacteria","Proteobacteria","Pseudomonadales","Moraxellaceae","Acinetobacter"
"ASV336","Bacteria","Proteobacteria","Rhodospirillales","Acetobacteraceae","Commensalibacter"
"ASV33608","Bacteria","Firmicutes","Lactobacillales","Lactobacillaceae","Lactobacillus"
"ASV3363","Bacteria","Proteobacteria","Rhodospirillales","Acetobacteraceae","Acetobacter"
"ASV3366","Bacteria","Actinobacteria","Bifidobacteriales","Bifidobacteriaceae","Bifidobacteriaceae spc"
"ASV33672","Bacteria","Firmicutes","Lactobacillales","Lactobacillales spc","Lactobacillales spc"
"ASV33675","Bacteria","Firmicutes","Bacillales","Staphylococcaceae","Staphylococcus"
"ASV337","Bacteria","Proteobacteria","Oceanospirillales","Halomonadaceae","Halotalea"
"ASV33723","Bacteria","Proteobacteria","Orbales","Orbaceae","Orbaceae spc"
"ASV33731","Bacteria","Proteobacteria","Proteobacteria spc","Proteobacteria spc","Proteobacteria spc"
"ASV33752","Bacteria","Firmicutes","Firmicutes spc","Firmicutes spc","Firmicutes spc"
"ASV33757","Bacteria","Firmicutes","Firmicutes spc","Firmicutes spc","Firmicutes spc"
"ASV33763","Bacteria","Firmicutes","Lactobacillales","Lactobacillaceae","Fructobacillus"
"ASV3379","Bacteria","Proteobacteria","Enterobacterales","Enterobacterales spc","Enterobacterales spc"
"ASV338","Bacteria","Bacteroidetes","Bacteroidales","Prevotellaceae","Prevotella"
"ASV3388","Bacteria","Proteobacteria","Proteobacteria spc","Proteobacteria spc","Proteobacteria spc"
"ASV33880","Bacteria","Proteobacteria","Proteobacteria spc","Proteobacteria spc","Proteobacteria spc"
"ASV339","Bacteria","Proteobacteria","Enterobacterales","Pectobacteriaceae","Sodalis"
"ASV33913","Bacteria","Firmicutes","Lactobacillales","Lactobacillaceae","Lactobacillaceae spc"
"ASV33914","Bacteria","Firmicutes","Lactobacillales","Lactobacillaceae","Bombilactobacillus"
"ASV34","Bacteria","Proteobacteria","Pseudomonadales","Moraxellaceae","Acinetobacter"
"ASV340","Bacteria","Firmicutes","Lactobacillales","Lactobacillaceae","Lactobacillus"
"ASV3400","Bacteria","Firmicutes","Clostridiales","Ruminococcaceae","Ruminococcaceae spc"
"ASV341","Bacteria","Proteobacteria","Rhodospirillales","Acetobacteraceae","Saccharibacter"
"ASV34157","Bacteria","Proteobacteria","Rhodospirillales","Acetobacteraceae","Bombella"
"ASV3419","Bacteria","Actinobacteria","Bifidobacteriales","Bifidobacteriaceae","Bifidobacterium"
"ASV34194","Bacteria","Proteobacteria","Enterobacterales","Enterobacterales spc","Enterobacterales spc"
"ASV342","Bacteria","Proteobacteria","Rhodospirillales","Acetobacteraceae","Commensalibacter"
"ASV3420","Bacteria","Proteobacteria","Xanthomonadales","Xanthomonadaceae","Wohlfahrtiimonas"
"ASV3424","Bacteria","Proteobacteria","Vibrionales","Vibrionaceae","Vibrio"
"ASV34283","Bacteria","Firmicutes","Firmicutes spc","Firmicutes spc","Firmicutes spc"
"ASV343","Bacteria","Tenericutes","Entomoplasmatales","Spiroplasmataceae","Spiroplasma"
"ASV34305","Bacteria","Proteobacteria","Oceanospirillales","Halomonadaceae","Zymobacter"
"ASV344","Bacteria","Proteobacteria","Oceanospirillales","Halomonadaceae","Carnimonas"
"ASV3442","Bacteria","Firmicutes","Lactobacillales","Lactobacillaceae","Liquorilactobacillus"
"ASV34457","Bacteria","Firmicutes","Lactobacillales","Enterococcaceae","Enterococcus"
"ASV3448","Bacteria","Proteobacteria","Rhodospirillales","Acetobacteraceae","Acetobacter"
"ASV345","Bacteria","Bacteroidetes","Bacteroidales","Prevotellaceae","Prevotella"
"ASV3451","Bacteria","Firmicutes","Bacillales","Bacillales Incertae Sedis XII","Exiguobacterium"
"ASV3452","Bacteria","Actinobacteria","Bifidobacteriales","Bifidobacteriaceae","Bifidobacterium"
"ASV346","Bacteria","Firmicutes","Bacillales","Bacillaceae","Bacillus"
"ASV34609","Bacteria","Proteobacteria","Rhodospirillales","Acetobacteraceae","Swaminathania"
"ASV34625","Bacteria","Firmicutes","Lactobacillales","Streptococcaceae","Lactococcus"
"ASV34626","Bacteria","Proteobacteria","Pseudomonadales","Pseudomonadaceae","Entomomonas"
"ASV34633","Bacteria","Firmicutes","Lactobacillales","Enterococcaceae","Enterococcus"
"ASV3466","Bacteria","Tenericutes","Entomoplasmatales","Spiroplasmataceae","Spiroplasma"
"ASV34665","Bacteria","Firmicutes","Lactobacillales","Lactobacillaceae","Fructobacillus"
"ASV34672","Bacteria","Proteobacteria","Rhodospirillales","Acetobacteraceae","Commensalibacter"
"ASV34673","Bacteria","Proteobacteria","Rhodospirillales","Acetobacteraceae","Commensalibacter"
"ASV3468","Bacteria","Proteobacteria","Sphingomonadales","Sphingomonadaceae","Sphingomonas"
"ASV347","Bacteria","Proteobacteria","Oceanospirillales","Halomonadaceae","Carnimonas"
"ASV34729","Bacteria","Proteobacteria","Pseudomonadales","Pseudomonadaceae","Pseudomonas"
"ASV3474","Bacteria","Proteobacteria","Orbales","Orbaceae","Gilliamella"
"ASV3478","Bacteria","Proteobacteria","Proteobacteria spc","Proteobacteria spc","Proteobacteria spc"
"ASV348","Bacteria","Proteobacteria","Pseudomonadales","Moraxellaceae","Acinetobacter"
"ASV34810","Bacteria","Proteobacteria","Pseudomonadales","Moraxellaceae","Acinetobacter"
"ASV34816","Bacteria","Firmicutes","Lactobacillales","Lactobacillaceae","Lactobacillus"
"ASV34830","Bacteria","Actinobacteria","Bifidobacteriales","Bifidobacteriaceae","Bifidobacterium"
"ASV34840","Bacteria","Firmicutes","Firmicutes spc","Firmicutes spc","Firmicutes spc"
"ASV34845","Bacteria","Proteobacteria","Orbales","Orbaceae","Frischella"
"ASV34851","Bacteria","Proteobacteria","Oceanospirillales","Halomonadaceae","Halomonadaceae spc"
"ASV34853","Bacteria","Proteobacteria","Proteobacteria spc","Proteobacteria spc","Proteobacteria spc"
"ASV3486","Bacteria","Bacteroidetes","Flavobacteriales","Flavobacteriaceae","Myroides"
"ASV34930","Bacteria","Proteobacteria","Rhodospirillales","Acetobacteraceae","Acetobacteraceae spc"
"ASV3498","Bacteria","Bacteroidetes","Flavobacteriales","Flavobacteriaceae","Myroides"
"ASV35","Bacteria","Proteobacteria","Rhodospirillales","Acetobacteraceae","Asaia"
"ASV350","Bacteria","Actinobacteria","Micrococcales","Microbacteriaceae","Curtobacterium"
"ASV35054","Bacteria","Proteobacteria","Pseudomonadales","Pseudomonadaceae","Pseudomonas"
"ASV351","Bacteria","Proteobacteria","Oceanospirillales","Halomonadaceae","Halomonas"
"ASV35106","Bacteria","Firmicutes","Firmicutes spc","Firmicutes spc","Firmicutes spc"
"ASV35208","Bacteria","Firmicutes","Lactobacillales","Lactobacillaceae","Latilactobacillus"
"ASV35209","Bacteria","Firmicutes","Lactobacillales","Lactobacillales spc","Lactobacillales spc"
"ASV3527","Bacteria","Proteobacteria","Rhodospirillales","Acetobacteraceae","Tanticharoenia"
"ASV3530","Bacteria","Firmicutes","Selenomonadales","Selenomonadaceae","Anaerovibrio"
"ASV35375","Bacteria","Firmicutes","Lactobacillales","Lactobacillaceae","Lactobacillus"
"ASV35397","Bacteria","Proteobacteria","Orbales","Orbaceae","Orbaceae spc"
"ASV354","Bacteria","Proteobacteria","Enterobacterales","Pectobacteriaceae","Sodalis"
"ASV35405","Bacteria","Firmicutes","Firmicutes spc","Firmicutes spc","Firmicutes spc"
"ASV3545","Bacteria","Proteobacteria","Xanthomonadales","Xanthomonadaceae","Stenotrophomonas"
"ASV35463","Bacteria","Firmicutes","Firmicutes spc","Firmicutes spc","Firmicutes spc"
"ASV3547","Bacteria","Actinobacteria","Bifidobacteriales","Bifidobacteriaceae","Bifidobacterium"
"ASV355","Bacteria","Firmicutes","Lactobacillales","Lactobacillaceae","Lactobacillus"
"ASV35533","Bacteria","Actinobacteria","Bifidobacteriales","Bifidobacteriaceae","Bifidobacterium"
"ASV35546","Bacteria","Firmicutes","Lactobacillales","Lactobacillaceae","Lactobacillus"
"ASV3558","Bacteria","Proteobacteria","Enterobacterales","Erwiniaceae","Erwinia"
"ASV356","Bacteria","Proteobacteria","Rhizobiales","Methylobacteriaceae","Methylobacterium"
"ASV35627","Bacteria","Firmicutes","Lactobacillales","Enterococcaceae","Enterococcus"
"ASV3564","Bacteria","Actinobacteria","Micrococcales","Micrococcaceae","Nesterenkonia"
"ASV35641","Bacteria","Firmicutes","Firmicutes spc","Firmicutes spc","Firmicutes spc"
"ASV35689","Bacteria","Firmicutes","Firmicutes spc","Firmicutes spc","Firmicutes spc"
"ASV357","Bacteria","Firmicutes","Lactobacillales","Lactobacillaceae","Fructobacillus"
"ASV35701","Bacteria","Firmicutes","Selenomonadales","Selenomonadaceae","Selenomonadaceae spc"
"ASV35704","Bacteria","Firmicutes","Lactobacillales","Lactobacillaceae","Ligilactobacillus"
"ASV3571","Bacteria","Firmicutes","Clostridiales","Clostridiaceae","Clostridium"
"ASV358","Bacteria","Firmicutes","Bacillales","Planococcaceae","Kurthia"
"ASV3583","Bacteria","Proteobacteria","Rickettsiales","Anaplasmataceae","Wolbachia"
"ASV35836","Bacteria","Firmicutes","Lactobacillales","Lactobacillaceae","Lactobacillaceae spc"
"ASV35839","Bacteria","Firmicutes","Firmicutes spc","Firmicutes spc","Firmicutes spc"
"ASV3586","Bacteria","Firmicutes","Clostridiales","Peptoniphilaceae","Peptoniphilus"
"ASV35863","Bacteria","Firmicutes","Lactobacillales","Lactobacillaceae","Bombilactobacillus"
"ASV35878","Bacteria","Proteobacteria","Rhizobiales","Bartonellaceae","Bartonella"
"ASV35893","Bacteria","Proteobacteria","Oceanospirillales","Halomonadaceae","Halotalea"
"ASV3596","Bacteria","Bacteroidetes","Bacteroidales","Dysgonomonadaceae","Dysgonomonas"
"ASV3597","Bacteria","Firmicutes","Clostridiales","Ruminococcaceae","Candidatus-Soleaferrea"
"ASV3598","Bacteria","Actinobacteria","Bifidobacteriales","Bifidobacteriaceae","Bifidobacteriaceae spc"
"ASV36","Bacteria","Proteobacteria","Enterobacterales","Enterobacteriaceae","Cedecea"
"ASV360","Bacteria","Firmicutes","Lactobacillales","Lactobacillaceae","Fructobacillus"
"ASV3602","Bacteria","Bacteroidetes","Flavobacteriales","Weeksellaceae","Chryseobacterium"
"ASV3603","Bacteria","Actinobacteria","Bifidobacteriales","Bifidobacteriaceae","Bifidobacterium"
"ASV3606","Bacteria","Actinobacteria","Bifidobacteriales","Bifidobacteriaceae","Bifidobacterium"
"ASV3607","Bacteria","Proteobacteria","Neisseriales","Neisseriaceae","Vitreoscilla"
"ASV36132","Bacteria","Actinobacteria","Coriobacteriales","Atopobiaceae","Atopobium"
"ASV3617","Bacteria","Proteobacteria","Burkholderiales","Comamonadaceae","Delftia"
"ASV362","Bacteria","Proteobacteria","Enterobacterales","Pectobacteriaceae","Brenneria"
"ASV3623","Bacteria","Proteobacteria","Enterobacterales","Morganellaceae","Arsenophonus"
"ASV36289","Bacteria","Proteobacteria","Rhodospirillales","Acetobacteraceae","Saccharibacter"
"ASV363","Bacteria","Proteobacteria","Rhodospirillales","Acetobacteraceae","Neokomagataea"
"ASV36305","Bacteria","Proteobacteria","Enterobacterales","Yersiniaceae","Rahnella"
"ASV36321","Bacteria","Firmicutes","Firmicutes spc","Firmicutes spc","Firmicutes spc"
"ASV3635","Bacteria","Proteobacteria","Desulfovibrionales","Desulfovibrionaceae","Desulfovibrio"
"ASV36397","Bacteria","Firmicutes","Bacillales","Staphylococcaceae","Staphylococcus"
"ASV364","Bacteria","Proteobacteria","Enterobacterales","Morganellaceae","Moellerella"
"ASV3640","Bacteria","Proteobacteria","Xanthomonadales","Rhodanobacteraceae","Dyella"
"ASV3645","Bacteria","Proteobacteria","Burkholderiales","Comamonadaceae","Comamonadaceae spc"
"ASV365","Bacteria","Bacteroidetes","Flavobacteriales","Weeksellaceae","Chryseobacterium"
"ASV3658","Bacteria","Verrucomicrobia","Chthoniobacterales","Chthoniobacteraceae","Chthoniobacteraceae family"
"ASV3661","Bacteria","Bacteroidetes","Bacteroidales","Dysgonomonadaceae","Dysgonomonas"
"ASV36658","Bacteria","Proteobacteria","Rhodospirillales","Acetobacteraceae","Swaminathania"
"ASV3666","Bacteria","Proteobacteria","Xanthomonadales","Xanthomonadaceae","Xanthomonadaceae spc"
"ASV3667","Bacteria","Proteobacteria","Proteobacteria spc","Proteobacteria spc","Proteobacteria spc"
"ASV3669","Bacteria","Proteobacteria","Xanthomonadales","Xanthomonadaceae","Ignatzschineria"
"ASV367","Bacteria","Proteobacteria","Enterobacterales","Enterobacteriaceae","Mangrovibacter"
"ASV3671","Bacteria","Proteobacteria","Proteobacteria spc","Proteobacteria spc","Proteobacteria spc"
"ASV36785","Bacteria","Firmicutes","Firmicutes spc","Firmicutes spc","Firmicutes spc"
"ASV368","Bacteria","Proteobacteria","Neisseriales","Neisseriaceae","Snodgrassella"
"ASV3686","Bacteria","Bacteroidetes","Bacteroidales","Prevotellaceae","Prevotella"
"ASV369","Bacteria","Actinobacteria","Coriobacteriales","Atopobiaceae","Atopobium"
"ASV36929","Bacteria","Proteobacteria","Neisseriales","Neisseriaceae","Snodgrassella"
"ASV36941","Bacteria","Proteobacteria","Proteobacteria spc","Proteobacteria spc","Proteobacteria spc"
"ASV3695","Bacteria","Actinobacteria","Bifidobacteriales","Bifidobacteriaceae","Bifidobacterium"
"ASV3697","Bacteria","Bacteroidetes","Flavobacteriales","Weeksellaceae","Chryseobacterium"
"ASV37","Bacteria","Proteobacteria","Pseudomonadales","Moraxellaceae","Acinetobacter"
"ASV370","Bacteria","Proteobacteria","Pseudomonadales","Pseudomonadaceae","Pseudomonas"
"ASV3702","Bacteria","Proteobacteria","Rickettsiales","Anaplasmataceae","Wolbachia"
"ASV3707","Bacteria","Proteobacteria","Rhodospirillales","Acetobacteraceae","Gluconobacter"
"ASV3708","Bacteria","Bacteroidetes","Bacteroidales","Prevotellaceae","Prevotella"
"ASV371","Bacteria","Bacteroidetes","Flavobacteriales","Weeksellaceae","Chishuiella"
"ASV3711","Bacteria","Proteobacteria","Burkholderiales","Comamonadaceae","Comamonas"
"ASV37130","Bacteria","Firmicutes","Bacillales","Staphylococcaceae","Staphylococcus"
"ASV372","Bacteria","Firmicutes","Lactobacillales","Lactobacillaceae","Fructobacillus"
"ASV37252","Bacteria","Proteobacteria","Proteobacteria spc","Proteobacteria spc","Proteobacteria spc"
"ASV37255","Bacteria","Firmicutes","Lactobacillales","Lactobacillaceae","Liquorilactobacillus"
"ASV373","Bacteria","Proteobacteria","Enterobacterales","Pectobacteriaceae","Sodalis"
"ASV37318","Bacteria","Firmicutes","Lactobacillales","Lactobacillales spc","Lactobacillales spc"
"ASV37351","Bacteria","Proteobacteria","Proteobacteria spc","Proteobacteria spc","Proteobacteria spc"
"ASV3736","Bacteria","Proteobacteria","Neisseriales","Neisseriaceae","Vitreoscilla"
"ASV3737","Bacteria","Firmicutes","Firmicutes spc","Firmicutes spc","Firmicutes spc"
"ASV374","Bacteria","Proteobacteria","Enterobacterales","Pectobacteriaceae","Sodalis"
"ASV37406","Bacteria","Firmicutes","Lactobacillales","Lactobacillaceae","Lactobacillus"
"ASV3744","Bacteria","Firmicutes","Lactobacillales","Lactobacillaceae","Ligilactobacillus"
"ASV3745","Bacteria","Proteobacteria","Proteobacteria spc","Proteobacteria spc","Proteobacteria spc"
"ASV3749","Bacteria","Bacteroidetes","Flavobacteriales","Weeksellaceae","Chryseobacterium"
"ASV375","Bacteria","Proteobacteria","Xanthomonadales","Xanthomonadaceae","Wohlfahrtiimonas"
"ASV3751","Bacteria","Actinobacteria","Mycobacteriales","Corynebacteriaceae","Corynebacterium"
"ASV3752","Bacteria","Proteobacteria","Neisseriales","Neisseriaceae","Snodgrassella"
"ASV3754","Bacteria","Bacteroidetes","Bacteroidales","Prevotellaceae","Prevotella"
"ASV376","Bacteria","Actinobacteria","Bifidobacteriales","Bifidobacteriaceae","Bifidobacterium"
"ASV3764","Bacteria","Firmicutes","Clostridiales","Clostridiales spc","Clostridiales spc"
"ASV37666","Bacteria","Firmicutes","Firmicutes spc","Firmicutes spc","Firmicutes spc"
"ASV377","Bacteria","Proteobacteria","Orbales","Orbaceae","Gilliamella"
"ASV3778","Bacteria","Bacteroidetes","Flavobacteriales","Flavobacteriaceae","Myroides"
"ASV378","Bacteria","Proteobacteria","Pseudomonadales","Pseudomonadaceae","Pseudomonas"
"ASV37801","Bacteria","Proteobacteria","Pseudomonadales","Pseudomonadaceae","Pseudomonas"
"ASV37811","Bacteria","Firmicutes","Lactobacillales","Lactobacillales spc","Lactobacillales spc"
"ASV3783","Bacteria","Proteobacteria","Sphingomonadales","Sphingomonadaceae","Sphingomonas"
"ASV37893","Bacteria","Firmicutes","Lactobacillales","Lactobacillaceae","Lactobacillus"
"ASV37895","Bacteria","Firmicutes","Lactobacillales","Lactobacillaceae","Lactobacillus"
"ASV38","Bacteria","Proteobacteria","Enterobacterales","Erwiniaceae","Pantoea"
"ASV380","Bacteria","Bacteroidetes","Flavobacteriales","Weeksellaceae","Apibacter"
"ASV3800","Bacteria","Proteobacteria","Burkholderiales","Oxalobacteraceae","Massilia"
"ASV38018","Bacteria","Firmicutes","Lactobacillales","Lactobacillaceae","Lactobacillus"
"ASV38039","Bacteria","Firmicutes","Clostridiales","Peptostreptococcaceae","Peptostreptococcus"
"ASV38047","Bacteria","Firmicutes","Lactobacillales","Lactobacillaceae","Lactobacillaceae spc"
"ASV38054","Bacteria","Proteobacteria","Oceanospirillales","Halomonadaceae","Halomonadaceae spc"
"ASV38056","Bacteria","Proteobacteria","Rhodospirillales","Acetobacteraceae","Acetobacteraceae spc"
"ASV381","Bacteria","Proteobacteria","Pseudomonadales","Pseudomonadaceae","Pseudomonas"
"ASV382","Bacteria","Proteobacteria","Rhodospirillales","Acetobacteraceae","Commensalibacter"
"ASV3822","Bacteria","Proteobacteria","Sphingomonadales","Erythrobacteraceae","Novosphingobium"
"ASV383","Bacteria","Proteobacteria","Enterobacterales","Enterobacteriaceae","Izhakiella"
"ASV38388","Bacteria","Firmicutes","Firmicutes spc","Firmicutes spc","Firmicutes spc"
"ASV38421","Bacteria","Proteobacteria","Enterobacterales","Enterobacteriaceae","Klebsiella"
"ASV3845","Bacteria","Bacteroidetes","Flavobacteriales","Flavobacteriaceae","Myroides"
"ASV3849","Bacteria","Firmicutes","Lactobacillales","Lactobacillaceae","Lactobacillus"
"ASV385","Bacteria","Proteobacteria","Neisseriales","Neisseriaceae","Snodgrassella"
"ASV38501","Bacteria","Firmicutes","Lactobacillales","Lactobacillaceae","Lactobacillus"
"ASV38507","Bacteria","Firmicutes","Firmicutes spc","Firmicutes spc","Firmicutes spc"
"ASV38534","Bacteria","Proteobacteria","Orbales","Orbaceae","Gilliamella"
"ASV386","Bacteria","Proteobacteria","Rhizobiales","Rhizobiaceae","Agrobacterium"
"ASV3862","Bacteria","Firmicutes","Lactobacillales","Lactobacillaceae","Bombilactobacillus"
"ASV38636","Bacteria","Firmicutes","Lactobacillales","Lactobacillaceae","Levilactobacillus"
"ASV3864","Bacteria","Proteobacteria","Enterobacterales","Pectobacteriaceae","Brenneria"
"ASV3866","Bacteria","Proteobacteria","Enterobacterales","Yersiniaceae","Yersinia"
"ASV3868","Bacteria","Bacteroidetes","Bacteroidales","Prevotellaceae","Prevotella"
"ASV387","Bacteria","Firmicutes","Culicoidibacterales","Culicoidibacterales spc","Culicoidibacterales spc"
"ASV38708","Bacteria","Proteobacteria","Proteobacteria spc","Proteobacteria spc","Proteobacteria spc"
"ASV38731","Bacteria","Tenericutes","Entomoplasmatales","Spiroplasmataceae","Spiroplasma"
"ASV388","Bacteria","Proteobacteria","Pseudomonadales","Pseudomonadaceae","Pseudomonas"
"ASV38898","Bacteria","Proteobacteria","Enterobacterales","Enterobacteriaceae","Klebsiella"
"ASV389","Bacteria","Bacteroidetes","Bacteroidales","Prevotellaceae","Prevotella"
"ASV38900","Bacteria","Proteobacteria","Oceanospirillales","Halomonadaceae","Halomonadaceae spc"
"ASV38901","Bacteria","Proteobacteria","Oceanospirillales","Halomonadaceae","Halomonadaceae spc"
"ASV3891","Bacteria","Bacteroidetes","Bacteroidales","Prevotellaceae","Prevotella"
"ASV38912","Bacteria","Firmicutes","Lactobacillales","Lactobacillaceae","Fructobacillus"
"ASV38978","Bacteria","Tenericutes","Entomoplasmatales","Spiroplasmataceae","Spiroplasma"
"ASV38997","Bacteria","Proteobacteria","Burkholderiales","Comamonadaceae","Comamonadaceae spc"
"ASV39","Bacteria","Proteobacteria","Pseudomonadales","Pseudomonadaceae","Pseudomonas"
"ASV390","Bacteria","Bacteroidetes","Bacteroidales","Porphyromonadaceae","Tannerella"
"ASV392","Bacteria","Firmicutes","Clostridiales","Clostridiaceae","Clostridium"
"ASV39258","Bacteria","Firmicutes","Lactobacillales","Lactobacillales spc","Lactobacillales spc"
"ASV39264","Bacteria","Proteobacteria","Orbales","Orbaceae","Orbaceae spc"
"ASV39274","Bacteria","Firmicutes","Lactobacillales","Lactobacillaceae","Lactobacillus"
"ASV393","Bacteria","Proteobacteria","Orbales","Orbaceae","Gilliamella"
"ASV3934","Bacteria","Actinobacteria","Bifidobacteriales","Bifidobacteriaceae","Bifidobacterium"
"ASV39394","Bacteria","Proteobacteria","Rickettsiales","Anaplasmataceae","Wolbachia"
"ASV394","Bacteria","Firmicutes","Lactobacillales","Lactobacillaceae","Leuconostoc"
"ASV3945","Bacteria","Actinobacteria","Actinomycetales","Actinomycetaceae","Actinomyces"
"ASV3947","Bacteria","Proteobacteria","Neisseriales","Neisseriaceae","Snodgrassella"
"ASV395","Bacteria","Firmicutes","Lactobacillales","Lactobacillaceae","Fructobacillus"
"ASV39532","Bacteria","Firmicutes","Clostridiales","Ruminococcaceae","Faecalibacterium"
"ASV396","Bacteria","Proteobacteria","Rhizobiales","Bartonellaceae","Bartonella"
"ASV39657","Bacteria","Proteobacteria","Proteobacteria spc","Proteobacteria spc","Proteobacteria spc"
"ASV397","Bacteria","Proteobacteria","Aeromonadales","Aeromonadaceae","Aeromonas"
"ASV39722","Bacteria","Proteobacteria","Rhizobiales","Rhizobiales spc","Rhizobiales spc"
"ASV39779","Bacteria","Firmicutes","Selenomonadales","Selenomonadaceae","Selenomonadaceae spc"
"ASV39784","Bacteria","Firmicutes","Lactobacillales","Lactobacillales spc","Lactobacillales spc"
"ASV3980","Bacteria","Firmicutes","Lactobacillales","Lactobacillaceae","Liquorilactobacillus"
"ASV3982","Bacteria","Actinobacteria","Coriobacteriales","Atopobiaceae","Atopobiaceae spc"
"ASV399","Bacteria","Bacteroidetes","Flavobacteriales","Flavobacteriales spc","Flavobacteriales spc"
"ASV39904","Bacteria","Proteobacteria","Rhodospirillales","Acetobacteraceae","Commensalibacter"
"ASV3992","Bacteria","Proteobacteria","Xanthomonadales","Xanthomonadaceae","Wohlfahrtiimonas"
"ASV4","Bacteria","Proteobacteria","Enterobacterales","Erwiniaceae","Pantoea"
"ASV40","Bacteria","Proteobacteria","Rickettsiales","Anaplasmataceae","Wolbachia"
"ASV4000","Bacteria","Proteobacteria","Neisseriales","Neisseriaceae","Snodgrassella"
"ASV40021","Bacteria","Proteobacteria","Pseudomonadales","Moraxellaceae","Acinetobacter"
"ASV4004","Bacteria","Firmicutes","Clostridiales","Clostridiaceae","Clostridium"
"ASV40047","Bacteria","Firmicutes","Lactobacillales","Lactobacillaceae","Lactobacillus"
"ASV40054","Bacteria","Proteobacteria","Enterobacterales","Enterobacteriaceae","Cedecea"
"ASV401","Bacteria","Firmicutes","Lactobacillales","Lactobacillaceae","Fructobacillus"
"ASV40168","Bacteria","Proteobacteria","Oceanospirillales","Halomonadaceae","Halomonadaceae spc"
"ASV40201","Bacteria","Firmicutes","Clostridiales","Clostridiales spc","Clostridiales spc"
"ASV40203","Bacteria","Proteobacteria","Pseudomonadales","Moraxellaceae","Acinetobacter"
"ASV40204","Bacteria","Proteobacteria","Rhodospirillales","Acetobacteraceae","Commensalibacter"
"ASV4022","Bacteria","Bacteroidetes","Flavobacteriales","Flavobacteriaceae","Myroides"
"ASV40246","Bacteria","Proteobacteria","Proteobacteria spc","Proteobacteria spc","Proteobacteria spc"
"ASV40269","Bacteria","Proteobacteria","Proteobacteria spc","Proteobacteria spc","Proteobacteria spc"
"ASV40279","Bacteria","Proteobacteria","Proteobacteria spc","Proteobacteria spc","Proteobacteria spc"
"ASV40303","Bacteria","Proteobacteria","Enterobacterales","Enterobacterales spc","Enterobacterales spc"
"ASV40328","Bacteria","Proteobacteria","Orbales","Orbaceae","Orbaceae spc"
"ASV40357","Bacteria","Firmicutes","Firmicutes spc","Firmicutes spc","Firmicutes spc"
"ASV40374","Bacteria","Firmicutes","Firmicutes spc","Firmicutes spc","Firmicutes spc"
"ASV4038","Bacteria","Campilobacterota","Campylobacterales","Arcobacteraceae","Aliarcobacter"
"ASV404","Bacteria","Firmicutes","Clostridiales","Tissierellaceae","Tissierella"
"ASV405","Bacteria","Proteobacteria","Rhodospirillales","Acetobacteraceae","Commensalibacter"
"ASV40531","Bacteria","Proteobacteria","Proteobacteria spc","Proteobacteria spc","Proteobacteria spc"
"ASV4055","Bacteria","Bacteroidetes","Flavobacteriales","Flavobacteriaceae","Myroides"
"ASV40550","Bacteria","Firmicutes","Lactobacillales","Lactobacillaceae","Lactobacillus"
"ASV40555","Bacteria","Proteobacteria","Proteobacteria spc","Proteobacteria spc","Proteobacteria spc"
"ASV406","Bacteria","Proteobacteria","Burkholderiales","Burkholderiaceae","Ralstonia"
"ASV40653","Bacteria","Proteobacteria","Enterobacterales","Enterobacteriaceae","Escherichia-Shigella"
"ASV40657","Bacteria","Firmicutes","Clostridiales","Peptoniphilaceae","Peptoniphilus"
"ASV40679","Bacteria","Firmicutes","Lactobacillales","Lactobacillaceae","Bombilactobacillus"
"ASV408","Bacteria","Firmicutes","Lactobacillales","Lactobacillaceae","Philodulcilactobacillus"
"ASV4082","Bacteria","Firmicutes","Lactobacillales","Lactobacillaceae","Lactobacillaceae spc"
"ASV409","Bacteria","Firmicutes","Clostridiales","Clostridiaceae","Clostridium"
"ASV40900","Bacteria","Firmicutes","Lactobacillales","Lactobacillaceae","Fructobacillus"
"ASV40947","Bacteria","Firmicutes","Lactobacillales","Lactobacillaceae","Lactobacillus"
"ASV40959","Bacteria","Proteobacteria","Neisseriales","Neisseriaceae","Snodgrassella"
"ASV4097","Bacteria","Actinobacteria","Bifidobacteriales","Bifidobacteriaceae","Bifidobacterium"
"ASV41","Bacteria","Proteobacteria","Pseudomonadales","Moraxellaceae","Acinetobacter"
"ASV410","Bacteria","Proteobacteria","Enterobacterales","Pectobacteriaceae","Brenneria"
"ASV41047","Bacteria","Bacteroidetes","Flavobacteriales","Weeksellaceae","Apibacter"
"ASV411","Bacteria","Proteobacteria","Rhodospirillales","Acetobacteraceae","Commensalibacter"
"ASV4110","Bacteria","Proteobacteria","Sphingomonadales","Sphingomonadaceae","Sphingomonas"
"ASV41110","Bacteria","Firmicutes","Lactobacillales","Enterococcaceae","Enterococcus"
"ASV41127","Bacteria","Proteobacteria","Pseudomonadales","Moraxellaceae","Acinetobacter"
"ASV41130","Bacteria","Firmicutes","Selenomonadales","Selenomonadaceae","Selenomonadaceae spc"
"ASV4114","Bacteria","Proteobacteria","Proteobacteria spc","Proteobacteria spc","Proteobacteria spc"
"ASV412","Bacteria","Firmicutes","Lactobacillales","Lactobacillaceae","Leuconostoc"
"ASV41240","Bacteria","Proteobacteria","Proteobacteria spc","Proteobacteria spc","Proteobacteria spc"
"ASV4125","Bacteria","Proteobacteria","Xanthomonadales","Xanthomonadaceae","Stenotrophomonas"
"ASV41250","Bacteria","Proteobacteria","Neisseriales","Neisseriaceae","Snodgrassella"
"ASV41270","Bacteria","Proteobacteria","Rhodospirillales","Acetobacteraceae","Saccharibacter"
"ASV413","Bacteria","Proteobacteria","Rhodospirillales","Acetobacteraceae","Gluconobacter"
"ASV4139","Bacteria","Bacteroidetes","Bacteroidales","Prevotellaceae","Prevotella"
"ASV414","Bacteria","Firmicutes","Lactobacillales","Lactobacillaceae","Apilactobacillus"
"ASV41408","Bacteria","Proteobacteria","Enterobacterales","Enterobacteriaceae","Klebsiella"
"ASV4145","Bacteria","Bacteroidetes","Bacteroidales","Bacteroidales spc","Bacteroidales spc"
"ASV415","Bacteria","Firmicutes","Clostridiales","Ruminococcaceae","Candidatus-Soleaferrea"
"ASV4155","Bacteria","Firmicutes","Lactobacillales","Lactobacillaceae","Lactobacillus"
"ASV41577","Bacteria","Proteobacteria","Proteobacteria spc","Proteobacteria spc","Proteobacteria spc"
"ASV416","Bacteria","Proteobacteria","Rhodospirillales","Acetobacteraceae","Commensalibacter"
"ASV4165","Bacteria","Proteobacteria","Desulfovibrionales","Desulfovibrionaceae","Desulfovibrio"
"ASV41652","Bacteria","Proteobacteria","Rhodospirillales","Acetobacteraceae","Acetobacteraceae spc"
"ASV41667","Bacteria","Proteobacteria","Proteobacteria spc","Proteobacteria spc","Proteobacteria spc"
"ASV4167","Bacteria","Proteobacteria","Sphingomonadales","Sphingomonadaceae","Sphingomonas"
"ASV41685","Bacteria","Actinobacteria","Mycobacteriales","Corynebacteriaceae","Corynebacterium"
"ASV41692","Bacteria","Proteobacteria","Pseudomonadales","Pseudomonadaceae","Entomomonas"
"ASV4170","Bacteria","Proteobacteria","Proteobacteria spc","Proteobacteria spc","Proteobacteria spc"
"ASV41701","Bacteria","Proteobacteria","Proteobacteria spc","Proteobacteria spc","Proteobacteria spc"
"ASV4172","Bacteria","Actinobacteria","Bifidobacteriales","Bifidobacteriaceae","Bifidobacterium"
"ASV4173","Bacteria","Actinobacteria","Acidothermales","Acidothermaceae","Acidothermus"
"ASV41798","Bacteria","Firmicutes","Selenomonadales","Selenomonadaceae","Selenomonadaceae spc"
"ASV4182","Bacteria","Firmicutes","Clostridiales","Ruminococcaceae","Faecalibacterium"
"ASV419","Bacteria","Proteobacteria","Burkholderiales","Comamonadaceae","Delftia"
"ASV4196","Bacteria","Firmicutes","Clostridiales","Clostridiaceae","Clostridium"
"ASV4197","Bacteria","Proteobacteria","Enterobacterales","Enterobacteriaceae","Biostraticola"
"ASV42","Bacteria","Proteobacteria","Enterobacterales","Yersiniaceae","Yersinia"
"ASV42036","Bacteria","Proteobacteria","Proteobacteria spc","Proteobacteria spc","Proteobacteria spc"
"ASV4208","Bacteria","Actinobacteria","Bifidobacteriales","Bifidobacteriaceae","Bifidobacterium"
"ASV421","Bacteria","Proteobacteria","Pseudomonadales","Pseudomonadaceae","Pseudomonas"
"ASV42162","Bacteria","Tenericutes","Entomoplasmatales","Spiroplasmataceae","Spiroplasma"
"ASV42174","Bacteria","Proteobacteria","Orbales","Orbaceae","Gilliamella"
"ASV42175","Bacteria","Proteobacteria","Rhizobiales","Bartonellaceae","Bartonella"
"ASV422","Bacteria","Proteobacteria","Sphingomonadales","Sphingomonadaceae","Sphingomonas"
"ASV4220","Bacteria","Actinobacteria","Bifidobacteriales","Bifidobacteriaceae","Bifidobacteriaceae spc"
"ASV4222","Bacteria","Firmicutes","Lactobacillales","Enterococcaceae","Enterococcus"
"ASV4224","Bacteria","Proteobacteria","Pseudomonadales","Pseudomonadaceae","Pseudomonas"
"ASV423","Bacteria","Proteobacteria","Enterobacterales","Morganellaceae","Arsenophonus"
"ASV4237","Bacteria","Proteobacteria","Orbales","Orbaceae","Gilliamella"
"ASV424","Bacteria","Proteobacteria","Rhodospirillales","Acetobacteraceae","Commensalibacter"
"ASV425","Bacteria","Proteobacteria","Burkholderiales","Burkholderiales spc","Burkholderiales spc"
"ASV4256","Bacteria","Firmicutes","Clostridiales","Clostridiaceae","Clostridiaceae spc"
"ASV42612","Bacteria","Firmicutes","Lactobacillales","Lactobacillaceae","Lactobacillaceae spc"
"ASV42613","Bacteria","Actinobacteria","Bifidobacteriales","Bifidobacteriaceae","Bifidobacteriaceae spc"
"ASV42649","Bacteria","Proteobacteria","Neisseriales","Neisseriaceae","Snodgrassella"
"ASV42653","Bacteria","Proteobacteria","Proteobacteria spc","Proteobacteria spc","Proteobacteria spc"
"ASV427","Bacteria","Actinobacteria","Bifidobacteriales","Bifidobacteriaceae","Bifidobacterium"
"ASV4275","Bacteria","Proteobacteria","Neisseriales","Neisseriaceae","Snodgrassella"
"ASV42760","Bacteria","Proteobacteria","Orbales","Orbaceae","Gilliamella"
"ASV428","Bacteria","Firmicutes","Lactobacillales","Lactobacillaceae","Latilactobacillus"
"ASV4280","Bacteria","Proteobacteria","Xanthomonadales","Xanthomonadaceae","Ignatzschineria"
"ASV4284","Bacteria","Bacteroidetes","Bacteroidales","Prevotellaceae","Prevotella"
"ASV429","Bacteria","Proteobacteria","Sphingomonadales","Sphingomonadaceae","Sphingomonas"
"ASV42912","Bacteria","Proteobacteria","Pseudomonadales","Moraxellaceae","Acinetobacter"
"ASV42919","Bacteria","Firmicutes","Bacillales","Planococcaceae","Kurthia"
"ASV42928","Bacteria","Firmicutes","Lactobacillales","Streptococcaceae","Lactococcus"
"ASV42952","Bacteria","Proteobacteria","Proteobacteria spc","Proteobacteria spc","Proteobacteria spc"
"ASV43","Bacteria","Bacteroidetes","Flavobacteriales","Weeksellaceae","Apibacter"
"ASV430","Bacteria","Proteobacteria","Rhizobiales","Rhizobiales spc","Rhizobiales spc"
"ASV43056","Bacteria","Firmicutes","Selenomonadales","Selenomonadaceae","Selenomonadaceae spc"
"ASV4308","Bacteria","Proteobacteria","Burkholderiales","Comamonadaceae","Comamonadaceae spc"
"ASV431","Bacteria","Firmicutes","Lactobacillales","Lactobacillaceae","Lactobacillus"
"ASV4314","Bacteria","Chloroflexi","Chloroflexi spc","Chloroflexi spc","Chloroflexi spc"
"ASV432","Bacteria","Proteobacteria","Rhodospirillales","Acetobacteraceae","Gluconobacter"
"ASV43206","Bacteria","Proteobacteria","Enterobacterales","Enterobacterales spc","Enterobacterales spc"
"ASV43209","Bacteria","Proteobacteria","Rhodospirillales","Acetobacteraceae","Commensalibacter"
"ASV43230","Bacteria","Firmicutes","Lactobacillales","Lactobacillaceae","Lactobacillus"
"ASV4326","Bacteria","Bacteroidetes","Flavobacteriales","Weeksellaceae","Apibacter"
"ASV4327","Bacteria","Firmicutes","Lactobacillales","Enterococcaceae","Enterococcus"
"ASV43281","Bacteria","Proteobacteria","Rhodospirillales","Acetobacteraceae","Commensalibacter"
"ASV433","Bacteria","Proteobacteria","Orbales","Orbaceae","Gilliamella"
"ASV43309","Bacteria","Firmicutes","Selenomonadales","Selenomonadaceae","Selenomonadaceae spc"
"ASV43346","Bacteria","Proteobacteria","Enterobacterales","Enterobacterales spc","Enterobacterales spc"
"ASV43354","Bacteria","Proteobacteria","Sphingomonadales","Sphingomonadaceae","Sphingomonas"
"ASV435","Bacteria","Proteobacteria","Xanthomonadales","Rhodanobacteraceae","Luteibacter"
"ASV4353","Bacteria","Bacteroidetes","Bacteroidales","Bacteroidales spc","Bacteroidales spc"
"ASV43587","Bacteria","Proteobacteria","Proteobacteria spc","Proteobacteria spc","Proteobacteria spc"
"ASV436","Bacteria","Firmicutes","Lactobacillales","Streptococcaceae","Streptococcus"
"ASV4364","Bacteria","Chloroflexi","Chloroflexi spc","Chloroflexi spc","Chloroflexi spc"
"ASV43703","Bacteria","Firmicutes","Lactobacillales","Streptococcaceae","Lactococcus"
"ASV43705","Bacteria","Firmicutes","Lactobacillales","Lactobacillaceae","Lactobacillus"
"ASV43720","Bacteria","Firmicutes","Lactobacillales","Lactobacillaceae","Lactobacillus"
"ASV43724","Bacteria","Actinobacteria","Bifidobacteriales","Bifidobacteriaceae","Bifidobacterium"
"ASV438","Bacteria","Proteobacteria","Pseudomonadales","Pseudomonadaceae","Pseudomonas"
"ASV4387","Bacteria","Proteobacteria","Enterobacterales","Enterobacterales spc","Enterobacterales spc"
"ASV43886","Bacteria","Proteobacteria","Enterobacterales","Enterobacterales spc","Enterobacterales spc"
"ASV43894","Bacteria","Firmicutes","Lactobacillales","Lactobacillaceae","Lactobacillaceae spc"
"ASV44","Bacteria","Proteobacteria","Rhodospirillales","Acetobacteraceae","Commensalibacter"
"ASV4400","Bacteria","Actinobacteria","Coriobacteriales","Coriobacteriales spc","Coriobacteriales spc"
"ASV4406","Bacteria","Firmicutes","Clostridiales","Clostridiaceae","Clostridium"
"ASV44187","Bacteria","Firmicutes","Firmicutes spc","Firmicutes spc","Firmicutes spc"
"ASV442","Bacteria","Proteobacteria","Enterobacterales","Enterobacterales spc","Enterobacterales spc"
"ASV44288","Bacteria","Proteobacteria","Enterobacterales","Enterobacterales spc","Enterobacterales spc"
"ASV443","Bacteria","Campilobacterota","Campylobacterales","Arcobacteraceae","Aliarcobacter"
"ASV44301","Bacteria","Proteobacteria","Proteobacteria spc","Proteobacteria spc","Proteobacteria spc"
"ASV4435","Bacteria","Firmicutes","Selenomonadales","Selenomonadaceae","Propionispira"
"ASV44383","Bacteria","Proteobacteria","Rhodospirillales","Acetobacteraceae","Acetobacteraceae spc"
"ASV44400","Bacteria","Firmicutes","Lactobacillales","Lactobacillaceae","Fructobacillus"
"ASV4443","Bacteria","Bacteroidetes","Flavobacteriales","Weeksellaceae","Chryseobacterium"
"ASV4446","Bacteria","Tenericutes","Entomoplasmatales","Spiroplasmataceae","Spiroplasma"
"ASV44541","Bacteria","Proteobacteria","Neisseriales","Neisseriaceae","Snodgrassella"
"ASV44545","Bacteria","Proteobacteria","Enterobacterales","Enterobacterales spc","Enterobacterales spc"
"ASV4455","Bacteria","Proteobacteria","Burkholderiales","Burkholderiaceae","Burkholderia"
"ASV4457","Bacteria","Firmicutes","Clostridiales","Lachnospiraceae","Blautia"
"ASV44584","Bacteria","Firmicutes","Lactobacillales","Lactobacillaceae","Fructobacillus"
"ASV446","Bacteria","Proteobacteria","Xanthomonadales","Xanthomonadaceae","Ignatzschineria"
"ASV4460","Bacteria","Firmicutes","Firmicutes spc","Firmicutes spc","Firmicutes spc"
"ASV4461","Bacteria","Fusobacteria","Fusobacteriales","Leptotrichiaceae","Sebaldella"
"ASV44616","Bacteria","Proteobacteria","Pseudomonadales","Moraxellaceae","Acinetobacter"
"ASV44699","Bacteria","Firmicutes","Lactobacillales","Lactobacillaceae","Lactobacillus"
"ASV447","Bacteria","Proteobacteria","Enterobacterales","Morganellaceae","Proteus"
"ASV4477","Bacteria","Proteobacteria","Sphingomonadales","Sphingomonadaceae","Sphingomonas"
"ASV4483","Bacteria","Bacteroidetes","Bacteroidales","Dysgonomonadaceae","Dysgonomonas"
"ASV4486","Bacteria","Firmicutes","Lactobacillales","Lactobacillaceae","Ligilactobacillus"
"ASV44878","Bacteria","Proteobacteria","Rhodospirillales","Acetobacteraceae","Acetobacter"
"ASV44894","Bacteria","Proteobacteria","Rhizobiales","Rhizobiales spc","Rhizobiales spc"
"ASV44927","Bacteria","Proteobacteria","Enterobacterales","Yersiniaceae","Serratia"
"ASV44989","Bacteria","Actinobacteria","Bifidobacteriales","Bifidobacteriaceae","Bifidobacteriaceae spc"
"ASV450","Bacteria","Firmicutes","Erysipelotrichales","Erysipelotrichaceae","Erysipelotrichaceae spc"
"ASV4500","Bacteria","Proteobacteria","Burkholderiales","Comamonadaceae","Xenophilus"
"ASV4506","Bacteria","Actinobacteria","Bifidobacteriales","Bifidobacteriaceae","Bifidobacterium"
"ASV45177","Bacteria","Proteobacteria","Rhodospirillales","Acetobacteraceae","Commensalibacter"
"ASV45185","Bacteria","Firmicutes","Lactobacillales","Lactobacillaceae","Fructobacillus"
"ASV452","Bacteria","Actinobacteria","Bifidobacteriales","Bifidobacteriaceae","Bifidobacterium"
"ASV45207","Bacteria","Proteobacteria","Proteobacteria spc","Proteobacteria spc","Proteobacteria spc"
"ASV453","Bacteria","Proteobacteria","Enterobacterales","Enterobacteriaceae","Pluralibacter"
"ASV45349","Bacteria","Firmicutes","Selenomonadales","Selenomonadaceae","Selenomonadaceae spc"
"ASV454","Bacteria","Firmicutes","Selenomonadales","Selenomonadaceae","Pectinatus"
"ASV4540","Bacteria","Proteobacteria","Rhodospirillales","Acetobacteraceae","Commensalibacter"
"ASV45458","Bacteria","Proteobacteria","Proteobacteria spc","Proteobacteria spc","Proteobacteria spc"
"ASV4547","Bacteria","Actinobacteria","Acidothermales","Acidothermaceae","Acidothermus"
"ASV455","Bacteria","Proteobacteria","Oceanospirillales","Halomonadaceae","Zymobacter"
"ASV4553","Bacteria","Actinobacteria","Bifidobacteriales","Bifidobacteriaceae","Bifidobacteriaceae spc"
"ASV45554","Bacteria","Firmicutes","Lactobacillales","Lactobacillaceae","Lactobacillus"
"ASV456","Bacteria","Firmicutes","Acidaminococcales","Acidaminococcales spc","Acidaminococcales spc"
"ASV4560","Bacteria","Proteobacteria","Sphingomonadales","Erythrobacteraceae","Novosphingobium"
"ASV4562","Bacteria","Proteobacteria","Sphingomonadales","Erythrobacteraceae","Novosphingobium"
"ASV45659","Bacteria","Firmicutes","Lactobacillales","Lactobacillaceae","Fructobacillus"
"ASV45675","Bacteria","Proteobacteria","Pseudomonadales","Moraxellaceae","Acinetobacter"
"ASV457","Bacteria","Firmicutes","Lactobacillales","Lactobacillaceae","Secundilactobacillus"
"ASV4572","Bacteria","Firmicutes","Lactobacillales","Lactobacillaceae","Bombilactobacillus"
"ASV4579","Bacteria","Proteobacteria","Enterobacterales","Enterobacterales spc","Enterobacterales spc"
"ASV458","Bacteria","Firmicutes","Selenomonadales","Selenomonadaceae","Pectinatus"
"ASV45841","Bacteria","Proteobacteria","Enterobacterales","Erwiniaceae","Erwinia"
"ASV45928","Bacteria","Proteobacteria","Rhodospirillales","Acetobacteraceae","Saccharibacter"
"ASV45936","Bacteria","Firmicutes","Lactobacillales","Lactobacillaceae","Lactobacillaceae spc"
"ASV4594","Bacteria","Bacteroidetes","Bacteroidales","Prevotellaceae","Prevotella"
"ASV45948","Bacteria","Proteobacteria","Proteobacteria spc","Proteobacteria spc","Proteobacteria spc"
"ASV45994","Bacteria","Proteobacteria","Proteobacteria spc","Proteobacteria spc","Proteobacteria spc"
"ASV46","Bacteria","Proteobacteria","Rhodospirillales","Acetobacteraceae","Commensalibacter"
"ASV460","Bacteria","Proteobacteria","Oceanospirillales","Halomonadaceae","Carnimonas"
"ASV46004","Bacteria","Proteobacteria","Orbales","Orbaceae","Orbus"
"ASV4602","Bacteria","Proteobacteria","Enterobacterales","Erwiniaceae","Pantoea"
"ASV4606","Bacteria","Proteobacteria","Proteobacteria spc","Proteobacteria spc","Proteobacteria spc"
"ASV461","Bacteria","Proteobacteria","Rhodospirillales","Acetobacteraceae","Acetobacter"
"ASV46124","Bacteria","Firmicutes","Lactobacillales","Lactobacillaceae","Lactobacillus"
"ASV4617","Bacteria","Firmicutes","Clostridiales","Clostridiaceae","Clostridium"
"ASV4621","Bacteria","Proteobacteria","Rhodospirillales","Acetobacteraceae","Acidomonas"
"ASV463","Bacteria","Proteobacteria","Rhodospirillales","Acetobacteraceae","Oecophyllibacter"
"ASV4634","Bacteria","Actinobacteria","Bifidobacteriales","Bifidobacteriaceae","Bifidobacterium"
"ASV46348","Bacteria","Proteobacteria","Rhodospirillales","Acetobacteraceae","Asaia"
"ASV46357","Bacteria","Firmicutes","Selenomonadales","Selenomonadaceae","Selenomonadaceae spc"
"ASV4637","Bacteria","Actinobacteria","Bifidobacteriales","Bifidobacteriaceae","Bifidobacterium"
"ASV4639","Bacteria","Proteobacteria","Orbales","Orbaceae","Gilliamella"
"ASV464","Bacteria","Proteobacteria","Orbales","Orbaceae","Gilliamella"
"ASV46495","Bacteria","Proteobacteria","Rhodospirillales","Acetobacteraceae","Acetobacteraceae spc"
"ASV465","Bacteria","Proteobacteria","Desulfovibrionales","Desulfovibrionaceae","Desulfovibrio"
"ASV46528","Bacteria","Proteobacteria","Neisseriales","Neisseriaceae","Snodgrassella"
"ASV4659","Bacteria","Proteobacteria","Enterobacterales","Pectobacteriaceae","Sodalis"
"ASV46672","Bacteria","Firmicutes","Lactobacillales","Lactobacillales spc","Lactobacillales spc"
"ASV46692","Bacteria","Proteobacteria","Proteobacteria spc","Proteobacteria spc","Proteobacteria spc"
"ASV467","Bacteria","Proteobacteria","Rhizobiales","Methylobacteriaceae","Methylobacterium"
"ASV46762","Bacteria","Proteobacteria","Rhodospirillales","Acetobacteraceae","Acetobacteraceae spc"
"ASV468","Bacteria","Firmicutes","Lactobacillales","Lactobacillaceae","Pediococcus"
"ASV4695","Bacteria","Bacteroidetes","Flavobacteriales","Weeksellaceae","Chryseobacterium"
"ASV4696","Bacteria","Firmicutes","Bacillales","Paenibacillaceae","Paenibacillus"
"ASV46963","Bacteria","Firmicutes","Firmicutes spc","Firmicutes spc","Firmicutes spc"
"ASV46986","Bacteria","Proteobacteria","Orbales","Orbaceae","Orbaceae spc"
"ASV46999","Bacteria","Proteobacteria","Proteobacteria spc","Proteobacteria spc","Proteobacteria spc"
"ASV47","Bacteria","Proteobacteria","Enterobacterales","Enterobacteriaceae","Cronobacter"
"ASV470","Bacteria","Bacteroidetes","Flavobacteriales","Flavobacteriaceae","Flavobacterium"
"ASV47005","Bacteria","Firmicutes","Lactobacillales","Lactobacillaceae","Lactobacillus"
"ASV47006","Bacteria","Proteobacteria","Orbales","Orbaceae","Gilliamella"
"ASV4703","Bacteria","Actinobacteria","Mycobacteriales","Corynebacteriaceae","Corynebacterium"
"ASV4706","Bacteria","Bacteroidetes","Bacteroidales","Dysgonomonadaceae","Dysgonomonas"
"ASV471","Bacteria","Proteobacteria","Burkholderiales","Comamonadaceae","Aquabacterium"
"ASV47170","Bacteria","Proteobacteria","Rhodospirillales","Acetobacteraceae","Saccharibacter"
"ASV472","Bacteria","Bacteroidetes","Flavobacteriales","Weeksellaceae","Apibacter"
"ASV473","Bacteria","Firmicutes","Lactobacillales","Lactobacillaceae","Philodulcilactobacillus"
"ASV4731","Bacteria","Bacteroidetes","Bacteroidales","Prevotellaceae","Prevotella"
"ASV47444","Bacteria","Proteobacteria","Neisseriales","Neisseriaceae","Snodgrassella"
"ASV47446","Bacteria","Firmicutes","Lactobacillales","Lactobacillaceae","Lactobacillaceae spc"
"ASV4746","Bacteria","Firmicutes","Lactobacillales","Lactobacillales spc","Lactobacillales spc"
"ASV4748","Bacteria","Bacteroidetes","Flavobacteriales","Flavobacteriaceae","Myroides"
"ASV475","Bacteria","Proteobacteria","Pseudomonadales","Pseudomonadaceae","Entomomonas"
"ASV47529","Bacteria","Proteobacteria","Rhodospirillales","Acetobacteraceae","Commensalibacter"
"ASV4754","Bacteria","Proteobacteria","Oceanospirillales","Halomonadaceae","Halomonadaceae spc"
"ASV47560","Bacteria","Proteobacteria","Pseudomonadales","Pseudomonadaceae","Pseudomonas"
"ASV47565","Bacteria","Proteobacteria","Orbales","Orbaceae","Gilliamella"
"ASV4758","Bacteria","Proteobacteria","Rhizobiales","Methylobacteriaceae","Methylobacterium"
"ASV476","Bacteria","Proteobacteria","Rickettsiales","Anaplasmataceae","Wolbachia"
"ASV4764","Bacteria","Proteobacteria","Proteobacteria spc","Proteobacteria spc","Proteobacteria spc"
"ASV47689","Bacteria","Firmicutes","Lactobacillales","Lactobacillales spc","Lactobacillales spc"
"ASV4769","Bacteria","Actinobacteria","Mycobacteriales","Gordoniaceae","Gordonia"
"ASV477","Bacteria","Firmicutes","Bacillales","Staphylococcaceae","Mammaliicoccus"
"ASV4771","Bacteria","Firmicutes","Lactobacillales","Lactobacillaceae","Lactobacillus"
"ASV47741","Bacteria","Firmicutes","Lactobacillales","Lactobacillaceae","Leuconostoc"
"ASV478","Bacteria","Firmicutes","Clostridiales","Lachnospiraceae","Blautia"
"ASV47839","Bacteria","Proteobacteria","Oceanospirillales","Halomonadaceae","Halomonadaceae spc"
"ASV47855","Bacteria","Proteobacteria","Proteobacteria spc","Proteobacteria spc","Proteobacteria spc"
"ASV479","Bacteria","Firmicutes","Lactobacillales","Lactobacillaceae","Fructobacillus"
"ASV48","Bacteria","Firmicutes","Lactobacillales","Carnobacteriaceae","Carnobacterium"
"ASV480","Bacteria","Proteobacteria","Desulfovibrionales","Desulfovibrionaceae","Desulfovibrio"
"ASV48017","Bacteria","Actinobacteria","Bifidobacteriales","Bifidobacteriaceae","Bifidobacteriaceae spc"
"ASV4802","Bacteria","Bacteroidetes","Flavobacteriales","Flavobacteriaceae","Flavobacterium"
"ASV48020","Bacteria","Proteobacteria","Neisseriales","Neisseriaceae","Snodgrassella"
"ASV48030","Bacteria","Firmicutes","Lactobacillales","Lactobacillaceae","Lactobacillus"
"ASV48038","Bacteria","Firmicutes","Lactobacillales","Lactobacillaceae","Lactobacillaceae spc"
"ASV48069","Bacteria","Firmicutes","Lactobacillales","Lactobacillaceae","Secundilactobacillus"
"ASV481","Bacteria","Bacteroidetes","Bacteroidales","Dysgonomonadaceae","Dysgonomonas"
"ASV4810","Bacteria","Firmicutes","Lactobacillales","Lactobacillaceae","Weissella"
"ASV4811","Bacteria","Bacteroidetes","Sphingobacteriales","Sphingobacteriaceae","Sphingobacterium"
"ASV4814","Bacteria","Bacteroidetes","Bacteroidales","Prevotellaceae","Prevotella"
"ASV4815","Bacteria","Proteobacteria","Proteobacteria spc","Proteobacteria spc","Proteobacteria spc"
"ASV482","Bacteria","Actinobacteria","Bifidobacteriales","Bifidobacteriaceae","Bifidobacterium"
"ASV48200","Bacteria","Firmicutes","Lactobacillales","Lactobacillaceae","Lactobacillus"
"ASV48233","Bacteria","Firmicutes","Firmicutes spc","Firmicutes spc","Firmicutes spc"
"ASV4825","Bacteria","Firmicutes","Lactobacillales","Lactobacillaceae","Lactobacillaceae spc"
"ASV48254","Bacteria","Proteobacteria","Rickettsiales","Anaplasmataceae","Wolbachia"
"ASV4827","Bacteria","Bacteroidetes","Bacteroidales","Prevotellaceae","Prevotella"
"ASV4829","Bacteria","Firmicutes","Lactobacillales","Lactobacillaceae","Lactobacillus"
"ASV483","Bacteria","Proteobacteria","Pseudomonadales","Moraxellaceae","Acinetobacter"
"ASV48319","Bacteria","Firmicutes","Firmicutes spc","Firmicutes spc","Firmicutes spc"
"ASV4837","Bacteria","Actinobacteria","Bifidobacteriales","Bifidobacteriaceae","Bifidobacterium"
"ASV484","Bacteria","Bacteroidetes","Flavobacteriales","Weeksellaceae","Chryseobacterium"
"ASV4849","Bacteria","Actinobacteria","Mycobacteriales","Mycobacteriaceae","Mycobacterium"
"ASV485","Bacteria","Proteobacteria","Hyphomicrobiales","Lichenibacteriaceae","Lichenibacterium"
"ASV4858","Bacteria","Firmicutes","Lactobacillales","Lactobacillaceae","Limosilactobacillus"
"ASV4862","Bacteria","Firmicutes","Lactobacillales","Lactobacillaceae","Lactobacillus"
"ASV48680","Bacteria","Proteobacteria","Rhodospirillales","Acetobacteraceae","Commensalibacter"
"ASV487","Bacteria","Proteobacteria","Orbales","Orbaceae","Frischella"
"ASV48718","Bacteria","Firmicutes","Firmicutes spc","Firmicutes spc","Firmicutes spc"
"ASV48732","Bacteria","Firmicutes","Lactobacillales","Lactobacillaceae","Lactobacillus"
"ASV489","Bacteria","Bacteroidetes","Flavobacteriales","Weeksellaceae","Wautersiella"
"ASV4892","Bacteria","Firmicutes","Acidaminococcales","Acidaminococcaceae","Phascolarctobacterium"
"ASV4898","Bacteria","Proteobacteria","Rhizobiales","Bradyrhizobiaceae","Rhodoplanes"
"ASV48980","Bacteria","Proteobacteria","Rhodospirillales","Acetobacteraceae","Commensalibacter"
"ASV48995","Bacteria","Proteobacteria","Neisseriales","Neisseriaceae","Snodgrassella"
"ASV48998","Bacteria","Proteobacteria","Orbales","Orbaceae","Orbaceae spc"
"ASV49","Bacteria","Proteobacteria","Rhodospirillales","Acetobacteraceae","Commensalibacter"
"ASV490","Bacteria","Proteobacteria","Burkholderiales","Burkholderiaceae","Paraburkholderia"
"ASV49000","Bacteria","Actinobacteria","Bifidobacteriales","Bifidobacteriaceae","Bifidobacterium"
"ASV49002","Bacteria","Firmicutes","Lactobacillales","Lactobacillaceae","Lactobacillus"
"ASV49013","Bacteria","Firmicutes","Lactobacillales","Lactobacillaceae","Lactobacillaceae spc"
"ASV491","Bacteria","Actinobacteria","Mycobacteriales","Corynebacteriaceae","Corynebacterium"
"ASV49212","Bacteria","Firmicutes","Lactobacillales","Lactobacillaceae","Lactobacillus"
"ASV49213","Bacteria","Firmicutes","Lactobacillales","Lactobacillaceae","Lactobacillus"
"ASV4923","Bacteria","Bacteroidetes","Chitinophagales","Chitinophagaceae","Chitinophagaceae spc"
"ASV493","Bacteria","Proteobacteria","Oceanospirillales","Halomonadaceae","Carnimonas"
"ASV4930","Bacteria","Proteobacteria","Pseudomonadales","Pseudomonadaceae","Pseudomonas"
"ASV4933","Bacteria","Acidobacteria","Acidobacteriales","Acidobacteriaceae","Candidatus-Koribacter"
"ASV4936","Bacteria","Firmicutes","Lactobacillales","Lactobacillaceae","Pediococcus"
"ASV494","Bacteria","Proteobacteria","Oceanospirillales","Halomonadaceae","Carnimonas"
"ASV49428","Bacteria","Firmicutes","Lactobacillales","Lactobacillaceae","Leuconostoc"
"ASV49452","Bacteria","Proteobacteria","Pseudomonadales","Pseudomonadaceae","Pseudomonas"
"ASV495","Bacteria","Bacteroidetes","Bacteroidales","Dysgonomonadaceae","Dysgonomonas"
"ASV4952","Bacteria","Firmicutes","Lactobacillales","Lactobacillaceae","Ligilactobacillus"
"ASV49532","Bacteria","Firmicutes","Lactobacillales","Lactobacillaceae","Lactobacillus"
"ASV49545","Bacteria","Proteobacteria","Pseudomonadales","Pseudomonadaceae","Pseudomonas"
"ASV49561","Bacteria","Proteobacteria","Pseudomonadales","Moraxellaceae","Acinetobacter"
"ASV49571","Bacteria","Proteobacteria","Proteobacteria spc","Proteobacteria spc","Proteobacteria spc"
"ASV49634","Bacteria","Proteobacteria","Orbales","Orbaceae","Gilliamella"
"ASV49637","Bacteria","Firmicutes","Firmicutes spc","Firmicutes spc","Firmicutes spc"
"ASV49695","Bacteria","Proteobacteria","Pseudomonadales","Moraxellaceae","Acinetobacter"
"ASV497","Bacteria","Proteobacteria","Rhodospirillales","Acetobacteraceae","Asaia"
"ASV49797","Bacteria","Proteobacteria","Proteobacteria spc","Proteobacteria spc","Proteobacteria spc"
"ASV498","Bacteria","Firmicutes","Lactobacillales","Carnobacteriaceae","Carnobacteriaceae spc"
"ASV499","Bacteria","Proteobacteria","Rickettsiales","Anaplasmataceae","Wolbachia"
"ASV5","Bacteria","Proteobacteria","Rhodospirillales","Acetobacteraceae","Bombella"
"ASV50","Bacteria","Proteobacteria","Rhodospirillales","Acetobacteraceae","Bombella"
"ASV500","Bacteria","Firmicutes","Selenomonadales","Selenomonadaceae","Pectinatus"
"ASV50067","Bacteria","Proteobacteria","Proteobacteria spc","Proteobacteria spc","Proteobacteria spc"
"ASV50072","Bacteria","Proteobacteria","Proteobacteria spc","Proteobacteria spc","Proteobacteria spc"
"ASV50079","Bacteria","Firmicutes","Firmicutes spc","Firmicutes spc","Firmicutes spc"
"ASV5014","Bacteria","Proteobacteria","Rickettsiales","Anaplasmataceae","Wolbachia"
"ASV5015","Bacteria","Firmicutes","Lactobacillales","Enterococcaceae","Enterococcus"
"ASV502","Bacteria","Proteobacteria","Rhodospirillales","Acetobacteraceae","Gluconobacter"
"ASV503","Bacteria","Proteobacteria","Xanthomonadales","Xanthomonadaceae","Stenotrophomonas"
"ASV5032","Bacteria","Bacteroidetes","Flavobacteriales","Flavobacteriaceae","Myroides"
"ASV5033","Bacteria","Firmicutes","Lactobacillales","Lactobacillaceae","Leuconostoc"
"ASV50346","Bacteria","Proteobacteria","Proteobacteria spc","Proteobacteria spc","Proteobacteria spc"
"ASV50393","Bacteria","Firmicutes","Lactobacillales","Lactobacillaceae","Fructobacillus"
"ASV50395","Bacteria","Firmicutes","Lactobacillales","Lactobacillaceae","Lactiplantibacillus"
"ASV504","Bacteria","Firmicutes","Lactobacillales","Lactobacillaceae","Lactobacillus"
"ASV5041","Bacteria","Firmicutes","Clostridiales","Clostridiales spc","Clostridiales spc"
"ASV5042","Bacteria","Actinobacteria","Bifidobacteriales","Bifidobacteriaceae","Bifidobacteriaceae spc"
"ASV5047","Bacteria","Proteobacteria","Pseudomonadales","Pseudomonadaceae","Pseudomonas"
"ASV5049","Bacteria","Bacteroidetes","Bacteroidales","Prevotellaceae","Prevotella"
"ASV505","Bacteria","Proteobacteria","Rhodospirillales","Acetobacteraceae","Bombella"
"ASV5050","Bacteria","Firmicutes","Lactobacillales","Lactobacillaceae","Liquorilactobacillus"
"ASV50508","Bacteria","Proteobacteria","Rhodospirillales","Acetobacteraceae","Acetobacteraceae spc"
"ASV50512","Bacteria","Firmicutes","Acidaminococcales","Acidaminococcaceae","Phascolarctobacterium"
"ASV50514","Bacteria","Proteobacteria","Rhodospirillales","Acetobacteraceae","Commensalibacter"
"ASV50527","Bacteria","Proteobacteria","Pseudomonadales","Pseudomonadaceae","Pseudomonas"
"ASV50531","Bacteria","Proteobacteria","Oceanospirillales","Halomonadaceae","Halomonadaceae spc"
"ASV50544","Bacteria","Firmicutes","Lactobacillales","Lactobacillales spc","Lactobacillales spc"
"ASV50565","Bacteria","Proteobacteria","Proteobacteria spc","Proteobacteria spc","Proteobacteria spc"
"ASV506","Bacteria","Proteobacteria","Rhizobiales","Bradyrhizobiaceae","Rhodoplanes"
"ASV50600","Bacteria","Firmicutes","Lactobacillales","Lactobacillaceae","Lactobacillaceae spc"
"ASV5064","Bacteria","Proteobacteria","Rhodobacterales","Rhodobacteraceae","Paracoccus"
"ASV507","Bacteria","Proteobacteria","Pseudomonadales","Moraxellaceae","Acinetobacter"
"ASV5073","Bacteria","Firmicutes","Bacillales","Bacillaceae","Bacillus"
"ASV50733","Bacteria","Proteobacteria","Rhodospirillales","Acetobacteraceae","Acetobacteraceae spc"
"ASV50760","Bacteria","Firmicutes","Lactobacillales","Enterococcaceae","Enterococcus"
"ASV5077","Bacteria","Actinobacteria","Bifidobacteriales","Bifidobacteriaceae","Bifidobacterium"
"ASV50771","Bacteria","Proteobacteria","Rhodospirillales","Acetobacteraceae","Acetobacteraceae spc"
"ASV508","Bacteria","Firmicutes","Selenomonadales","Selenomonadaceae","Pectinatus"
"ASV50857","Bacteria","Proteobacteria","Orbales","Orbaceae","Orbaceae spc"
"ASV50858","Bacteria","Proteobacteria","Rhodospirillales","Acetobacteraceae","Acetobacteraceae spc"
"ASV50859","Bacteria","Proteobacteria","Burkholderiales","Comamonadaceae","Comamonas"
"ASV50863","Bacteria","Tenericutes","Entomoplasmatales","Spiroplasmataceae","Spiroplasma"
"ASV5087","Bacteria","Proteobacteria","Proteobacteria spc","Proteobacteria spc","Proteobacteria spc"
"ASV50913","Bacteria","Firmicutes","Firmicutes spc","Firmicutes spc","Firmicutes spc"
"ASV50920","Bacteria","Actinobacteria","Bifidobacteriales","Bifidobacteriaceae","Bifidobacterium"
"ASV510","Bacteria","Firmicutes","Lactobacillales","Carnobacteriaceae","Carnobacteriaceae spc"
"ASV5104","Bacteria","Firmicutes","Lactobacillales","Lactobacillaceae","Lactobacillaceae spc"
"ASV511","Bacteria","Firmicutes","Selenomonadales","Selenomonadaceae","Pectinatus"
"ASV512","Bacteria","Proteobacteria","Neisseriales","Chromobacteriaceae","Aquitalea"
"ASV51213","Bacteria","Firmicutes","Lactobacillales","Lactobacillaceae","Lactobacillus"
"ASV51214","Bacteria","Firmicutes","Lactobacillales","Lactobacillaceae","Lactobacillus"
"ASV513","Bacteria","Proteobacteria","Xanthomonadales","Xanthomonadaceae","Xanthomonadaceae spc"
"ASV51405","Bacteria","Proteobacteria","Pseudomonadales","Moraxellaceae","Acinetobacter"
"ASV51431","Bacteria","Firmicutes","Lactobacillales","Lactobacillaceae","Lactobacillus"
"ASV51439","Bacteria","Firmicutes","Lactobacillales","Lactobacillaceae","Lactobacillus"
"ASV515","Bacteria","Bacteroidetes","Bacteroidales","Bacteroidaceae","Bacteroides"
"ASV516","Bacteria","Actinobacteria","Actinomycetales","Actinomycetaceae","Actinomyces"
"ASV5167","Bacteria","Firmicutes","Lactobacillales","Lactobacillaceae","Lactobacillaceae spc"
"ASV517","Bacteria","Firmicutes","Selenomonadales","Selenomonadaceae","Pectinatus"
"ASV51709","Bacteria","Firmicutes","Firmicutes spc","Firmicutes spc","Firmicutes spc"
"ASV51710","Bacteria","Proteobacteria","Orbales","Orbaceae","Orbaceae spc"
"ASV5177","Bacteria","Bacteroidetes","Bacteroidales","Bacteroidaceae","Bacteroides"
"ASV518","Bacteria","Firmicutes","Lactobacillales","Lactobacillaceae","Lacticaseibacillus"
"ASV51832","Bacteria","Proteobacteria","Orbales","Orbaceae","Orbaceae spc"
"ASV51834","Bacteria","Firmicutes","Lactobacillales","Lactobacillaceae","Lactobacillus"
"ASV51843","Bacteria","Proteobacteria","Rhodospirillales","Acetobacteraceae","Acetobacteraceae spc"
"ASV5186","Bacteria","Proteobacteria","Sphingomonadales","Erythrobacteraceae","Novosphingobium"
"ASV51930","Bacteria","Proteobacteria","Enterobacterales","Pectobacteriaceae","Sodalis"
"ASV51931","Bacteria","Tenericutes","Entomoplasmatales","Spiroplasmataceae","Spiroplasma"
"ASV51977","Bacteria","Tenericutes","Entomoplasmatales","Spiroplasmataceae","Spiroplasma"
"ASV51979","Bacteria","Proteobacteria","Pseudomonadales","Pseudomonadaceae","Pseudomonas"
"ASV51985","Bacteria","Proteobacteria","Rhodospirillales","Acetobacteraceae","Commensalibacter"
"ASV52","Bacteria","Proteobacteria","Neisseriales","Neisseriaceae","Snodgrassella"
"ASV520","Bacteria","Proteobacteria","Enterobacterales","Erwiniaceae","Erwinia"
"ASV5202","Bacteria","Firmicutes","Lactobacillales","Lactobacillaceae","Bombilactobacillus"
"ASV52042","Bacteria","Proteobacteria","Proteobacteria spc","Proteobacteria spc","Proteobacteria spc"
"ASV52064","Bacteria","Proteobacteria","Proteobacteria spc","Proteobacteria spc","Proteobacteria spc"
"ASV521","Bacteria","Proteobacteria","Proteobacteria spc","Proteobacteria spc","Proteobacteria spc"
"ASV52159","Bacteria","Proteobacteria","Neisseriales","Neisseriaceae","Neisseriaceae spc"
"ASV52167","Bacteria","Bacteroidetes","Bacteroidales","Prevotellaceae","Prevotella"
"ASV52169","Bacteria","Proteobacteria","Proteobacteria spc","Proteobacteria spc","Proteobacteria spc"
"ASV52183","Bacteria","Firmicutes","Firmicutes spc","Firmicutes spc","Firmicutes spc"
"ASV522","Bacteria","Proteobacteria","Enterobacterales","Pectobacteriaceae","Sodalis"
"ASV5226","Bacteria","Proteobacteria","Orbales","Orbaceae","Gilliamella"
"ASV52264","Bacteria","Proteobacteria","Pseudomonadales","Pseudomonadaceae","Pseudomonas"
"ASV523","Bacteria","Proteobacteria","Rhodospirillales","Acetobacteraceae","Commensalibacter"
"ASV524","Bacteria","Proteobacteria","Burkholderiales","Sphaerotilaceae","Saezia"
"ASV52401","Bacteria","Proteobacteria","Proteobacteria spc","Proteobacteria spc","Proteobacteria spc"
"ASV5241","Bacteria","Firmicutes","Lactobacillales","Lactobacillaceae","Weissella"
"ASV5244","Bacteria","Spirochaetes","Spirochaetales","Spirochaetaceae","Treponema"
"ASV5255","Bacteria","Firmicutes","Bacillales","Staphylococcaceae","Staphylococcus"
"ASV52563","Bacteria","Proteobacteria","Proteobacteria spc","Proteobacteria spc","Proteobacteria spc"
"ASV526","Bacteria","Firmicutes","Clostridiales","Peptoniphilaceae","Peptoniphilus"
"ASV52659","Bacteria","Proteobacteria","Enterobacterales","Enterobacteriaceae","Enterobacteriaceae spc"
"ASV52662","Bacteria","Proteobacteria","Rhizobiales","Rhizobiales spc","Rhizobiales spc"
"ASV527","Bacteria","Proteobacteria","Pseudomonadales","Pseudomonadaceae","Pseudomonas"
"ASV528","Bacteria","Bacteroidetes","Bacteroidales","Prevotellaceae","Prevotella"
"ASV5282","Bacteria","Proteobacteria","Rhodospirillales","Acetobacteraceae","Acetobacteraceae spc"
"ASV529","Bacteria","Firmicutes","Lactobacillales","Lactobacillaceae","Lactobacillus"
"ASV52930","Bacteria","Proteobacteria","Pseudomonadales","Moraxellaceae","Acinetobacter"
"ASV52996","Bacteria","Proteobacteria","Neisseriales","Neisseriaceae","Snodgrassella"
"ASV53","Bacteria","Actinobacteria","Bifidobacteriales","Bifidobacteriaceae","Bifidobacterium"
"ASV530","Bacteria","Proteobacteria","Rhodospirillales","Acetobacteraceae","Saccharibacter"
"ASV53069","Bacteria","Proteobacteria","Rhizobiales","Rhizobiales spc","Rhizobiales spc"
"ASV5308","Bacteria","Actinobacteria","Bifidobacteriales","Bifidobacteriaceae","Bifidobacterium"
"ASV53163","Bacteria","Proteobacteria","Enterobacterales","Yersiniaceae","Serratia"
"ASV532","Bacteria","Bacteroidetes","Bacteroidales","Prevotellaceae","Prevotella"
"ASV53228","Bacteria","Proteobacteria","Rhodospirillales","Acetobacteraceae","Acetobacteraceae spc"
"ASV53236","Bacteria","Proteobacteria","Enterobacterales","Enterobacterales spc","Enterobacterales spc"
"ASV53270","Bacteria","Proteobacteria","Proteobacteria spc","Proteobacteria spc","Proteobacteria spc"
"ASV53273","Bacteria","Proteobacteria","Rhodospirillales","Acetobacteraceae","Acetobacteraceae spc"
"ASV53328","Bacteria","Firmicutes","Firmicutes spc","Firmicutes spc","Firmicutes spc"
"ASV53348","Bacteria","Proteobacteria","Rhodospirillales","Acetobacteraceae","Saccharibacter"
"ASV53354","Bacteria","Proteobacteria","Pseudomonadales","Moraxellaceae","Acinetobacter"
"ASV534","Bacteria","Proteobacteria","Pseudomonadales","Moraxellaceae","Acinetobacter"
"ASV5351","Bacteria","Campilobacterota","Campylobacterales","Arcobacteraceae","Aliarcobacter"
"ASV53552","Bacteria","Firmicutes","Lactobacillales","Lactobacillaceae","Lactobacillus"
"ASV53599","Bacteria","Proteobacteria","Rhodospirillales","Acetobacteraceae","Commensalibacter"
"ASV53611","Bacteria","Proteobacteria","Proteobacteria spc","Proteobacteria spc","Proteobacteria spc"
"ASV5367","Bacteria","Proteobacteria","Rhodospirillales","Acetobacteraceae","Acetobacter"
"ASV537","Bacteria","Firmicutes","Erysipelotrichales","Erysipelotrichales spc","Erysipelotrichales spc"
"ASV5374","Bacteria","Proteobacteria","Xanthomonadales","Xanthomonadaceae","Ignatzschineria"
"ASV5376","Bacteria","Proteobacteria","Proteobacteria spc","Proteobacteria spc","Proteobacteria spc"
"ASV538","Bacteria","Fusobacteria","Fusobacteriales","Leptotrichiaceae","Sebaldella"
"ASV53841","Bacteria","Actinobacteria","Bifidobacteriales","Bifidobacteriaceae","Bifidobacterium"
"ASV53843","Bacteria","Proteobacteria","Orbales","Orbaceae","Gilliamella"
"ASV539","Bacteria","Proteobacteria","Proteobacteria spc","Proteobacteria spc","Proteobacteria spc"
"ASV53964","Bacteria","Firmicutes","Lactobacillales","Lactobacillaceae","Lactobacillaceae spc"
"ASV53965","Bacteria","Proteobacteria","Enterobacterales","Enterobacterales spc","Enterobacterales spc"
"ASV54","Bacteria","Proteobacteria","Rhodospirillales","Acetobacteraceae","Asaia"
"ASV540","Bacteria","Firmicutes","Clostridiales","Clostridiales spc","Clostridiales spc"
"ASV5403","Bacteria","Proteobacteria","Enterobacterales","Pectobacteriaceae","Sodalis"
"ASV5409","Bacteria","Bacteroidetes","Bacteroidales","Prevotellaceae","Prevotellamassilia"
"ASV54107","Bacteria","Firmicutes","Lactobacillales","Lactobacillales spc","Lactobacillales spc"
"ASV54122","Bacteria","Proteobacteria","Rhizobiales","Rhizobiales spc","Rhizobiales spc"
"ASV54133","Bacteria","Proteobacteria","Enterobacterales","Enterobacteriaceae","Enterobacter"
"ASV5416","Bacteria","Firmicutes","Lactobacillales","Lactobacillaceae","Limosilactobacillus"
"ASV5423","Bacteria","Bacteroidetes","Bacteroidales","Bacteroidales spc","Bacteroidales spc"
"ASV54284","Bacteria","Proteobacteria","Rhodospirillales","Acetobacteraceae","Asaia"
"ASV54294","Bacteria","Actinobacteria","Bifidobacteriales","Bifidobacteriaceae","Bifidobacterium"
"ASV54312","Bacteria","Firmicutes","Clostridiales","Clostridiales spc","Clostridiales spc"
"ASV54315","Bacteria","Firmicutes","Clostridiales","Peptostreptococcaceae","Peptostreptococcus"
"ASV54333","Bacteria","Proteobacteria","Enterobacterales","Enterobacterales spc","Enterobacterales spc"
"ASV54342","Bacteria","Proteobacteria","Orbales","Orbaceae","Gilliamella"
"ASV5435","Bacteria","Actinobacteria","Bifidobacteriales","Bifidobacteriaceae","Bifidobacterium"
"ASV5438","Bacteria","Fusobacteria","Fusobacteriales","Fusobacteriaceae","Fusobacterium"
"ASV544","Bacteria","Bacteroidetes","Flavobacteriales","Weeksellaceae","Empedobacter"
"ASV54408","Bacteria","Proteobacteria","Pseudomonadales","Pseudomonadaceae","Pseudomonas"
"ASV5442","Bacteria","Actinobacteria","Bifidobacteriales","Bifidobacteriaceae","Bifidobacterium"
"ASV5448","Bacteria","Firmicutes","Lactobacillales","Lactobacillaceae","Convivina"
"ASV5449","Bacteria","Proteobacteria","Enterobacterales","Enterobacterales spc","Enterobacterales spc"
"ASV54498","Bacteria","Proteobacteria","Rhodospirillales","Acetobacteraceae","Commensalibacter"
"ASV545","Bacteria","Proteobacteria","Rhodospirillales","Acetobacteraceae","Saccharibacter"
"ASV54557","Bacteria","Firmicutes","Lactobacillales","Lactobacillaceae","Lactobacillaceae spc"
"ASV54567","Bacteria","Proteobacteria","Enterobacterales","Yersiniaceae","Serratia"
"ASV5457","Bacteria","Proteobacteria","Rhodospirillales","Acetobacteraceae","Tanticharoenia"
"ASV54589","Bacteria","Proteobacteria","Enterobacterales","Enterobacterales spc","Enterobacterales spc"
"ASV54691","Bacteria","Firmicutes","Lactobacillales","Lactobacillaceae","Fructobacillus"
"ASV54695","Bacteria","Firmicutes","Selenomonadales","Selenomonadaceae","Selenomonadaceae spc"
"ASV54706","Bacteria","Firmicutes","Lactobacillales","Lactobacillaceae","Lactobacillaceae spc"
"ASV548","Bacteria","Actinobacteria","Acidothermales","Acidothermaceae","Acidothermus"
"ASV54837","Bacteria","Firmicutes","Lactobacillales","Lactobacillaceae","Lactobacillus"
"ASV549","Bacteria","Firmicutes","Lactobacillales","Lactobacillaceae","Furfurilactobacillus"
"ASV5491","Bacteria","Actinobacteria","Bifidobacteriales","Bifidobacteriaceae","Bifidobacterium"
"ASV54944","Bacteria","Proteobacteria","Enterobacterales","Enterobacteriaceae","Cronobacter"
"ASV5496","Bacteria","Bacteroidetes","Bacteroidales","Dysgonomonadaceae","Dysgonomonas"
"ASV55","Bacteria","Proteobacteria","Enterobacterales","Enterobacteriaceae","Klebsiella"
"ASV551","Bacteria","Firmicutes","Selenomonadales","Selenomonadaceae","Pectinatus"
"ASV5510","Bacteria","Actinobacteria","Coriobacteriales","Coriobacteriales spc","Coriobacteriales spc"
"ASV5514","Bacteria","Proteobacteria","Enterobacterales","Enterobacteriaceae","Izhakiella"
"ASV552","Bacteria","Bacteroidetes","Bacteroidales","Bacteroidales spc","Bacteroidales spc"
"ASV55220","Bacteria","Firmicutes","Lactobacillales","Enterococcaceae","Enterococcus"
"ASV5524","Bacteria","Firmicutes","Bacillales","Bacillaceae","Bacillus"
"ASV55243","Bacteria","Firmicutes","Lactobacillales","Lactobacillaceae","Leuconostoc"
"ASV55288","Bacteria","Proteobacteria","Proteobacteria spc","Proteobacteria spc","Proteobacteria spc"
"ASV553","Bacteria","Bacteroidetes","Flavobacteriales","Weeksellaceae","Chryseobacterium"
"ASV55321","Bacteria","Firmicutes","Lactobacillales","Lactobacillaceae","Lactobacillus"
"ASV55350","Bacteria","Proteobacteria","Pseudomonadales","Moraxellaceae","Acinetobacter"
"ASV55370","Bacteria","Firmicutes","Firmicutes spc","Firmicutes spc","Firmicutes spc"
"ASV55373","Bacteria","Firmicutes","Firmicutes spc","Firmicutes spc","Firmicutes spc"
"ASV55435","Bacteria","Proteobacteria","Enterobacterales","Enterobacterales spc","Enterobacterales spc"
"ASV55457","Bacteria","Proteobacteria","Enterobacterales","Enterobacteriaceae","Klebsiella"
"ASV55462","Bacteria","Firmicutes","Lactobacillales","Lactobacillaceae","Lactobacillus"
"ASV55523","Bacteria","Firmicutes","Firmicutes spc","Firmicutes spc","Firmicutes spc"
"ASV55550","Bacteria","Firmicutes","Firmicutes spc","Firmicutes spc","Firmicutes spc"
"ASV55620","Bacteria","Firmicutes","Firmicutes spc","Firmicutes spc","Firmicutes spc"
"ASV5565","Bacteria","Firmicutes","Lactobacillales","Lactobacillaceae","Lactobacillaceae spc"
"ASV55655","Bacteria","Firmicutes","Lactobacillales","Lactobacillaceae","Lactobacillus"
"ASV557","Bacteria","Firmicutes","Lactobacillales","Lactobacillaceae","Lactobacillus"
"ASV5571","Bacteria","Firmicutes","Lactobacillales","Lactobacillaceae","Lactobacillaceae spc"
"ASV55733","Bacteria","Proteobacteria","Enterobacterales","Enterobacterales spc","Enterobacterales spc"
"ASV5575","Bacteria","Bacteroidetes","Bacteroidales","Prevotellaceae","Prevotella"
"ASV55780","Bacteria","Firmicutes","Lactobacillales","Lactobacillaceae","Leuconostoc"
"ASV55783","Bacteria","Proteobacteria","Rhodospirillales","Acetobacteraceae","Acetobacteraceae spc"
"ASV558","Bacteria","Bacteroidetes","Bacteroidales","Dysgonomonadaceae","Dysgonomonas"
"ASV55820","Bacteria","Proteobacteria","Enterobacterales","Enterobacteriaceae","Klebsiella"
"ASV55823","Bacteria","Proteobacteria","Proteobacteria spc","Proteobacteria spc","Proteobacteria spc"
"ASV55861","Bacteria","Firmicutes","Lactobacillales","Lactobacillaceae","Lactobacillus"
"ASV55862","Bacteria","Proteobacteria","Burkholderiales","Comamonadaceae","Comamonadaceae spc"
"ASV559","Bacteria","Bacteroidetes","Flavobacteriales","Weeksellaceae","Apibacter"
"ASV55916","Bacteria","Firmicutes","Lactobacillales","Lactobacillaceae","Weissella"
"ASV5594","Bacteria","Actinobacteria","Bifidobacteriales","Bifidobacteriaceae","Bifidobacterium"
"ASV55956","Bacteria","Firmicutes","Lactobacillales","Lactobacillaceae","Lactobacillus"
"ASV55965","Bacteria","Proteobacteria","Rhodospirillales","Acetobacteraceae","Commensalibacter"
"ASV55988","Bacteria","Firmicutes","Lactobacillales","Lactobacillaceae","Lactobacillus"
"ASV55995","Bacteria","Proteobacteria","Proteobacteria spc","Proteobacteria spc","Proteobacteria spc"
"ASV56005","Bacteria","Proteobacteria","Rhodospirillales","Acetobacteraceae","Saccharibacter"
"ASV56008","Bacteria","Firmicutes","Lactobacillales","Lactobacillaceae","Lactobacillus"
"ASV5623","Bacteria","Proteobacteria","Rhodospirillales","Acetobacteraceae","Endobacter"
"ASV5624","Bacteria","Proteobacteria","Rhodospirillales","Acetobacteraceae","Acetobacteraceae spc"
"ASV56262","Bacteria","Firmicutes","Lactobacillales","Streptococcaceae","Lactococcus"
"ASV56277","Bacteria","Firmicutes","Lactobacillales","Lactobacillaceae","Lactobacillus"
"ASV56284","Bacteria","Firmicutes","Lactobacillales","Lactobacillaceae","Paucilactobacillus"
"ASV56297","Bacteria","Firmicutes","Firmicutes spc","Firmicutes spc","Firmicutes spc"
"ASV563","Bacteria","Firmicutes","Firmicutes spc","Firmicutes spc","Firmicutes spc"
"ASV5630","Bacteria","Proteobacteria","Orbales","Orbaceae","Frischella"
"ASV56317","Bacteria","Firmicutes","Lactobacillales","Lactobacillales spc","Lactobacillales spc"
"ASV5632","Bacteria","Proteobacteria","Rhodospirillales","Acetobacteraceae","Acetobacteraceae spc"
"ASV56324","Bacteria","Firmicutes","Lactobacillales","Lactobacillaceae","Fructobacillus"
"ASV56333","Bacteria","Proteobacteria","Oceanospirillales","Halomonadaceae","Halomonadaceae spc"
"ASV56334","Bacteria","Firmicutes","Lactobacillales","Lactobacillaceae","Lactobacillus"
"ASV564","Bacteria","Firmicutes","Lactobacillales","Lactobacillaceae","Liquorilactobacillus"
"ASV5647","Bacteria","Proteobacteria","Pseudomonadales","Pseudomonadaceae","Pseudomonas"
"ASV5648","Bacteria","Actinobacteria","Bifidobacteriales","Bifidobacteriaceae","Bifidobacterium"
"ASV565","Bacteria","Firmicutes","Lactobacillales","Enterococcaceae","Tetragenococcus"
"ASV5658","Bacteria","Firmicutes","Clostridiales","Clostridiaceae","Clostridium"
"ASV566","Bacteria","Proteobacteria","Enterobacterales","Pectobacteriaceae","Sodalis"
"ASV56691","Bacteria","Proteobacteria","Rhodospirillales","Acetobacteraceae","Acetobacteraceae spc"
"ASV567","Bacteria","Actinobacteria","Mycobacteriales","Corynebacteriaceae","Corynebacterium"
"ASV5671","Bacteria","Actinobacteria","Micrococcales","Micrococcaceae","Rothia"
"ASV56743","Bacteria","Proteobacteria","Enterobacterales","Enterobacterales spc","Enterobacterales spc"
"ASV568","Bacteria","Tenericutes","Entomoplasmatales","Spiroplasmataceae","Spiroplasma"
"ASV56846","Bacteria","Proteobacteria","Oceanospirillales","Halomonadaceae","Halomonadaceae spc"
"ASV56876","Bacteria","Proteobacteria","Rhodospirillales","Acetobacteraceae","Acetobacteraceae spc"
"ASV56888","Bacteria","Proteobacteria","Proteobacteria spc","Proteobacteria spc","Proteobacteria spc"
"ASV5689","Bacteria","Proteobacteria","Neisseriales","Neisseriaceae","Snodgrassella"
"ASV569","Bacteria","Firmicutes","Lactobacillales","Lactobacillaceae","Fructobacillus"
"ASV57","Bacteria","Firmicutes","Lactobacillales","Lactobacillaceae","Fructobacillus"
"ASV570","Bacteria","Proteobacteria","Enterobacterales","Morganellaceae","Arsenophonus"
"ASV5701","Bacteria","Proteobacteria","Rhodospirillales","Acetobacteraceae","Asaia"
"ASV57025","Bacteria","Proteobacteria","Enterobacterales","Enterobacterales spc","Enterobacterales spc"
"ASV57070","Bacteria","Proteobacteria","Rhodospirillales","Acetobacteraceae","Acetobacteraceae spc"
"ASV571","Bacteria","Verrucomicrobia","Verrucomicrobiales","Akkermansiaceae","Akkermansia"
"ASV5710","Bacteria","Firmicutes","Lactobacillales","Lactobacillaceae","Lactobacillus"
"ASV57143","Bacteria","Firmicutes","Lactobacillales","Lactobacillaceae","Lactobacillus"
"ASV5719","Bacteria","Actinobacteria","Micrococcales","Micrococcaceae","Rothia"
"ASV572","Bacteria","Proteobacteria","Rhodospirillales","Acetobacteraceae","Saccharibacter"
"ASV57234","Bacteria","Proteobacteria","Rhodospirillales","Acetobacteraceae","Commensalibacter"
"ASV573","Bacteria","Firmicutes","Lactobacillales","Lactobacillaceae","Lactobacillus"
"ASV57311","Bacteria","Firmicutes","Lactobacillales","Lactobacillaceae","Fructilactobacillus"
"ASV574","Bacteria","Firmicutes","Lactobacillales","Lactobacillaceae","Lactobacillaceae spc"
"ASV57435","Bacteria","Actinobacteria","Coriobacteriales","Atopobiaceae","Atopobiaceae spc"
"ASV57476","Bacteria","Proteobacteria","Proteobacteria spc","Proteobacteria spc","Proteobacteria spc"
"ASV57480","Bacteria","Actinobacteria","Coriobacteriales","Atopobiaceae","Atopobium"
"ASV575","Bacteria","Proteobacteria","Enterobacterales","Enterobacterales spc","Enterobacterales spc"
"ASV57508","Bacteria","Proteobacteria","Rickettsiales","Anaplasmataceae","Wolbachia"
"ASV576","Bacteria","Proteobacteria","Orbales","Orbaceae","Gilliamella"
"ASV5761","Bacteria","Actinobacteria","Actinomycetales","Actinomycetaceae","Actinomyces"
"ASV577","Bacteria","Firmicutes","Clostridiales","Peptostreptococcaceae","Romboutsia"
"ASV5770","Bacteria","Proteobacteria","Oceanospirillales","Halomonadaceae","Halomonas"
"ASV57727","Bacteria","Proteobacteria","Proteobacteria spc","Proteobacteria spc","Proteobacteria spc"
"ASV57730","Bacteria","Firmicutes","Firmicutes spc","Firmicutes spc","Firmicutes spc"
"ASV57731","Bacteria","Proteobacteria","Enterobacterales","Enterobacterales spc","Enterobacterales spc"
"ASV57743","Bacteria","Firmicutes","Firmicutes spc","Firmicutes spc","Firmicutes spc"
"ASV57745","Bacteria","Firmicutes","Lactobacillales","Lactobacillaceae","Fructobacillus"
"ASV57765","Bacteria","Firmicutes","Lactobacillales","Lactobacillaceae","Fructobacillus"
"ASV578","Bacteria","Proteobacteria","Burkholderiales","Burkholderiaceae","Burkholderia"
"ASV579","Bacteria","Actinobacteria","Micrococcales","Micrococcaceae","Arthrobacter"
"ASV57953","Bacteria","Firmicutes","Lactobacillales","Lactobacillaceae","Lactobacillus"
"ASV57960","Bacteria","Firmicutes","Clostridiales","Clostridiales spc","Clostridiales spc"
"ASV57963","Bacteria","Bacteroidetes","Bacteroidales","Prevotellaceae","Prevotella"
"ASV57972","Bacteria","Firmicutes","Lactobacillales","Lactobacillaceae","Lactobacillus"
"ASV57984","Bacteria","Proteobacteria","Pseudomonadales","Moraxellaceae","Acinetobacter"
"ASV5799","Bacteria","Actinobacteria","Acidothermales","Acidothermaceae","Acidothermus"
"ASV580","Bacteria","Firmicutes","Firmicutes spc","Firmicutes spc","Firmicutes spc"
"ASV58142","Bacteria","Proteobacteria","Enterobacterales","Enterobacterales spc","Enterobacterales spc"
"ASV58172","Bacteria","Proteobacteria","Rhodospirillales","Acetobacteraceae","Acetobacteraceae spc"
"ASV58179","Bacteria","Actinobacteria","Bifidobacteriales","Bifidobacteriaceae","Bifidobacterium"
"ASV58215","Bacteria","Firmicutes","Lactobacillales","Lactobacillales spc","Lactobacillales spc"
"ASV583","Bacteria","Proteobacteria","Enterobacterales","Pectobacteriaceae","Sodalis"
"ASV5836","Bacteria","Proteobacteria","Rhodospirillales","Acetobacteraceae","Acetobacteraceae spc"
"ASV5839","Bacteria","Proteobacteria","Xanthomonadales","Xanthomonadaceae","Wohlfahrtiimonas"
"ASV584","Bacteria","Firmicutes","Lactobacillales","Lactobacillaceae","Weissella"
"ASV58440","Bacteria","Firmicutes","Lactobacillales","Lactobacillaceae","Fructobacillus"
"ASV58444","Bacteria","Proteobacteria","Oceanospirillales","Halomonadaceae","Halomonadaceae spc"
"ASV5845","Bacteria","Chloroflexi","Chloroflexi spc","Chloroflexi spc","Chloroflexi spc"
"ASV58461","Bacteria","Proteobacteria","Proteobacteria spc","Proteobacteria spc","Proteobacteria spc"
"ASV5849","Bacteria","Proteobacteria","Pseudomonadales","Pseudomonadaceae","Pseudomonas"
"ASV5850","Bacteria","Actinobacteria","Micrococcales","Dermabacteraceae","Brachybacterium"
"ASV58513","Bacteria","Proteobacteria","Rhodospirillales","Acetobacteraceae","Commensalibacter"
"ASV5852","Bacteria","Proteobacteria","Pseudomonadales","Moraxellaceae","Acinetobacter"
"ASV58563","Bacteria","Proteobacteria","Pseudomonadales","Moraxellaceae","Acinetobacter"
"ASV58568","Bacteria","Proteobacteria","Rhodospirillales","Acetobacteraceae","Commensalibacter"
"ASV586","Bacteria","Firmicutes","Bacillales","Planococcaceae","Metalysinibacillus"
"ASV587","Bacteria","Proteobacteria","Oceanospirillales","Halomonadaceae","Halotalea"
"ASV58711","Bacteria","Firmicutes","Lactobacillales","Enterococcaceae","Enterococcus"
"ASV58756","Bacteria","Proteobacteria","Rhodospirillales","Acetobacteraceae","Commensalibacter"
"ASV58788","Bacteria","Proteobacteria","Rhodospirillales","Acetobacteraceae","Commensalibacter"
"ASV588","Bacteria","Proteobacteria","Pseudomonadales","Moraxellaceae","Acinetobacter"
"ASV5880","Bacteria","Proteobacteria","Xanthomonadales","Xanthomonadaceae","Xanthomonadaceae spc"
"ASV58807","Bacteria","Proteobacteria","Enterobacterales","Enterobacterales spc","Enterobacterales spc"
"ASV58851","Bacteria","Proteobacteria","Rhodospirillales","Acetobacteraceae","Commensalibacter"
"ASV589","Bacteria","Proteobacteria","Enterobacterales","Erwiniaceae","Erwiniaceae spc"
"ASV5890","Bacteria","Proteobacteria","Pseudomonadales","Pseudomonadaceae","Pseudomonas"
"ASV58905","Bacteria","Firmicutes","Lactobacillales","Lactobacillaceae","Lactobacillus"
"ASV58906","Bacteria","Proteobacteria","Pseudomonadales","Moraxellaceae","Acinetobacter"
"ASV5892","Bacteria","Bacteroidetes","Bacteroidales","Dysgonomonadaceae","Dysgonomonas"
"ASV58933","Bacteria","Firmicutes","Lactobacillales","Lactobacillaceae","Lactobacillaceae spc"
"ASV58946","Bacteria","Proteobacteria","Rhodospirillales","Acetobacteraceae","Saccharibacter"
"ASV59","Bacteria","Proteobacteria","Orbales","Orbaceae","Frischella"
"ASV590","Bacteria","Tenericutes","Entomoplasmatales","Spiroplasmataceae","Spiroplasma"
"ASV5903","Bacteria","Proteobacteria","Xanthomonadales","Xanthomonadaceae","Ignatzschineria"
"ASV592","Bacteria","Proteobacteria","Orbales","Orbaceae","Frischella"
"ASV59205","Bacteria","Firmicutes","Lactobacillales","Lactobacillaceae","Lactobacillaceae spc"
"ASV59232","Bacteria","Proteobacteria","Rhodospirillales","Acetobacteraceae","Saccharibacter"
"ASV59259","Bacteria","Proteobacteria","Neisseriales","Neisseriaceae","Snodgrassella"
"ASV593","Bacteria","Bacteroidetes","Flavobacteriales","Weeksellaceae","Apibacter"
"ASV594","Bacteria","Proteobacteria","Enterobacterales","Enterobacteriaceae","Biostraticola"
"ASV59526","Bacteria","Firmicutes","Lactobacillales","Lactobacillaceae","Lactobacillus"
"ASV5955","Bacteria","Actinobacteria","Bifidobacteriales","Bifidobacteriaceae","Bifidobacterium"
"ASV596","Bacteria","Proteobacteria","Burkholderiales","Comamonadaceae","Comamonas"
"ASV5965","Bacteria","Proteobacteria","Orbales","Orbaceae","Orbaceae spc"
"ASV59679","Bacteria","Proteobacteria","Enterobacterales","Enterobacteriaceae","Klebsiella"
"ASV5975","Bacteria","Bacteroidetes","Flavobacteriales","Flavobacteriaceae","Myroides"
"ASV5976","Bacteria","Firmicutes","Lactobacillales","Streptococcaceae","Lactococcus"
"ASV5978","Bacteria","Proteobacteria","Enterobacterales","Yersiniaceae","Serratia"
"ASV598","Bacteria","Actinobacteria","Mycobacteriales","Mycobacteriaceae","Mycobacterium"
"ASV5982","Bacteria","Actinobacteria","Bifidobacteriales","Bifidobacteriaceae","Bifidobacteriaceae spc"
"ASV59840","Bacteria","Bacteroidetes","Bacteroidales","Prevotellaceae","Prevotellaceae spc"
"ASV5988","Bacteria","Bacteroidetes","Flavobacteriales","Weeksellaceae","Apibacter"
"ASV5997","Bacteria","Proteobacteria","Rickettsiales","Anaplasmataceae","Wolbachia"
"ASV6","Bacteria","Proteobacteria","Rickettsiales","Anaplasmataceae","Wolbachia"
"ASV60","Bacteria","Proteobacteria","Pseudomonadales","Pseudomonadaceae","Pseudomonas"
"ASV600","Bacteria","Bacteroidetes","Bacteroidales","Prevotellaceae","Prevotella"
"ASV601","Bacteria","Proteobacteria","Oceanospirillales","Halomonadaceae","Carnimonas"
"ASV602","Bacteria","Proteobacteria","Orbales","Orbaceae","Orbaceae spc"
"ASV60299","Bacteria","Firmicutes","Lactobacillales","Streptococcaceae","Lactococcus"
"ASV6034","Bacteria","Bacteroidetes","Bacteroidales","Prevotellaceae","Prevotella"
"ASV6036","Bacteria","Proteobacteria","Neisseriales","Neisseriaceae","Snodgrassella"
"ASV60393","Bacteria","Firmicutes","Firmicutes spc","Firmicutes spc","Firmicutes spc"
"ASV605","Bacteria","Proteobacteria","Enterobacterales","Pectobacteriaceae","Sodalis"
"ASV60506","Bacteria","Firmicutes","Lactobacillales","Streptococcaceae","Lactococcus"
"ASV60531","Bacteria","Proteobacteria","Orbales","Orbaceae","Orbaceae spc"
"ASV60545","Bacteria","Proteobacteria","Proteobacteria spc","Proteobacteria spc","Proteobacteria spc"
"ASV60599","Bacteria","Proteobacteria","Proteobacteria spc","Proteobacteria spc","Proteobacteria spc"
"ASV606","Bacteria","Proteobacteria","Rhodospirillales","Acetobacteraceae","Saccharibacter"
"ASV6063","Bacteria","Firmicutes","Clostridiales","Lachnospiraceae","Blautia"
"ASV6067","Bacteria","Bacteroidetes","Flavobacteriales","Weeksellaceae","Chryseobacterium"
"ASV60712","Bacteria","Proteobacteria","Orbales","Orbaceae","Orbaceae spc"
"ASV60754","Bacteria","Actinobacteria","Bifidobacteriales","Bifidobacteriaceae","Bifidobacteriaceae spc"
"ASV609","Bacteria","Bacteroidetes","Bacteroidales","Dysgonomonadaceae","Dysgonomonas"
"ASV6094","Bacteria","Firmicutes","Lactobacillales","Lactobacillaceae","Lactiplantibacillus"
"ASV60974","Bacteria","Firmicutes","Lactobacillales","Lactobacillaceae","Lactobacillaceae spc"
"ASV61","Bacteria","Proteobacteria","Pseudomonadales","Pseudomonadaceae","Pseudomonas"
"ASV610","Bacteria","Firmicutes","Lactobacillales","Enterococcaceae","Vagococcus"
"ASV611","Bacteria","Bacteroidetes","Cytophagales","Flammeovirgaceae","Candidatus-Cardinium"
"ASV6110","Bacteria","Actinobacteria","Bifidobacteriales","Bifidobacteriaceae","Bifidobacterium"
"ASV61193","Bacteria","Proteobacteria","Pseudomonadales","Moraxellaceae","Acinetobacter"
"ASV612","Bacteria","Bacteroidetes","Bacteroidales","Dysgonomonadaceae","Dysgonomonas"
"ASV61276","Bacteria","Firmicutes","Acidaminococcales","Acidaminococcaceae","Phascolarctobacterium"
"ASV61301","Bacteria","Proteobacteria","Rhodospirillales","Acetobacteraceae","Commensalibacter"
"ASV61328","Bacteria","Proteobacteria","Proteobacteria spc","Proteobacteria spc","Proteobacteria spc"
"ASV6133","Bacteria","Bacteroidetes","Flavobacteriales","Weeksellaceae","Chishuiella"
"ASV61373","Bacteria","Firmicutes","Firmicutes spc","Firmicutes spc","Firmicutes spc"
"ASV61450","Bacteria","Firmicutes","Firmicutes spc","Firmicutes spc","Firmicutes spc"
"ASV61453","Bacteria","Firmicutes","Firmicutes spc","Firmicutes spc","Firmicutes spc"
"ASV61459","Bacteria","Proteobacteria","Rhodospirillales","Acetobacteraceae","Commensalibacter"
"ASV61466","Bacteria","Firmicutes","Lactobacillales","Lactobacillaceae","Lactobacillus"
"ASV615","Bacteria","Proteobacteria","Oceanospirillales","Halomonadaceae","Halotalea"
"ASV6152","Bacteria","Bacteroidetes","Bacteroidetes spc","Bacteroidetes spc","Bacteroidetes spc"
"ASV61522","Bacteria","Firmicutes","Lactobacillales","Streptococcaceae","Lactococcus"
"ASV61581","Bacteria","Proteobacteria","Proteobacteria spc","Proteobacteria spc","Proteobacteria spc"
"ASV61678","Bacteria","Proteobacteria","Rhodospirillales","Acetobacteraceae","Commensalibacter"
"ASV61681","Bacteria","Firmicutes","Veillonellales","Veillonellaceae","Veillonella"
"ASV61686","Bacteria","Proteobacteria","Enterobacterales","Enterobacteriaceae","Klebsiella"
"ASV61801","Bacteria","Firmicutes","Lactobacillales","Lactobacillaceae","Lactobacillus"
"ASV61868","Bacteria","Firmicutes","Lactobacillales","Lactobacillaceae","Lactobacillus"
"ASV61870","Bacteria","Firmicutes","Lactobacillales","Lactobacillales spc","Lactobacillales spc"
"ASV6188","Bacteria","Proteobacteria","Pseudomonadales","Moraxellaceae","Acinetobacter"
"ASV61920","Bacteria","Firmicutes","Firmicutes spc","Firmicutes spc","Firmicutes spc"
"ASV62","Bacteria","Firmicutes","Lactobacillales","Streptococcaceae","Lactococcus"
"ASV620","Bacteria","Firmicutes","Selenomonadales","Selenomonadaceae","Pectinatus"
"ASV62015","Bacteria","Firmicutes","Lactobacillales","Enterococcaceae","Enterococcus"
"ASV62091","Bacteria","Firmicutes","Lactobacillales","Lactobacillaceae","Lactobacillaceae spc"
"ASV62093","Bacteria","Proteobacteria","Pseudomonadales","Pseudomonadaceae","Entomomonas"
"ASV621","Bacteria","Proteobacteria","Burkholderiales","Alcaligenaceae","Kinetoplastibacterium"
"ASV62108","Bacteria","Proteobacteria","Proteobacteria spc","Proteobacteria spc","Proteobacteria spc"
"ASV62117","Bacteria","Proteobacteria","Pseudomonadales","Pseudomonadaceae","Entomomonas"
"ASV62146","Bacteria","Proteobacteria","Enterobacterales","Erwiniaceae","Erwinia"
"ASV62161","Bacteria","Proteobacteria","Proteobacteria spc","Proteobacteria spc","Proteobacteria spc"
"ASV622","Bacteria","Bacteroidetes","Bacteroidales","Dysgonomonadaceae","Dysgonomonas"
"ASV6222","Bacteria","Bacteroidetes","Sphingobacteriales","Sphingobacteriaceae","Sphingobacterium"
"ASV62225","Bacteria","Proteobacteria","Proteobacteria spc","Proteobacteria spc","Proteobacteria spc"
"ASV62236","Bacteria","Proteobacteria","Orbales","Orbaceae","Orbus"
"ASV62279","Bacteria","Proteobacteria","Rhizobiales","Rhizobiales spc","Rhizobiales spc"
"ASV62288","Bacteria","Firmicutes","Lactobacillales","Lactobacillaceae","Lactobacillus"
"ASV62290","Bacteria","Firmicutes","Firmicutes spc","Firmicutes spc","Firmicutes spc"
"ASV623","Bacteria","Proteobacteria","Pseudomonadales","Moraxellaceae","Acinetobacter"
"ASV62319","Bacteria","Proteobacteria","Rhodospirillales","Acetobacteraceae","Acetobacteraceae spc"
"ASV62338","Bacteria","Firmicutes","Lactobacillales","Lactobacillaceae","Lactobacillus"
"ASV62343","Bacteria","Firmicutes","Lactobacillales","Lactobacillaceae","Lactobacillaceae spc"
"ASV6239","Bacteria","Actinobacteria","Bifidobacteriales","Bifidobacteriaceae","Bifidobacteriaceae spc"
"ASV625","Bacteria","Bacteroidetes","Bacteroidales","Bacteroidaceae","Bacteroides"
"ASV62664","Bacteria","Proteobacteria","Orbales","Orbaceae","Gilliamella"
"ASV62665","Bacteria","Firmicutes","Lactobacillales","Lactobacillaceae","Lactobacillus"
"ASV62670","Bacteria","Firmicutes","Lactobacillales","Lactobacillaceae","Lactobacillus"
"ASV62672","Bacteria","Firmicutes","Clostridiales","Peptostreptococcaceae","Peptostreptococcus"
"ASV62690","Bacteria","Proteobacteria","Enterobacterales","Enterobacterales spc","Enterobacterales spc"
"ASV627","Bacteria","Firmicutes","Clostridiales","Lachnospiraceae","Agathobacter"
"ASV62705","Bacteria","Proteobacteria","Orbales","Orbaceae","Gilliamella"
"ASV62707","Bacteria","Proteobacteria","Neisseriales","Neisseriaceae","Snodgrassella"
"ASV6287","Bacteria","Proteobacteria","Oceanospirillales","Halomonadaceae","Halomonadaceae spc"
"ASV6293","Bacteria","Proteobacteria","Pseudomonadales","Pseudomonadaceae","Pseudomonas"
"ASV63","Bacteria","Firmicutes","Lactobacillales","Lactobacillaceae","Lactobacillus"
"ASV630","Bacteria","Firmicutes","Veillonellales","Veillonellaceae","Veillonella"
"ASV6334","Bacteria","Actinobacteria","Bifidobacteriales","Bifidobacteriaceae","Bifidobacteriaceae spc"
"ASV63357","Bacteria","Proteobacteria","Rhodospirillales","Acetobacteraceae","Commensalibacter"
"ASV634","Bacteria","Actinobacteria","Bifidobacteriales","Bifidobacteriaceae","Bifidobacterium"
"ASV6348","Bacteria","Firmicutes","Bacillales","Bacillaceae","Bacillus"
"ASV635","Bacteria","Proteobacteria","Pseudomonadales","Moraxellaceae","Acinetobacter"
"ASV6351","Bacteria","Proteobacteria","Proteobacteria spc","Proteobacteria spc","Proteobacteria spc"
"ASV63541","Bacteria","Proteobacteria","Proteobacteria spc","Proteobacteria spc","Proteobacteria spc"
"ASV63544","Bacteria","Proteobacteria","Rhizobiales","Rhizobiales spc","Rhizobiales spc"
"ASV63583","Bacteria","Firmicutes","Firmicutes spc","Firmicutes spc","Firmicutes spc"
"ASV63596","Bacteria","Firmicutes","Lactobacillales","Lactobacillaceae","Lactobacillus"
"ASV636","Bacteria","Proteobacteria","Enterobacterales","Pectobacteriaceae","Sodalis"
"ASV63600","Bacteria","Firmicutes","Lactobacillales","Lactobacillaceae","Lactobacillus"
"ASV6361","Bacteria","Proteobacteria","Neisseriales","Neisseriaceae","Snodgrassella"
"ASV6370","Bacteria","Firmicutes","Lactobacillales","Lactobacillaceae","Fructobacillus"
"ASV63721","Bacteria","Proteobacteria","Enterobacterales","Enterobacteriaceae","Raoultella"
"ASV638","Bacteria","Firmicutes","Clostridiales","Clostridiaceae","Clostridium"
"ASV63824","Bacteria","Proteobacteria","Rhizobiales","Rhizobiales spc","Rhizobiales spc"
"ASV63847","Bacteria","Proteobacteria","Rhodospirillales","Acetobacteraceae","Acetobacteraceae spc"
"ASV6391","Bacteria","Actinobacteria","Bifidobacteriales","Bifidobacteriaceae","Bifidobacterium"
"ASV63932","Bacteria","Firmicutes","Lactobacillales","Lactobacillaceae","Latilactobacillus"
"ASV6397","Bacteria","Proteobacteria","Rhodobacterales","Rhodobacteraceae","Paracoccus"
"ASV63984","Bacteria","Proteobacteria","Enterobacterales","Enterobacterales spc","Enterobacterales spc"
"ASV64","Bacteria","Proteobacteria","Rhodospirillales","Acetobacteraceae","Commensalibacter"
"ASV641","Bacteria","Actinobacteria","Bifidobacteriales","Bifidobacteriaceae","Bifidobacterium"
"ASV6412","Bacteria","Actinobacteria","Mycobacteriales","Gordoniaceae","Gordonia"
"ASV64143","Bacteria","Firmicutes","Lactobacillales","Lactobacillaceae","Fructobacillus"
"ASV64177","Bacteria","Firmicutes","Lactobacillales","Lactobacillaceae","Fructobacillus"
"ASV64180","Bacteria","Firmicutes","Lactobacillales","Lactobacillaceae","Leuconostoc"
"ASV642","Bacteria","Proteobacteria","Rhizobiales","Methylobacteriaceae","Methylobacterium"
"ASV6424","Bacteria","Firmicutes","Lactobacillales","Lactobacillaceae","Lactobacillaceae spc"
"ASV6428","Bacteria","Proteobacteria","Rhodospirillales","Acetobacteraceae","Acetobacteraceae spc"
"ASV643","Bacteria","Actinobacteria","Coriobacteriales","Coriobacteriales spc","Coriobacteriales spc"
"ASV6431","Bacteria","Firmicutes","Selenomonadales","Selenomonadaceae","Selenomonadaceae spc"
"ASV644","Bacteria","Proteobacteria","Pseudomonadales","Pseudomonadaceae","Pseudomonas"
"ASV64441","Bacteria","Tenericutes","Entomoplasmatales","Spiroplasmataceae","Spiroplasma"
"ASV645","Bacteria","Actinobacteria","Bifidobacteriales","Bifidobacteriaceae","Bifidobacterium"
"ASV64528","Bacteria","Proteobacteria","Pseudomonadales","Pseudomonadales spc","Pseudomonadales spc"
"ASV64529","Bacteria","Firmicutes","Firmicutes spc","Firmicutes spc","Firmicutes spc"
"ASV647","Bacteria","Proteobacteria","Hyphomicrobiales","Lichenibacteriaceae","Lichenibacteriaceae spc"
"ASV6484","Bacteria","Firmicutes","Lactobacillales","Streptococcaceae","Lactococcus"
"ASV64856","Bacteria","Firmicutes","Clostridiales","Clostridiaceae","Clostridium"
"ASV6488","Bacteria","Bacteroidetes","Bacteroidales","Prevotellaceae","Prevotella"
"ASV649","Bacteria","Proteobacteria","Pseudomonadales","Moraxellaceae","Acinetobacter"
"ASV64998","Bacteria","Firmicutes","Lactobacillales","Lactobacillaceae","Weissella"
"ASV65","Bacteria","Proteobacteria","Rickettsiales","Anaplasmataceae","Wolbachia"
"ASV65000","Bacteria","Firmicutes","Clostridiales","Clostridiaceae","Clostridium"
"ASV65008","Bacteria","Proteobacteria","Rhodospirillales","Rhodospirillales spc","Rhodospirillales spc"
"ASV65051","Bacteria","Firmicutes","Firmicutes spc","Firmicutes spc","Firmicutes spc"
"ASV651","Bacteria","Proteobacteria","Rhodospirillales","Acetobacteraceae","Swingsia"
"ASV65167","Bacteria","Firmicutes","Firmicutes spc","Firmicutes spc","Firmicutes spc"
"ASV65169","Bacteria","Firmicutes","Firmicutes spc","Firmicutes spc","Firmicutes spc"
"ASV65174","Bacteria","Firmicutes","Lactobacillales","Lactobacillaceae","Lactobacillus"
"ASV652","Bacteria","Firmicutes","Lactobacillales","Lactobacillaceae","Lactobacillus"
"ASV653","Bacteria","Chlamydiae","Chlamydiales","Simkaniaceae","Candidatus-Rhabdochlamydia"
"ASV65302","Bacteria","Firmicutes","Lactobacillales","Lactobacillaceae","Lactobacillus"
"ASV65303","Bacteria","Proteobacteria","Proteobacteria spc","Proteobacteria spc","Proteobacteria spc"
"ASV6535","Bacteria","Bacteroidetes","Sphingobacteriales","Sphingobacteriaceae","Sphingobacterium"
"ASV655","Bacteria","Proteobacteria","Burkholderiales","Burkholderiales spc","Burkholderiales spc"
"ASV6559","Bacteria","Proteobacteria","Pseudomonadales","Moraxellaceae","Acinetobacter"
"ASV656","Bacteria","Proteobacteria","Neisseriales","Neisseriaceae","Snodgrassella"
"ASV657","Bacteria","Bacteroidetes","Bacteroidales","Dysgonomonadaceae","Dysgonomonas"
"ASV65737","Bacteria","Firmicutes","Lactobacillales","Lactobacillaceae","Lactobacillus"
"ASV658","Bacteria","Bacteroidetes","Flavobacteriales","Weeksellaceae","Wautersiella"
"ASV65842","Bacteria","Proteobacteria","Rhodospirillales","Acetobacteraceae","Commensalibacter"
"ASV65895","Bacteria","Firmicutes","Lactobacillales","Lactobacillales spc","Lactobacillales spc"
"ASV659","Bacteria","Firmicutes","Lactobacillales","Enterococcaceae","Vagococcus"
"ASV65916","Bacteria","Proteobacteria","Proteobacteria spc","Proteobacteria spc","Proteobacteria spc"
"ASV65936","Bacteria","Firmicutes","Firmicutes spc","Firmicutes spc","Firmicutes spc"
"ASV65938","Bacteria","Firmicutes","Lactobacillales","Enterococcaceae","Enterococcus"
"ASV6596","Bacteria","Firmicutes","Lactobacillales","Lactobacillaceae","Lactobacillaceae spc"
"ASV6598","Bacteria","Firmicutes","Clostridiales","Lachnospiraceae","Blautia"
"ASV66","Bacteria","Firmicutes","Lactobacillales","Lactobacillaceae","Lactobacillus"
"ASV660","Bacteria","Actinobacteria","Micrococcales","Micrococcaceae","Nesterenkonia"
"ASV66051","Bacteria","Firmicutes","Lactobacillales","Enterococcaceae","Enterococcus"
"ASV66093","Bacteria","Proteobacteria","Proteobacteria spc","Proteobacteria spc","Proteobacteria spc"
"ASV66095","Bacteria","Proteobacteria","Enterobacterales","Enterobacteriaceae","Pseudescherichia"
"ASV66130","Bacteria","Firmicutes","Lactobacillales","Lactobacillaceae","Lactobacillaceae spc"
"ASV66142","Bacteria","Firmicutes","Firmicutes spc","Firmicutes spc","Firmicutes spc"
"ASV66174","Bacteria","Proteobacteria","Rhodospirillales","Acetobacteraceae","Commensalibacter"
"ASV66178","Bacteria","Firmicutes","Firmicutes spc","Firmicutes spc","Firmicutes spc"
"ASV66182","Bacteria","Proteobacteria","Enterobacterales","Enterobacterales spc","Enterobacterales spc"
"ASV662","Bacteria","Firmicutes","Lactobacillales","Lactobacillaceae","Paucilactobacillus"
"ASV663","Bacteria","Proteobacteria","Oceanospirillales","Halomonadaceae","Halotalea"
"ASV6636","Bacteria","Bacteroidetes","Bacteroidales","Prevotellaceae","Prevotella"
"ASV66532","Bacteria","Actinobacteria","Bifidobacteriales","Bifidobacteriaceae","Bifidobacteriaceae spc"
"ASV66537","Bacteria","Firmicutes","Lactobacillales","Lactobacillaceae","Fructobacillus"
"ASV66540","Bacteria","Firmicutes","Lactobacillales","Lactobacillales spc","Lactobacillales spc"
"ASV66548","Bacteria","Firmicutes","Lactobacillales","Streptococcaceae","Lactococcus"
"ASV66577","Bacteria","Proteobacteria","Orbales","Orbaceae","Gilliamella"
"ASV66581","Bacteria","Firmicutes","Lactobacillales","Lactobacillaceae","Lactobacillus"
"ASV666","Bacteria","Firmicutes","Lactobacillales","Lactobacillaceae","Lactobacillus"
"ASV6660","Bacteria","Firmicutes","Lactobacillales","Lactobacillaceae","Leuconostoc"
"ASV66603","Bacteria","Proteobacteria","Proteobacteria spc","Proteobacteria spc","Proteobacteria spc"
"ASV66607","Bacteria","Actinobacteria","Bifidobacteriales","Bifidobacteriaceae","Bifidobacterium"
"ASV66611","Bacteria","Actinobacteria","Bifidobacteriales","Bifidobacteriaceae","Bifidobacteriaceae spc"
"ASV66613","Bacteria","Firmicutes","Lactobacillales","Lactobacillaceae","Lactobacillus"
"ASV66615","Bacteria","Firmicutes","Lactobacillales","Lactobacillaceae","Lactobacillus"
"ASV66644","Bacteria","Firmicutes","Lactobacillales","Lactobacillaceae","Fructobacillus"
"ASV66645","Bacteria","Proteobacteria","Proteobacteria spc","Proteobacteria spc","Proteobacteria spc"
"ASV667","Bacteria","Firmicutes","Selenomonadales","Selenomonadaceae","Pectinatus"
"ASV6687","Bacteria","Proteobacteria","Xanthomonadales","Xanthomonadaceae","Xanthomonadaceae spc"
"ASV6688","Bacteria","Proteobacteria","Desulfovibrionales","Desulfovibrionaceae","Desulfovibrio"
"ASV66950","Bacteria","Actinobacteria","Bifidobacteriales","Bifidobacteriaceae","Bifidobacterium"
"ASV66956","Bacteria","Proteobacteria","Rhodospirillales","Acetobacteraceae","Commensalibacter"
"ASV66962","Bacteria","Firmicutes","Lactobacillales","Lactobacillaceae","Bombilactobacillus"
"ASV6697","Bacteria","Firmicutes","Lactobacillales","Lactobacillaceae","Lactobacillaceae spc"
"ASV67","Bacteria","Firmicutes","Lactobacillales","Lactobacillaceae","Lactobacillus"
"ASV670","Bacteria","Firmicutes","Lactobacillales","Lactobacillaceae","Weissella"
"ASV6706","Bacteria","Proteobacteria","Rickettsiales","Anaplasmataceae","Wolbachia"
"ASV6707","Bacteria","Actinobacteria","Micrococcales","Micrococcaceae","Paeniglutamicibacter"
"ASV671","Bacteria","Bacteroidetes","Bacteroidales","Dysgonomonadaceae","Dysgonomonas"
"ASV6711","Bacteria","Firmicutes","Lactobacillales","Lactobacillaceae","Lactobacillaceae spc"
"ASV67166","Bacteria","Firmicutes","Lactobacillales","Lactobacillaceae","Lacticaseibacillus"
"ASV672","Bacteria","Proteobacteria","Xanthomonadales","Xanthomonadaceae","Ignatzschineria"
"ASV6734","Bacteria","Proteobacteria","Rhodospirillales","Acetobacteraceae","Saccharibacter"
"ASV67389","Bacteria","Firmicutes","Lactobacillales","Lactobacillaceae","Lactobacillus"
"ASV674","Bacteria","Proteobacteria","Rhodospirillales","Acetobacteraceae","Gluconobacter"
"ASV67410","Bacteria","Proteobacteria","Pseudomonadales","Pseudomonadaceae","Pseudomonas"
"ASV67415","Bacteria","Proteobacteria","Proteobacteria spc","Proteobacteria spc","Proteobacteria spc"
"ASV67417","Bacteria","Proteobacteria","Rhodospirillales","Acetobacteraceae","Saccharibacter"
"ASV67441","Bacteria","Proteobacteria","Neisseriales","Neisseriaceae","Snodgrassella"
"ASV6752","Bacteria","Proteobacteria","Proteobacteria spc","Proteobacteria spc","Proteobacteria spc"
"ASV67612","Bacteria","Proteobacteria","Proteobacteria spc","Proteobacteria spc","Proteobacteria spc"
"ASV67615","Bacteria","Proteobacteria","Enterobacterales","Enterobacterales spc","Enterobacterales spc"
"ASV6764","Bacteria","Chloroflexi","Chloroflexi spc","Chloroflexi spc","Chloroflexi spc"
"ASV67665","Bacteria","Firmicutes","Clostridiales","Peptoniphilaceae","Peptoniphilus"
"ASV67677","Bacteria","Firmicutes","Lactobacillales","Lactobacillaceae","Lactobacillus"
"ASV677","Bacteria","Proteobacteria","Burkholderiales","Comamonadaceae","Comamonas"
"ASV678","Bacteria","Firmicutes","Selenomonadales","Selenomonadaceae","Propionispira"
"ASV6784","Bacteria","Acidobacteria","Acidobacteriales","Acidobacteriaceae","Candidatus-Koribacter"
"ASV679","Bacteria","Proteobacteria","Orbales","Orbaceae","Gilliamella"
"ASV68","Bacteria","Proteobacteria","Pseudomonadales","Pseudomonadaceae","Entomomonas"
"ASV680","Bacteria","Firmicutes","Clostridiales","Ruminococcaceae","Ruminococcaceae spc"
"ASV68092","Bacteria","Firmicutes","Selenomonadales","Selenomonadaceae","Selenomonadaceae spc"
"ASV681","Bacteria","Bacteroidetes","Flavobacteriales","Flavobacteriaceae","Myroides"
"ASV68120","Bacteria","Proteobacteria","Enterobacterales","Erwiniaceae","Erwinia"
"ASV6814","Bacteria","Bacteroidetes","Bacteroidales","Prevotellaceae","Prevotella"
"ASV682","Bacteria","Proteobacteria","Pseudomonadales","Moraxellaceae","Acinetobacter"
"ASV68230","Bacteria","Firmicutes","Lactobacillales","Streptococcaceae","Lactococcus"
"ASV68255","Bacteria","Proteobacteria","Neisseriales","Neisseriaceae","Snodgrassella"
"ASV68268","Bacteria","Proteobacteria","Pseudomonadales","Pseudomonadaceae","Pseudomonas"
"ASV683","Bacteria","Proteobacteria","Proteobacteria spc","Proteobacteria spc","Proteobacteria spc"
"ASV6832","Bacteria","Firmicutes","Lactobacillales","Enterococcaceae","Enterococcus"
"ASV68324","Bacteria","Firmicutes","Selenomonadales","Selenomonadaceae","Selenomonadaceae spc"
"ASV68344","Bacteria","Firmicutes","Firmicutes spc","Firmicutes spc","Firmicutes spc"
"ASV6835","Bacteria","Actinobacteria","Bifidobacteriales","Bifidobacteriaceae","Bifidobacterium"
"ASV6837","Bacteria","Firmicutes","Lactobacillales","Streptococcaceae","Lactococcus"
"ASV6851","Bacteria","Tenericutes","Entomoplasmatales","Spiroplasmataceae","Spiroplasma"
"ASV6854","Bacteria","Firmicutes","Lactobacillales","Lactobacillaceae","Lactobacillaceae spc"
"ASV68564","Bacteria","Firmicutes","Lactobacillales","Lactobacillaceae","Bombilactobacillus"
"ASV6857","Bacteria","Firmicutes","Lactobacillales","Lactobacillaceae","Limosilactobacillus"
"ASV686","Bacteria","Proteobacteria","Neisseriales","Neisseriaceae","Snodgrassella"
"ASV68699","Bacteria","Firmicutes","Firmicutes spc","Firmicutes spc","Firmicutes spc"
"ASV687","Bacteria","Proteobacteria","Rickettsiales","Anaplasmataceae","Wolbachia"
"ASV6874","Bacteria","Bacteroidetes","Bacteroidales","Prevotellaceae","Prevotella"
"ASV6875","Bacteria","Proteobacteria","Rhodospirillales","Acetobacteraceae","Endobacter"
"ASV68756","Bacteria","Actinobacteria","Mycobacteriales","Corynebacteriaceae","Corynebacterium"
"ASV68758","Bacteria","Proteobacteria","Proteobacteria spc","Proteobacteria spc","Proteobacteria spc"
"ASV68768","Bacteria","Firmicutes","Lactobacillales","Lactobacillaceae","Lactobacillaceae spc"
"ASV6878","Bacteria","Proteobacteria","Enterobacterales","Erwiniaceae","Pantoea"
"ASV68784","Bacteria","Proteobacteria","Oceanospirillales","Halomonadaceae","Halomonadaceae spc"
"ASV6879","Bacteria","Bacteroidetes","Chitinophagales","Chitinophagaceae","Chitinophagaceae spc"
"ASV688","Bacteria","Bacteroidetes","Bacteroidales","Prevotellaceae","Prevotella"
"ASV689","Bacteria","Proteobacteria","Enterobacterales","Morganellaceae","Xenorhabdus"
"ASV68922","Bacteria","Proteobacteria","Pseudomonadales","Moraxellaceae","Acinetobacter"
"ASV69","Bacteria","Firmicutes","Lactobacillales","Lactobacillaceae","Apilactobacillus"
"ASV6901","Bacteria","Proteobacteria","Pseudomonadales","Moraxellaceae","Acinetobacter"
"ASV691","Bacteria","Proteobacteria","Xanthomonadales","Xanthomonadaceae","Ignatzschineria"
"ASV6911","Bacteria","Actinobacteria","Mycobacteriales","Gordoniaceae","Gordonia"
"ASV6913","Bacteria","Firmicutes","Lactobacillales","Lactobacillaceae","Lactobacillus"
"ASV69154","Bacteria","Actinobacteria","Bifidobacteriales","Bifidobacteriaceae","Bifidobacterium"
"ASV69163","Bacteria","Firmicutes","Firmicutes spc","Firmicutes spc","Firmicutes spc"
"ASV69210","Bacteria","Proteobacteria","Enterobacterales","Enterobacteriaceae","Enterobacter"
"ASV69309","Bacteria","Firmicutes","Lactobacillales","Streptococcaceae","Lactococcus"
"ASV694","Bacteria","Proteobacteria","Xanthomonadales","Xanthomonadaceae","Xanthomonadaceae spc"
"ASV69438","Bacteria","Bacteroidetes","Flavobacteriales","Flavobacteriales spc","Flavobacteriales spc"
"ASV69440","Bacteria","Proteobacteria","Proteobacteria spc","Proteobacteria spc","Proteobacteria spc"
"ASV69457","Bacteria","Firmicutes","Firmicutes spc","Firmicutes spc","Firmicutes spc"
"ASV69497","Bacteria","Proteobacteria","Pseudomonadales","Pseudomonadaceae","Pseudomonas"
"ASV695","Bacteria","Proteobacteria","Rhodospirillales","Acetobacteraceae","Saccharibacter"
"ASV69503","Bacteria","Firmicutes","Lactobacillales","Lactobacillaceae","Lactobacillus"
"ASV69552","Bacteria","Firmicutes","Lactobacillales","Lactobacillaceae","Lactobacillus"
"ASV69569","Bacteria","Firmicutes","Firmicutes spc","Firmicutes spc","Firmicutes spc"
"ASV6965","Bacteria","Campilobacterota","Campylobacterales","Arcobacteraceae","Aliarcobacter"
"ASV69733","Bacteria","Firmicutes","Lactobacillales","Lactobacillaceae","Lactobacillus"
"ASV69856","Bacteria","Firmicutes","Firmicutes spc","Firmicutes spc","Firmicutes spc"
"ASV69899","Bacteria","Firmicutes","Bacillales","Planococcaceae","Metalysinibacillus"
"ASV699","Bacteria","Proteobacteria","Oceanospirillales","Halomonadaceae","Halotalea"
"ASV6991","Bacteria","Proteobacteria","Neisseriales","Neisseriaceae","Snodgrassella"
"ASV69912","Bacteria","Firmicutes","Bacillales","Planococcaceae","Metalysinibacillus"
"ASV69941","Bacteria","Proteobacteria","Oceanospirillales","Halomonadaceae","Halomonadaceae spc"
"ASV7","Bacteria","Proteobacteria","Orbales","Orbaceae","Gilliamella"
"ASV700","Bacteria","Firmicutes","Lactobacillales","Lactobacillaceae","Lactobacillaceae spc"
"ASV70052","Bacteria","Proteobacteria","Enterobacterales","Enterobacterales spc","Enterobacterales spc"
"ASV7007","Bacteria","Proteobacteria","Rhodospirillales","Acetobacteraceae","Acetobacter"
"ASV70185","Bacteria","Firmicutes","Bacillales","Bacillaceae","Bacillus"
"ASV7021","Bacteria","Firmicutes","Lactobacillales","Enterococcaceae","Vagococcus"
"ASV70212","Bacteria","Proteobacteria","Pseudomonadales","Moraxellaceae","Acinetobacter"
"ASV7024","Bacteria","Actinobacteria","Coriobacteriales","Atopobiaceae","Atopobium"
"ASV70279","Bacteria","Proteobacteria","Enterobacterales","Enterobacteriaceae","Escherichia-Shigella"
"ASV703","Bacteria","Proteobacteria","Burkholderiales","Sphaerotilaceae","Saezia"
"ASV70302","Bacteria","Proteobacteria","Proteobacteria spc","Proteobacteria spc","Proteobacteria spc"
"ASV70310","Bacteria","Proteobacteria","Rickettsiales","Anaplasmataceae","Wolbachia"
"ASV70320","Bacteria","Firmicutes","Firmicutes spc","Firmicutes spc","Firmicutes spc"
"ASV70335","Bacteria","Firmicutes","Lactobacillales","Enterococcaceae","Enterococcus"
"ASV70358","Bacteria","Proteobacteria","Proteobacteria spc","Proteobacteria spc","Proteobacteria spc"
"ASV70386","Bacteria","Actinobacteria","Micrococcales","Micrococcaceae","Nesterenkonia"
"ASV7044","Bacteria","Actinobacteria","Bifidobacteriales","Bifidobacteriaceae","Bifidobacterium"
"ASV7048","Bacteria","Proteobacteria","Rhodospirillales","Acetobacteraceae","Tanticharoenia"
"ASV7049","Bacteria","Firmicutes","Lactobacillales","Lactobacillaceae","Lactobacillaceae spc"
"ASV70528","Bacteria","Proteobacteria","Rhodospirillales","Acetobacteraceae","Commensalibacter"
"ASV70539","Bacteria","Proteobacteria","Proteobacteria spc","Proteobacteria spc","Proteobacteria spc"
"ASV70580","Bacteria","Proteobacteria","Rhodospirillales","Acetobacteraceae","Commensalibacter"
"ASV706","Bacteria","Actinobacteria","Micrococcales","Micrococcaceae","Paeniglutamicibacter"
"ASV70611","Bacteria","Firmicutes","Lactobacillales","Lactobacillaceae","Lactobacillaceae spc"
"ASV707","Bacteria","Firmicutes","Lactobacillales","Lactobacillaceae","Apilactobacillus"
"ASV709","Bacteria","Firmicutes","Clostridiales","Ruminococcaceae","Faecalibacterium"
"ASV70962","Bacteria","Firmicutes","Lactobacillales","Lactobacillaceae","Lactobacillus"
"ASV70963","Bacteria","Firmicutes","Lactobacillales","Lactobacillaceae","Lacticaseibacillus"
"ASV71","Bacteria","Firmicutes","Lactobacillales","Lactobacillaceae","Lactobacillus"
"ASV710","Bacteria","Firmicutes","Lactobacillales","Lactobacillaceae","Lactobacillus"
"ASV7101","Bacteria","Proteobacteria","Sphingomonadales","Erythrobacteraceae","Novosphingobium"
"ASV71026","Bacteria","Proteobacteria","Proteobacteria spc","Proteobacteria spc","Proteobacteria spc"
"ASV71060","Bacteria","Firmicutes","Lactobacillales","Enterococcaceae","Vagococcus"
"ASV71062","Bacteria","Firmicutes","Firmicutes spc","Firmicutes spc","Firmicutes spc"
"ASV71067","Bacteria","Proteobacteria","Neisseriales","Neisseriaceae","Snodgrassella"
"ASV71089","Bacteria","Proteobacteria","Proteobacteria spc","Proteobacteria spc","Proteobacteria spc"
"ASV711","Bacteria","Proteobacteria","Enterobacterales","Morganellaceae","Xenorhabdus"
"ASV71100","Bacteria","Firmicutes","Lactobacillales","Lactobacillaceae","Fructobacillus"
"ASV712","Bacteria","Proteobacteria","Burkholderiales","Burkholderiaceae","Paraburkholderia"
"ASV713","Bacteria","Proteobacteria","Rhodospirillales","Acetobacteraceae","Acidiphilium"
"ASV7133","Bacteria","Bacteroidetes","Bacteroidales","Prevotellaceae","Prevotella"
"ASV714","Bacteria","Proteobacteria","Pseudomonadales","Moraxellaceae","Enhydrobacter"
"ASV71403","Bacteria","Proteobacteria","Rickettsiales","Anaplasmataceae","Wolbachia"
"ASV7141","Bacteria","Firmicutes","Lactobacillales","Lactobacillaceae","Lactobacillaceae spc"
"ASV71435","Bacteria","Proteobacteria","Orbales","Orbaceae","Frischella"
"ASV71438","Bacteria","Firmicutes","Lactobacillales","Lactobacillaceae","Lactobacillus"
"ASV716","Bacteria","Actinobacteria","Bifidobacteriales","Bifidobacteriaceae","Bifidobacterium"
"ASV71657","Bacteria","Firmicutes","Lactobacillales","Lactobacillaceae","Lactobacillaceae spc"
"ASV71689","Bacteria","Proteobacteria","Proteobacteria spc","Proteobacteria spc","Proteobacteria spc"
"ASV7178","Bacteria","Proteobacteria","Burkholderiales","Comamonadaceae","Comamonas"
"ASV718","Bacteria","Firmicutes","Clostridiales","Ruminococcaceae","Ruminococcaceae spc"
"ASV7190","Bacteria","Firmicutes","Clostridiales","Clostridiaceae","Clostridium"
"ASV71912","Bacteria","Proteobacteria","Enterobacterales","Enterobacterales spc","Enterobacterales spc"
"ASV71936","Bacteria","Firmicutes","Firmicutes spc","Firmicutes spc","Firmicutes spc"
"ASV72","Bacteria","Proteobacteria","Sphingomonadales","Sphingomonadaceae","Sphingomonas"
"ASV720","Bacteria","Proteobacteria","Pseudomonadales","Pseudomonadaceae","Entomomonas"
"ASV7202","Bacteria","Proteobacteria","Orbales","Orbaceae","Orbus"
"ASV7203","Bacteria","Actinobacteria","Micrococcales","Micrococcaceae","Nesterenkonia"
"ASV72178","Bacteria","Firmicutes","Firmicutes spc","Firmicutes spc","Firmicutes spc"
"ASV72186","Bacteria","Firmicutes","Firmicutes spc","Firmicutes spc","Firmicutes spc"
"ASV72221","Bacteria","Firmicutes","Selenomonadales","Selenomonadaceae","Selenomonadaceae spc"
"ASV7226","Bacteria","Actinobacteria","Bifidobacteriales","Bifidobacteriaceae","Bifidobacteriaceae spc"
"ASV7227","Bacteria","Proteobacteria","Enterobacterales","Pectobacteriaceae","Brenneria"
"ASV723","Bacteria","Proteobacteria","Rhodospirillales","Acetobacteraceae","Gluconobacter"
"ASV72366","Bacteria","Proteobacteria","Pseudomonadales","Pseudomonadaceae","Pseudomonas"
"ASV7238","Bacteria","Proteobacteria","Neisseriales","Neisseriaceae","Snodgrassella"
"ASV724","Bacteria","Proteobacteria","Oceanospirillales","Halomonadaceae","Candidatus-Portiera"
"ASV72535","Bacteria","Firmicutes","Lactobacillales","Lactobacillaceae","Lactobacillus"
"ASV7262","Bacteria","Firmicutes","Clostridiales","Tissierellaceae","Tissierella"
"ASV7265","Bacteria","Firmicutes","Lactobacillales","Streptococcaceae","Lactococcus"
"ASV72726","Bacteria","Proteobacteria","Proteobacteria spc","Proteobacteria spc","Proteobacteria spc"
"ASV72755","Bacteria","Proteobacteria","Enterobacterales","Enterobacterales spc","Enterobacterales spc"
"ASV7283","Bacteria","Bacteroidetes","Bacteroidetes spc","Bacteroidetes spc","Bacteroidetes spc"
"ASV7289","Bacteria","Bacteroidetes","Flavobacteriales","Weeksellaceae","Chishuiella"
"ASV729","Bacteria","Firmicutes","Veillonellales","Veillonellaceae","Dialister"
"ASV72912","Bacteria","Firmicutes","Lactobacillales","Lactobacillaceae","Lactobacillus"
"ASV72928","Bacteria","Proteobacteria","Proteobacteria spc","Proteobacteria spc","Proteobacteria spc"
"ASV72940","Bacteria","Firmicutes","Firmicutes spc","Firmicutes spc","Firmicutes spc"
"ASV72953","Bacteria","Firmicutes","Lactobacillales","Lactobacillaceae","Lactobacillus"
"ASV73","Bacteria","Proteobacteria","Enterobacterales","Morganellaceae","Providencia"
"ASV730","Bacteria","Bacteroidetes","Flavobacteriales","Weeksellaceae","Apibacter"
"ASV73027","Bacteria","Proteobacteria","Proteobacteria spc","Proteobacteria spc","Proteobacteria spc"
"ASV73029","Bacteria","Proteobacteria","Neisseriales","Neisseriaceae","Snodgrassella"
"ASV731","Bacteria","Proteobacteria","Burkholderiales","Comamonadaceae","Aquabacterium"
"ASV7317","Bacteria","Actinobacteria","Mycobacteriales","Gordoniaceae","Gordonia"
"ASV732","Bacteria","Proteobacteria","Rhodospirillales","Acetobacteraceae","Oecophyllibacter"
"ASV733","Bacteria","Firmicutes","Lactobacillales","Lactobacillaceae","Philodulcilactobacillus"
"ASV73363","Bacteria","Proteobacteria","Proteobacteria spc","Proteobacteria spc","Proteobacteria spc"
"ASV73389","Bacteria","Proteobacteria","Enterobacterales","Enterobacteriaceae","Klebsiella"
"ASV73395","Bacteria","Proteobacteria","Rhodospirillales","Acetobacteraceae","Acetobacteraceae spc"
"ASV73408","Bacteria","Firmicutes","Firmicutes spc","Firmicutes spc","Firmicutes spc"
"ASV73409","Bacteria","Firmicutes","Lactobacillales","Lactobacillales spc","Lactobacillales spc"
"ASV73419","Bacteria","Firmicutes","Lactobacillales","Lactobacillaceae","Lactobacillus"
"ASV73426","Bacteria","Firmicutes","Firmicutes spc","Firmicutes spc","Firmicutes spc"
"ASV73450","Bacteria","Firmicutes","Firmicutes spc","Firmicutes spc","Firmicutes spc"
"ASV73454","Bacteria","Actinobacteria","Bifidobacteriales","Bifidobacteriaceae","Bifidobacterium"
"ASV73459","Bacteria","Proteobacteria","Rhodospirillales","Acetobacteraceae","Acetobacteraceae spc"
"ASV73461","Bacteria","Firmicutes","Lactobacillales","Lactobacillaceae","Lactobacillus"
"ASV735","Bacteria","Proteobacteria","Orbales","Orbaceae","Gilliamella"
"ASV73552","Bacteria","Firmicutes","Lactobacillales","Lactobacillaceae","Lactobacillus"
"ASV73553","Bacteria","Proteobacteria","Rhodospirillales","Acetobacteraceae","Acetobacteraceae spc"
"ASV7364","Bacteria","Firmicutes","Lactobacillales","Enterococcaceae","Enterococcus"
"ASV73771","Bacteria","Firmicutes","Lactobacillales","Lactobacillaceae","Lactobacillus"
"ASV73783","Bacteria","Proteobacteria","Orbales","Orbaceae","Gilliamella"
"ASV738","Bacteria","Bacteroidetes","Flavobacteriales","Weeksellaceae","Apibacter"
"ASV7382","Bacteria","Firmicutes","Lactobacillales","Lactobacillales spc","Lactobacillales spc"
"ASV739","Bacteria","Proteobacteria","Neisseriales","Neisseriaceae","Vitreoscilla"
"ASV73929","Bacteria","Firmicutes","Lactobacillales","Lactobacillales spc","Lactobacillales spc"
"ASV73934","Bacteria","Proteobacteria","Pseudomonadales","Moraxellaceae","Acinetobacter"
"ASV73953","Bacteria","Proteobacteria","Burkholderiales","Comamonadaceae","Comamonadaceae spc"
"ASV74","Bacteria","Proteobacteria","Rickettsiales","Rickettsiaceae","Rickettsia"
"ASV7400","Bacteria","Actinobacteria","Bifidobacteriales","Bifidobacteriaceae","Bifidobacteriaceae spc"
"ASV741","Bacteria","Proteobacteria","Rhizobiales","Rhizobiaceae","Neorhizobium"
"ASV7426","Bacteria","Firmicutes","Lactobacillales","Lactobacillaceae","Lactobacillus"
"ASV743","Bacteria","Bacteroidetes","Bacteroidales","Prevotellaceae","Prevotella"
"ASV74352","Bacteria","Proteobacteria","Proteobacteria spc","Proteobacteria spc","Proteobacteria spc"
"ASV74359","Bacteria","Firmicutes","Firmicutes spc","Firmicutes spc","Firmicutes spc"
"ASV74365","Bacteria","Firmicutes","Selenomonadales","Selenomonadaceae","Pectinatus"
"ASV744","Bacteria","Proteobacteria","Rhodospirillales","Acetobacteraceae","Bombella"
"ASV7445","Bacteria","Actinobacteria","Coriobacteriales","Atopobiaceae","Atopobium"
"ASV74471","Bacteria","Proteobacteria","Proteobacteria spc","Proteobacteria spc","Proteobacteria spc"
"ASV745","Bacteria","Firmicutes","Lactobacillales","Lactobacillaceae","Fructobacillus"
"ASV74515","Bacteria","Proteobacteria","Orbales","Orbaceae","Orbaceae spc"
"ASV7454","Bacteria","Firmicutes","Lactobacillales","Streptococcaceae","Lactococcus"
"ASV74558","Bacteria","Proteobacteria","Enterobacterales","Enterobacteriaceae","Enterobacter"
"ASV746","Bacteria","Proteobacteria","Enterobacterales","Morganellaceae","Arsenophonus"
"ASV74720","Bacteria","Proteobacteria","Enterobacterales","Enterobacterales spc","Enterobacterales spc"
"ASV74721","Bacteria","Proteobacteria","Proteobacteria spc","Proteobacteria spc","Proteobacteria spc"
"ASV74730","Bacteria","Actinobacteria","Bifidobacteriales","Bifidobacteriaceae","Bifidobacterium"
"ASV749","Bacteria","Proteobacteria","Pseudomonadales","Moraxellaceae","Acinetobacter"
"ASV74912","Bacteria","Proteobacteria","Proteobacteria spc","Proteobacteria spc","Proteobacteria spc"
"ASV74988","Bacteria","Firmicutes","Lactobacillales","Enterococcaceae","Enterococcus"
"ASV75","Bacteria","Proteobacteria","Rhodospirillales","Acetobacteraceae","Asaia"
"ASV75000","Bacteria","Proteobacteria","Neisseriales","Neisseriaceae","Snodgrassella"
"ASV75006","Bacteria","Firmicutes","Lactobacillales","Lactobacillales spc","Lactobacillales spc"
"ASV7506","Bacteria","Proteobacteria","Rickettsiales","Anaplasmataceae","Wolbachia"
"ASV751","Bacteria","Proteobacteria","Rhodospirillales","Acetobacteraceae","Commensalibacter"
"ASV75218","Bacteria","Firmicutes","Firmicutes spc","Firmicutes spc","Firmicutes spc"
"ASV75230","Bacteria","Proteobacteria","Proteobacteria spc","Proteobacteria spc","Proteobacteria spc"
"ASV75275","Bacteria","Proteobacteria","Enterobacterales","Erwiniaceae","Tatumella"
"ASV75283","Bacteria","Proteobacteria","Proteobacteria spc","Proteobacteria spc","Proteobacteria spc"
"ASV75285","Bacteria","Proteobacteria","Proteobacteria spc","Proteobacteria spc","Proteobacteria spc"
"ASV75311","Bacteria","Proteobacteria","Proteobacteria spc","Proteobacteria spc","Proteobacteria spc"
"ASV75316","Bacteria","Actinobacteria","Mycobacteriales","Corynebacteriaceae","Corynebacterium"
"ASV75322","Bacteria","Firmicutes","Lactobacillales","Streptococcaceae","Lactococcus"
"ASV75331","Bacteria","Proteobacteria","Rhodospirillales","Acetobacteraceae","Commensalibacter"
"ASV7535","Bacteria","Actinobacteria","Micrococcales","Brevibacteriaceae","Brevibacterium"
"ASV75354","Bacteria","Proteobacteria","Proteobacteria spc","Proteobacteria spc","Proteobacteria spc"
"ASV75359","Bacteria","Proteobacteria","Rickettsiales","Anaplasmataceae","Wolbachia"
"ASV754","Bacteria","Proteobacteria","Rhodospirillales","Acetobacteraceae","Oecophyllibacter"
"ASV75422","Bacteria","Proteobacteria","Proteobacteria spc","Proteobacteria spc","Proteobacteria spc"
"ASV75437","Bacteria","Proteobacteria","Rhodospirillales","Acetobacteraceae","Commensalibacter"
"ASV75458","Bacteria","Proteobacteria","Enterobacterales","Enterobacterales spc","Enterobacterales spc"
"ASV75465","Bacteria","Firmicutes","Lactobacillales","Lactobacillaceae","Apilactobacillus"
"ASV75484","Bacteria","Proteobacteria","Rhodospirillales","Acetobacteraceae","Commensalibacter"
"ASV75491","Bacteria","Firmicutes","Lactobacillales","Lactobacillales spc","Lactobacillales spc"
"ASV75496","Bacteria","Proteobacteria","Proteobacteria spc","Proteobacteria spc","Proteobacteria spc"
"ASV755","Bacteria","Actinobacteria","Mycobacteriales","Corynebacteriaceae","Corynebacterium"
"ASV75503","Bacteria","Firmicutes","Lactobacillales","Lactobacillales spc","Lactobacillales spc"
"ASV75507","Bacteria","Tenericutes","Entomoplasmatales","Spiroplasmataceae","Spiroplasma"
"ASV7555","Bacteria","Actinobacteria","Bifidobacteriales","Bifidobacteriaceae","Bifidobacteriaceae spc"
"ASV75565","Bacteria","Proteobacteria","Proteobacteria spc","Proteobacteria spc","Proteobacteria spc"
"ASV7558","Bacteria","Proteobacteria","Xanthomonadales","Rhodanobacteraceae","Dyella"
"ASV75598","Bacteria","Actinobacteria","Coriobacteriales","Atopobiaceae","Atopobiaceae spc"
"ASV756","Bacteria","Firmicutes","Lactobacillales","Lactobacillaceae","Ligilactobacillus"
"ASV75638","Bacteria","Proteobacteria","Rhodospirillales","Acetobacteraceae","Commensalibacter"
"ASV75646","Bacteria","Proteobacteria","Proteobacteria spc","Proteobacteria spc","Proteobacteria spc"
"ASV7574","Bacteria","Actinobacteria","Bifidobacteriales","Bifidobacteriaceae","Bifidobacteriaceae spc"
"ASV758","Bacteria","Bacteroidetes","Bacteroidales","Dysgonomonadaceae","Dysgonomonas"
"ASV759","Bacteria","Firmicutes","Lactobacillales","Lactobacillaceae","Bombilactobacillus"
"ASV76","Bacteria","Firmicutes","Lactobacillales","Lactobacillaceae","Latilactobacillus"
"ASV760","Bacteria","Firmicutes","Veillonellales","Veillonellaceae","Megasphaera"
"ASV7601","Bacteria","Actinobacteria","Acidothermales","Acidothermaceae","Acidothermus"
"ASV761","Bacteria","Firmicutes","Bacillales","Planococcaceae","Kurthia"
"ASV76109","Bacteria","Proteobacteria","Orbales","Orbaceae","Gilliamella"
"ASV76133","Bacteria","Proteobacteria","Rhodospirillales","Acetobacteraceae","Commensalibacter"
"ASV76153","Bacteria","Proteobacteria","Rhizobiales","Rhizobiales spc","Rhizobiales spc"
"ASV76156","Bacteria","Proteobacteria","Neisseriales","Neisseriaceae","Snodgrassella"
"ASV76169","Bacteria","Proteobacteria","Proteobacteria spc","Proteobacteria spc","Proteobacteria spc"
"ASV762","Bacteria","Actinobacteria","Bifidobacteriales","Bifidobacteriaceae","Bifidobacterium"
"ASV763","Bacteria","Bacteroidetes","Flavobacteriales","Weeksellaceae","Chishuiella"
"ASV7641","Bacteria","Proteobacteria","Enterobacterales","Enterobacteriaceae","Escherichia-Shigella"
"ASV765","Bacteria","Proteobacteria","Neisseriales","Neisseriaceae","Snodgrassella"
"ASV76523","Bacteria","Firmicutes","Firmicutes spc","Firmicutes spc","Firmicutes spc"
"ASV76530","Bacteria","Firmicutes","Firmicutes spc","Firmicutes spc","Firmicutes spc"
"ASV76561","Bacteria","Firmicutes","Lactobacillales","Lactobacillaceae","Lactobacillus"
"ASV76588","Bacteria","Proteobacteria","Neisseriales","Neisseriaceae","Snodgrassella"
"ASV76590","Bacteria","Proteobacteria","Rhizobiales","Bartonellaceae","Bartonella"
"ASV766","Bacteria","Bacteroidetes","Flavobacteriales","Weeksellaceae","Chryseobacterium"
"ASV76602","Bacteria","Firmicutes","Lactobacillales","Lactobacillaceae","Lactobacillus"
"ASV76603","Bacteria","Proteobacteria","Neisseriales","Neisseriaceae","Snodgrassella"
"ASV76604","Bacteria","Proteobacteria","Rhizobiales","Rhizobiales spc","Rhizobiales spc"
"ASV76608","Bacteria","Firmicutes","Lactobacillales","Lactobacillaceae","Lactobacillus"
"ASV7662","Bacteria","Proteobacteria","Rhizobiales","Bartonellaceae","Bartonella"
"ASV7663","Bacteria","Firmicutes","Lactobacillales","Lactobacillaceae","Lactobacillus"
"ASV7665","Bacteria","Proteobacteria","Vibrionales","Vibrionaceae","Vibrio"
"ASV76824","Bacteria","Proteobacteria","Pseudomonadales","Pseudomonadaceae","Pseudomonas"
"ASV76924","Bacteria","Proteobacteria","Neisseriales","Neisseriaceae","Snodgrassella"
"ASV77","Bacteria","Firmicutes","Lactobacillales","Lactobacillaceae","Lactobacillus"
"ASV770","Bacteria","Bacteroidetes","Sphingobacteriales","Sphingobacteriaceae","Sphingobacterium"
"ASV77155","Bacteria","Proteobacteria","Rhizobiales","Bartonellaceae","Bartonella"
"ASV77160","Bacteria","Firmicutes","Selenomonadales","Selenomonadaceae","Selenomonadaceae spc"
"ASV77178","Bacteria","Proteobacteria","Enterobacterales","Enterobacteriaceae","Enterobacter"
"ASV77192","Bacteria","Firmicutes","Lactobacillales","Lactobacillaceae","Weissella"
"ASV77196","Bacteria","Proteobacteria","Rhodospirillales","Acetobacteraceae","Acetobacteraceae spc"
"ASV77201","Bacteria","Firmicutes","Firmicutes spc","Firmicutes spc","Firmicutes spc"
"ASV7725","Bacteria","Firmicutes","Lactobacillales","Lactobacillaceae","Lactobacillus"
"ASV77450","Bacteria","Firmicutes","Lactobacillales","Lactobacillaceae","Lactobacillus"
"ASV77451","Bacteria","Firmicutes","Lactobacillales","Lactobacillaceae","Fructobacillus"
"ASV77478","Bacteria","Proteobacteria","Rhizobiales","Rhizobiales spc","Rhizobiales spc"
"ASV77486","Bacteria","Actinobacteria","Bifidobacteriales","Bifidobacteriaceae","Bifidobacterium"
"ASV77515","Bacteria","Actinobacteria","Coriobacteriales","Atopobiaceae","Atopobiaceae spc"
"ASV77523","Bacteria","Firmicutes","Lactobacillales","Lactobacillaceae","Lactobacillus"
"ASV77526","Bacteria","Firmicutes","Lactobacillales","Lactobacillaceae","Lactobacillus"
"ASV77532","Bacteria","Firmicutes","Lactobacillales","Lactobacillaceae","Fructobacillus"
"ASV7755","Bacteria","Proteobacteria","Rhodospirillales","Acetobacteraceae","Saccharibacter"
"ASV7763","Bacteria","Actinobacteria","Coriobacteriales","Coriobacteriales spc","Coriobacteriales spc"
"ASV7766","Bacteria","Firmicutes","Lactobacillales","Enterococcaceae","Enterococcus"
"ASV778","Bacteria","Proteobacteria","Burkholderiales","Comamonadaceae","Comamonas"
"ASV7784","Bacteria","Firmicutes","Lactobacillales","Lactobacillaceae","Lactobacillaceae spc"
"ASV77868","Bacteria","Firmicutes","Firmicutes spc","Firmicutes spc","Firmicutes spc"
"ASV779","Bacteria","Bacteroidetes","Bacteroidales","Dysgonomonadaceae","Dysgonomonas"
"ASV78","Bacteria","Proteobacteria","Rhizobiales","Bartonellaceae","Bartonella"
"ASV780","Bacteria","Firmicutes","Lactobacillales","Enterococcaceae","Enterococcus"
"ASV78068","Bacteria","Proteobacteria","Rhodospirillales","Acetobacteraceae","Acetobacteraceae spc"
"ASV78074","Bacteria","Firmicutes","Firmicutes spc","Firmicutes spc","Firmicutes spc"
"ASV78079","Bacteria","Proteobacteria","Rhodospirillales","Acetobacteraceae","Commensalibacter"
"ASV78090","Bacteria","Proteobacteria","Proteobacteria spc","Proteobacteria spc","Proteobacteria spc"
"ASV78094","Bacteria","Proteobacteria","Pseudomonadales","Pseudomonadaceae","Pseudomonas"
"ASV781","Bacteria","Proteobacteria","Oceanospirillales","Halomonadaceae","Candidatus-Portiera"
"ASV78108","Bacteria","Firmicutes","Lactobacillales","Lactobacillaceae","Lactobacillus"
"ASV78118","Bacteria","Firmicutes","Clostridiales","Clostridiaceae","Clostridium"
"ASV78126","Bacteria","Firmicutes","Lactobacillales","Lactobacillaceae","Lactobacillus"
"ASV7816","Bacteria","Firmicutes","Selenomonadales","Selenomonadaceae","Selenomonadaceae spc"
"ASV78161","Bacteria","Proteobacteria","Orbales","Orbaceae","Orbaceae spc"
"ASV782","Bacteria","Firmicutes","Lactobacillales","Lactobacillaceae","Leuconostoc"
"ASV78308","Bacteria","Firmicutes","Lactobacillales","Streptococcaceae","Lactococcus"
"ASV78312","Bacteria","Firmicutes","Lactobacillales","Streptococcaceae","Lactococcus"
"ASV78320","Bacteria","Proteobacteria","Proteobacteria spc","Proteobacteria spc","Proteobacteria spc"
"ASV78368","Bacteria","Proteobacteria","Enterobacterales","Enterobacterales spc","Enterobacterales spc"
"ASV78381","Bacteria","Firmicutes","Selenomonadales","Selenomonadaceae","Selenomonadaceae spc"
"ASV78389","Bacteria","Firmicutes","Lactobacillales","Lactobacillales spc","Lactobacillales spc"
"ASV78392","Bacteria","Firmicutes","Lactobacillales","Lactobacillaceae","Lactiplantibacillus"
"ASV78395","Bacteria","Actinobacteria","Bifidobacteriales","Bifidobacteriaceae","Bifidobacterium"
"ASV78402","Bacteria","Proteobacteria","Oceanospirillales","Halomonadaceae","Halomonadaceae spc"
"ASV78444","Bacteria","Firmicutes","Firmicutes spc","Firmicutes spc","Firmicutes spc"
"ASV78450","Bacteria","Firmicutes","Lactobacillales","Lactobacillales spc","Lactobacillales spc"
"ASV789","Bacteria","Actinobacteria","Bifidobacteriales","Bifidobacteriaceae","Bifidobacterium"
"ASV79013","Bacteria","Firmicutes","Lactobacillales","Lactobacillaceae","Lactobacillaceae spc"
"ASV79022","Bacteria","Proteobacteria","Neisseriales","Neisseriaceae","Snodgrassella"
"ASV79023","Bacteria","Firmicutes","Lactobacillales","Lactobacillaceae","Lactobacillus"
"ASV79032","Bacteria","Proteobacteria","Oceanospirillales","Halomonadaceae","Halomonadaceae spc"
"ASV7905","Bacteria","Proteobacteria","Xanthomonadales","Xanthomonadaceae","Stenotrophomonas"
"ASV79051","Bacteria","Firmicutes","Firmicutes spc","Firmicutes spc","Firmicutes spc"
"ASV79052","Bacteria","Firmicutes","Firmicutes spc","Firmicutes spc","Firmicutes spc"
"ASV79058","Bacteria","Proteobacteria","Oceanospirillales","Halomonadaceae","Halomonadaceae spc"
"ASV7908","Bacteria","Proteobacteria","Rhodospirillales","Acetobacteraceae","Commensalibacter"
"ASV79169","Bacteria","Firmicutes","Lactobacillales","Streptococcaceae","Lactococcus"
"ASV79171","Bacteria","Firmicutes","Lactobacillales","Lactobacillaceae","Lactobacillus"
"ASV79174","Bacteria","Proteobacteria","Rhodospirillales","Acetobacteraceae","Bombella"
"ASV79185","Bacteria","Tenericutes","Entomoplasmatales","Spiroplasmataceae","Spiroplasma"
"ASV792","Bacteria","Proteobacteria","Orbales","Orbaceae","Gilliamella"
"ASV79392","Bacteria","Firmicutes","Lactobacillales","Lactobacillaceae","Leuconostoc"
"ASV794","Bacteria","Proteobacteria","Rhodospirillales","Acetobacteraceae","Commensalibacter"
"ASV795","Bacteria","Actinobacteria","Bifidobacteriales","Bifidobacteriaceae","Bifidobacterium"
"ASV796","Bacteria","Proteobacteria","Rhizobiales","Rhizobiaceae","Agrobacterium"
"ASV79618","Bacteria","Firmicutes","Clostridiales","Clostridiaceae","Clostridium"
"ASV797","Bacteria","Proteobacteria","Sphingomonadales","Sphingomonadaceae","Sphingobium"
"ASV7973","Bacteria","Proteobacteria","Rhodospirillales","Acetobacteraceae","Saccharibacter"
"ASV798","Bacteria","Bacteroidetes","Bacteroidales","Prevotellaceae","Prevotellaceae spc"
"ASV79904","Bacteria","Proteobacteria","Proteobacteria spc","Proteobacteria spc","Proteobacteria spc"
"ASV8","Bacteria","Firmicutes","Lactobacillales","Lactobacillaceae","Apilactobacillus"
"ASV80","Bacteria","Proteobacteria","Rhodospirillales","Acetobacteraceae","Asaia"
"ASV800","Bacteria","Proteobacteria","Rickettsiales","Anaplasmataceae","Wolbachia"
"ASV80022","Bacteria","Firmicutes","Clostridiales","Clostridiaceae","Clostridium"
"ASV801","Bacteria","Actinobacteria","Bifidobacteriales","Bifidobacteriaceae","Bifidobacterium"
"ASV80179","Bacteria","Proteobacteria","Pseudomonadales","Pseudomonadaceae","Pseudomonas"
"ASV80192","Bacteria","Proteobacteria","Rhodospirillales","Acetobacteraceae","Acetobacteraceae spc"
"ASV8021","Bacteria","Proteobacteria","Enterobacterales","Enterobacterales spc","Enterobacterales spc"
"ASV80210","Bacteria","Firmicutes","Lactobacillales","Lactobacillaceae","Lactobacillaceae spc"
"ASV80214","Bacteria","Firmicutes","Firmicutes spc","Firmicutes spc","Firmicutes spc"
"ASV80229","Bacteria","Actinobacteria","Bifidobacteriales","Bifidobacteriaceae","Bifidobacteriaceae spc"
"ASV80268","Bacteria","Proteobacteria","Pseudomonadales","Moraxellaceae","Acinetobacter"
"ASV80472","Bacteria","Firmicutes","Lactobacillales","Lactobacillales spc","Lactobacillales spc"
"ASV8048","Bacteria","Firmicutes","Clostridiales","Ruminococcaceae","Ruminococcaceae spc"
"ASV805","Bacteria","Bacteroidetes","Flavobacteriales","Weeksellaceae","Empedobacter"
"ASV807","Bacteria","Bacteroidetes","Bacteroidales","Bacteroidaceae","Bacteroides"
"ASV808","Bacteria","Firmicutes","Clostridiales","Ruminococcaceae","Ruminococcaceae spc"
"ASV80826","Bacteria","Proteobacteria","Enterobacterales","Enterobacterales spc","Enterobacterales spc"
"ASV8092","Bacteria","Firmicutes","Veillonellales","Veillonellaceae","Megasphaera"
"ASV80929","Bacteria","Firmicutes","Lactobacillales","Lactobacillaceae","Lactobacillus"
"ASV80930","Bacteria","Proteobacteria","Enterobacterales","Enterobacteriaceae","Enterobacteriaceae spc"
"ASV80935","Bacteria","Proteobacteria","Oceanospirillales","Halomonadaceae","Halomonadaceae spc"
"ASV80942","Bacteria","Firmicutes","Lactobacillales","Lactobacillaceae","Lactobacillus"
"ASV8096","Bacteria","Proteobacteria","Pseudomonadales","Moraxellaceae","Acinetobacter"
"ASV81","Bacteria","Bacteroidetes","Flavobacteriales","Weeksellaceae","Apibacter"
"ASV81061","Bacteria","Firmicutes","Lactobacillales","Lactobacillaceae","Lactobacillus"
"ASV8111","Bacteria","Proteobacteria","Enterobacterales","Enterobacterales spc","Enterobacterales spc"
"ASV81131","Bacteria","Proteobacteria","Rickettsiales","Anaplasmataceae","Wolbachia"
"ASV8120","Bacteria","Bacteroidetes","Flavobacteriales","Weeksellaceae","Chryseobacterium"
"ASV8121","Bacteria","Firmicutes","Lactobacillales","Lactobacillaceae","Pediococcus"
"ASV813","Bacteria","Actinobacteria","Micrococcales","Micrococcaceae","Rothia"
"ASV814","Bacteria","Proteobacteria","Rhizobiales","Methylobacteriaceae","Methylobacterium"
"ASV81407","Bacteria","Proteobacteria","Rhodospirillales","Acetobacteraceae","Acetobacteraceae spc"
"ASV81418","Bacteria","Firmicutes","Firmicutes spc","Firmicutes spc","Firmicutes spc"
"ASV81429","Bacteria","Firmicutes","Firmicutes spc","Firmicutes spc","Firmicutes spc"
"ASV81447","Bacteria","Proteobacteria","Pseudomonadales","Pseudomonadaceae","Entomomonas"
"ASV81494","Bacteria","Proteobacteria","Orbales","Orbaceae","Orbus"
"ASV815","Bacteria","Firmicutes","Clostridiales","Clostridiales spc","Clostridiales spc"
"ASV81516","Bacteria","Firmicutes","Lactobacillales","Lactobacillaceae","Fructobacillus"
"ASV81520","Bacteria","Proteobacteria","Rickettsiales","Anaplasmataceae","Wolbachia"
"ASV81524","Bacteria","Proteobacteria","Oceanospirillales","Halomonadaceae","Halomonas"
"ASV81543","Bacteria","Proteobacteria","Rhodospirillales","Acetobacteraceae","Commensalibacter"
"ASV81574","Bacteria","Proteobacteria","Pseudomonadales","Pseudomonadaceae","Entomomonas"
"ASV8158","Bacteria","Firmicutes","Lactobacillales","Enterococcaceae","Vagococcus"
"ASV81609","Bacteria","Proteobacteria","Rhodospirillales","Acetobacteraceae","Acetobacteraceae spc"
"ASV81648","Bacteria","Proteobacteria","Rhodospirillales","Acetobacteraceae","Acetobacteraceae spc"
"ASV81675","Bacteria","Proteobacteria","Orbales","Orbaceae","Orbus"
"ASV81682","Bacteria","Proteobacteria","Rhodospirillales","Acetobacteraceae","Commensalibacter"
"ASV81689","Bacteria","Proteobacteria","Rhodospirillales","Acetobacteraceae","Commensalibacter"
"ASV8170","Bacteria","Proteobacteria","Enterobacterales","Erwiniaceae","Pantoea"
"ASV81702","Bacteria","Proteobacteria","Rhodospirillales","Acetobacteraceae","Commensalibacter"
"ASV81714","Bacteria","Proteobacteria","Proteobacteria spc","Proteobacteria spc","Proteobacteria spc"
"ASV81738","Bacteria","Proteobacteria","Rhodospirillales","Acetobacteraceae","Acetobacteraceae spc"
"ASV81739","Bacteria","Proteobacteria","Pseudomonadales","Moraxellaceae","Acinetobacter"
"ASV81789","Bacteria","Firmicutes","Selenomonadales","Selenomonadaceae","Selenomonadaceae spc"
"ASV81827","Bacteria","Firmicutes","Lactobacillales","Lactobacillaceae","Lactobacillaceae spc"
"ASV81828","Bacteria","Firmicutes","Lactobacillales","Lactobacillaceae","Fructobacillus"
"ASV81862","Bacteria","Firmicutes","Lactobacillales","Lactobacillaceae","Lactobacillaceae spc"
"ASV81878","Bacteria","Proteobacteria","Rhizobiales","Bartonellaceae","Bartonella"
"ASV8199","Bacteria","Firmicutes","Lactobacillales","Lactobacillaceae","Lactobacillus"
"ASV820","Bacteria","Firmicutes","Lactobacillales","Lactobacillaceae","Pediococcus"
"ASV8200","Bacteria","Actinobacteria","Bifidobacteriales","Bifidobacteriaceae","Bifidobacteriaceae spc"
"ASV8211","Bacteria","Firmicutes","Lactobacillales","Lactobacillaceae","Lactobacillus"
"ASV822","Bacteria","Bacteroidetes","Flavobacteriales","Flavobacteriaceae","Myroides"
"ASV82289","Bacteria","Firmicutes","Lactobacillales","Lactobacillaceae","Fructobacillus"
"ASV8229","Bacteria","Bacteroidetes","Bacteroidales","Bacteroidales spc","Bacteroidales spc"
"ASV823","Bacteria","Bacteroidetes","Flavobacteriales","Flavobacteriaceae","Myroides"
"ASV82360","Bacteria","Proteobacteria","Rhodospirillales","Acetobacteraceae","Commensalibacter"
"ASV82391","Bacteria","Firmicutes","Lactobacillales","Lactobacillaceae","Lactobacillus"
"ASV824","Bacteria","Firmicutes","Clostridiales","Ruminococcaceae","Ruminococcaceae spc"
"ASV82414","Bacteria","Proteobacteria","Rhodospirillales","Acetobacteraceae","Commensalibacter"
"ASV82415","Bacteria","Firmicutes","Firmicutes spc","Firmicutes spc","Firmicutes spc"
"ASV82436","Bacteria","Firmicutes","Lactobacillales","Lactobacillaceae","Lactobacillaceae spc"
"ASV82444","Bacteria","Firmicutes","Lactobacillales","Lactobacillaceae","Lactobacillus"
"ASV8254","Bacteria","Firmicutes","Lactobacillales","Lactobacillaceae","Leuconostoc"
"ASV8259","Bacteria","Firmicutes","Lactobacillales","Enterococcaceae","Enterococcus"
"ASV826","Bacteria","Proteobacteria","Pseudomonadales","Moraxellaceae","Acinetobacter"
"ASV8260","Bacteria","Proteobacteria","Rhodospirillales","Acetobacteraceae","Acetobacter"
"ASV827","Bacteria","Proteobacteria","Rhodospirillales","Acetobacteraceae","Asaia"
"ASV8289","Bacteria","Firmicutes","Clostridiales","Clostridiaceae","Hathewaya"
"ASV82894","Bacteria","Proteobacteria","Orbales","Orbaceae","Gilliamella"
"ASV82904","Bacteria","Proteobacteria","Orbales","Orbaceae","Gilliamella"
"ASV830","Bacteria","Firmicutes","Selenomonadales","Selenomonadaceae","Pectinatus"
"ASV8309","Bacteria","Proteobacteria","Neisseriales","Neisseriaceae","Snodgrassella"
"ASV831","Bacteria","Proteobacteria","Rhizobiales","Bradyrhizobiaceae","Rhodoplanes"
"ASV83188","Bacteria","Firmicutes","Clostridiales","Clostridiaceae","Clostridium"
"ASV83275","Bacteria","Proteobacteria","Pseudomonadales","Pseudomonadaceae","Pseudomonas"
"ASV833","Bacteria","Firmicutes","Lactobacillales","Lactobacillaceae","Lactobacillus"
"ASV8339","Bacteria","Actinobacteria","Coriobacteriales","Atopobiaceae","Atopobium"
"ASV834","Bacteria","Actinobacteria","Coriobacteriales","Atopobiaceae","Atopobiaceae spc"
"ASV83466","Bacteria","Firmicutes","Lactobacillales","Streptococcaceae","Lactococcus"
"ASV83467","Bacteria","Firmicutes","Lactobacillales","Lactobacillales spc","Lactobacillales spc"
"ASV8348","Bacteria","Proteobacteria","Rhodospirillales","Acetobacteraceae","Acetobacteraceae spc"
"ASV83533","Bacteria","Proteobacteria","Proteobacteria spc","Proteobacteria spc","Proteobacteria spc"
"ASV83541","Bacteria","Proteobacteria","Orbales","Orbaceae","Orbaceae spc"
"ASV83575","Bacteria","Firmicutes","Lactobacillales","Lactobacillaceae","Fructobacillus"
"ASV8359","Bacteria","Actinobacteria","Actinomycetales","Actinomycetaceae","Actinomyces"
"ASV8360","Bacteria","Actinobacteria","Micrococcales","Micrococcaceae","Glutamicibacter"
"ASV837","Bacteria","Proteobacteria","Enterobacterales","Morganellaceae","Morganella"
"ASV8384","Bacteria","Bacteroidetes","Bacteroidales","Prevotellaceae","Prevotellamassilia"
"ASV83852","Bacteria","Proteobacteria","Proteobacteria spc","Proteobacteria spc","Proteobacteria spc"
"ASV83876","Bacteria","Proteobacteria","Neisseriales","Neisseriaceae","Snodgrassella"
"ASV83885","Bacteria","Proteobacteria","Enterobacterales","Enterobacterales spc","Enterobacterales spc"
"ASV83896","Bacteria","Proteobacteria","Rhizobiales","Rhizobiales spc","Rhizobiales spc"
"ASV839","Bacteria","Proteobacteria","Oceanospirillales","Halomonadaceae","Halotalea"
"ASV8393","Bacteria","Proteobacteria","Neisseriales","Neisseriaceae","Snodgrassella"
"ASV83961","Bacteria","Proteobacteria","Rhodospirillales","Acetobacteraceae","Commensalibacter"
"ASV841","Bacteria","Proteobacteria","Enterobacterales","Enterobacteriaceae","Shimwellia"
"ASV84146","Bacteria","Firmicutes","Lactobacillales","Lactobacillaceae","Lactobacillus"
"ASV84173","Bacteria","Firmicutes","Clostridiales","Clostridiales spc","Clostridiales spc"
"ASV843","Bacteria","Proteobacteria","Oceanospirillales","Halomonadaceae","Zymobacter"
"ASV84381","Bacteria","Proteobacteria","Rhodospirillales","Acetobacteraceae","Commensalibacter"
"ASV844","Bacteria","Proteobacteria","Burkholderiales","Comamonadaceae","Lampropedia"
"ASV845","Bacteria","Actinobacteria","Micrococcales","Micrococcaceae","Glutamicibacter"
"ASV846","Bacteria","Bacteroidetes","Flavobacteriales","Weeksellaceae","Wautersiella"
"ASV84627","Bacteria","Firmicutes","Lactobacillales","Lactobacillaceae","Lactobacillaceae spc"
"ASV84630","Bacteria","Proteobacteria","Rhodospirillales","Acetobacteraceae","Saccharibacter"
"ASV84645","Bacteria","Firmicutes","Lactobacillales","Lactobacillaceae","Lactobacillus"
"ASV84696","Bacteria","Proteobacteria","Proteobacteria spc","Proteobacteria spc","Proteobacteria spc"
"ASV84699","Bacteria","Proteobacteria","Neisseriales","Neisseriaceae","Snodgrassella"
"ASV84711","Bacteria","Firmicutes","Lactobacillales","Lactobacillales spc","Lactobacillales spc"
"ASV848","Bacteria","Proteobacteria","Pseudomonadales","Pseudomonadaceae","Pseudomonas"
"ASV8489","Bacteria","Actinobacteria","Bifidobacteriales","Bifidobacteriaceae","Bifidobacteriaceae spc"
"ASV84931","Bacteria","Firmicutes","Lactobacillales","Lactobacillaceae","Lactobacillus"
"ASV84959","Bacteria","Proteobacteria","Proteobacteria spc","Proteobacteria spc","Proteobacteria spc"
"ASV84997","Bacteria","Proteobacteria","Rhodospirillales","Acetobacteraceae","Commensalibacter"
"ASV85","Bacteria","Proteobacteria","Rhizobiales","Bartonellaceae","Bartonella"
"ASV85079","Bacteria","Firmicutes","Lactobacillales","Lactobacillaceae","Fructobacillus"
"ASV85081","Bacteria","Firmicutes","Lactobacillales","Lactobacillaceae","Lactobacillaceae spc"
"ASV85087","Bacteria","Actinobacteria","Coriobacteriales","Atopobiaceae","Atopobiaceae spc"
"ASV85092","Bacteria","Firmicutes","Lactobacillales","Lactobacillaceae","Lactobacillaceae spc"
"ASV851","Bacteria","Proteobacteria","Rhizobiales","Methylobacteriaceae","Methylobacterium"
"ASV85100","Bacteria","Proteobacteria","Enterobacterales","Enterobacterales spc","Enterobacterales spc"
"ASV85399","Bacteria","Proteobacteria","Rhizobiales","Bartonellaceae","Bartonella"
"ASV854","Bacteria","Actinobacteria","Micrococcales","Microbacteriaceae","Curtobacterium"
"ASV8541","Bacteria","Bacteroidetes","Flavobacteriales","Flavobacteriaceae","Myroides"
"ASV8551","Bacteria","Proteobacteria","Orbales","Orbaceae","Gilliamella"
"ASV856","Bacteria","Proteobacteria","Rhizobiales","Methylobacteriaceae","Methylobacterium"
"ASV85638","Bacteria","Bacteroidetes","Bacteroidales","Prevotellaceae","Prevotella"
"ASV85676","Bacteria","Proteobacteria","Neisseriales","Neisseriaceae","Snodgrassella"
"ASV85682","Bacteria","Firmicutes","Lactobacillales","Lactobacillaceae","Lactobacillus"
"ASV85770","Bacteria","Proteobacteria","Oceanospirillales","Halomonadaceae","Halomonadaceae spc"
"ASV858","Bacteria","Bacteroidetes","Bacteroidales","Bacteroidaceae","Bacteroides"
"ASV859","Bacteria","Proteobacteria","Rhizobiales","Brucellaceae","Brucella"
"ASV85927","Bacteria","Firmicutes","Lactobacillales","Lactobacillales spc","Lactobacillales spc"
"ASV86","Bacteria","Firmicutes","Lactobacillales","Lactobacillaceae","Leuconostoc"
"ASV860","Bacteria","Firmicutes","Clostridiales","Lachnospiraceae","Blautia"
"ASV863","Bacteria","Proteobacteria","Rhodospirillales","Acetobacteraceae","Gluconobacter"
"ASV865","Bacteria","Firmicutes","Lactobacillales","Lactobacillaceae","Lactobacillus"
"ASV8652","Bacteria","Firmicutes","Lactobacillales","Lactobacillaceae","Lactobacillaceae spc"
"ASV86522","Bacteria","Firmicutes","Clostridiales","Clostridiales spc","Clostridiales spc"
"ASV86545","Bacteria","Firmicutes","Lactobacillales","Lactobacillaceae","Lacticaseibacillus"
"ASV86557","Bacteria","Firmicutes","Lactobacillales","Lactobacillaceae","Fructobacillus"
"ASV86720","Bacteria","Proteobacteria","Pseudomonadales","Pseudomonadaceae","Pseudomonas"
"ASV868","Bacteria","Proteobacteria","Rhodospirillales","Acetobacteraceae","Saccharibacter"
"ASV86833","Bacteria","Proteobacteria","Proteobacteria spc","Proteobacteria spc","Proteobacteria spc"
"ASV86845","Bacteria","Firmicutes","Lactobacillales","Lactobacillaceae","Lactobacillus"
"ASV86858","Bacteria","Proteobacteria","Rhodospirillales","Acetobacteraceae","Saccharibacter"
"ASV86911","Bacteria","Proteobacteria","Proteobacteria spc","Proteobacteria spc","Proteobacteria spc"
"ASV86924","Bacteria","Proteobacteria","Oceanospirillales","Halomonadaceae","Halomonadaceae spc"
"ASV86929","Bacteria","Firmicutes","Firmicutes spc","Firmicutes spc","Firmicutes spc"
"ASV87","Bacteria","Proteobacteria","Pseudomonadales","Pseudomonadaceae","Pseudomonas"
"ASV8704","Bacteria","Firmicutes","Lactobacillales","Lactobacillaceae","Lactobacillus"
"ASV87082","Bacteria","Proteobacteria","Burkholderiales","Comamonadaceae","Delftia"
"ASV87203","Bacteria","Firmicutes","Bacillales","Planococcaceae","Planomicrobium"
"ASV87209","Bacteria","Proteobacteria","Rhodospirillales","Acetobacteraceae","Saccharibacter"
"ASV87210","Bacteria","Proteobacteria","Rickettsiales","Anaplasmataceae","Wolbachia"
"ASV8723","Bacteria","Proteobacteria","Oceanospirillales","Halomonadaceae","Halotalea"
"ASV87252","Bacteria","Firmicutes","Firmicutes spc","Firmicutes spc","Firmicutes spc"
"ASV87262","Bacteria","Firmicutes","Firmicutes spc","Firmicutes spc","Firmicutes spc"
"ASV87276","Bacteria","Actinobacteria","Bifidobacteriales","Bifidobacteriaceae","Bifidobacterium"
"ASV87280","Bacteria","Firmicutes","Lactobacillales","Lactobacillaceae","Leuconostoc"
"ASV87290","Bacteria","Actinobacteria","Bifidobacteriales","Bifidobacteriaceae","Bifidobacterium"
"ASV87296","Bacteria","Proteobacteria","Pseudomonadales","Moraxellaceae","Acinetobacter"
"ASV87297","Bacteria","Proteobacteria","Neisseriales","Neisseriaceae","Snodgrassella"
"ASV87298","Bacteria","Proteobacteria","Proteobacteria spc","Proteobacteria spc","Proteobacteria spc"
"ASV87326","Bacteria","Firmicutes","Lactobacillales","Lactobacillaceae","Lactobacillus"
"ASV874","Bacteria","Firmicutes","Lactobacillales","Lactobacillaceae","Lactobacillus"
"ASV87491","Bacteria","Firmicutes","Firmicutes spc","Firmicutes spc","Firmicutes spc"
"ASV87493","Bacteria","Proteobacteria","Oceanospirillales","Halomonadaceae","Halomonadaceae spc"
"ASV876","Bacteria","Proteobacteria","Pseudomonadales","Pseudomonadaceae","Pseudomonas"
"ASV87600","Bacteria","Proteobacteria","Rhodospirillales","Acetobacteraceae","Acetobacteraceae spc"
"ASV87602","Bacteria","Firmicutes","Lactobacillales","Lactobacillaceae","Lactobacillaceae spc"
"ASV87607","Bacteria","Firmicutes","Lactobacillales","Lactobacillaceae","Lactobacillaceae spc"
"ASV879","Bacteria","Bacteroidetes","Flavobacteriales","Weeksellaceae","Chryseobacterium"
"ASV87923","Bacteria","Firmicutes","Selenomonadales","Selenomonadaceae","Pectinatus"
"ASV87924","Bacteria","Proteobacteria","Proteobacteria spc","Proteobacteria spc","Proteobacteria spc"
"ASV8794","Bacteria","Proteobacteria","Rhodospirillales","Rhodospirillales spc","Rhodospirillales spc"
"ASV88","Bacteria","Actinobacteria","Bifidobacteriales","Bifidobacteriaceae","Bifidobacterium"
"ASV88016","Bacteria","Firmicutes","Firmicutes spc","Firmicutes spc","Firmicutes spc"
"ASV88031","Bacteria","Proteobacteria","Oceanospirillales","Halomonadaceae","Zymobacter"
"ASV88051","Bacteria","Proteobacteria","Orbales","Orbaceae","Orbaceae spc"
"ASV88079","Bacteria","Firmicutes","Lactobacillales","Lactobacillaceae","Lactobacillus"
"ASV881","Bacteria","Actinobacteria","Mycobacteriales","Corynebacteriaceae","Corynebacterium"
"ASV88170","Bacteria","Firmicutes","Firmicutes spc","Firmicutes spc","Firmicutes spc"
"ASV882","Bacteria","Bacteroidetes","Bacteroidales","Prevotellaceae","Prevotella"
"ASV88208","Bacteria","Firmicutes","Lactobacillales","Lactobacillaceae","Lactobacillus"
"ASV88261","Bacteria","Proteobacteria","Proteobacteria spc","Proteobacteria spc","Proteobacteria spc"
"ASV88269","Bacteria","Proteobacteria","Proteobacteria spc","Proteobacteria spc","Proteobacteria spc"
"ASV883","Bacteria","Bacteroidetes","Bacteroidales","Dysgonomonadaceae","Dysgonomonas"
"ASV8836","Bacteria","Actinobacteria","Bifidobacteriales","Bifidobacteriaceae","Bifidobacterium"
"ASV88383","Bacteria","Firmicutes","Firmicutes spc","Firmicutes spc","Firmicutes spc"
"ASV884","Bacteria","Actinobacteria","Micrococcales","Microbacteriaceae","Leucobacter"
"ASV88425","Bacteria","Proteobacteria","Rhodospirillales","Acetobacteraceae","Commensalibacter"
"ASV8848","Bacteria","Firmicutes","Lactobacillales","Lactobacillaceae","Weissella"
"ASV88492","Bacteria","Firmicutes","Lactobacillales","Lactobacillales spc","Lactobacillales spc"
"ASV886","Bacteria","Firmicutes","Lactobacillales","Lactobacillaceae","Lactobacillus"
"ASV88620","Bacteria","Proteobacteria","Proteobacteria spc","Proteobacteria spc","Proteobacteria spc"
"ASV88647","Bacteria","Proteobacteria","Rickettsiales","Anaplasmataceae","Wolbachia"
"ASV8870","Bacteria","Proteobacteria","Proteobacteria spc","Proteobacteria spc","Proteobacteria spc"
"ASV88756","Bacteria","Proteobacteria","Enterobacterales","Enterobacterales spc","Enterobacterales spc"
"ASV88803","Bacteria","Proteobacteria","Rickettsiales","Anaplasmataceae","Wolbachia"
"ASV88814","Bacteria","Proteobacteria","Rhodospirillales","Acetobacteraceae","Commensalibacter"
"ASV88835","Bacteria","Proteobacteria","Rhodospirillales","Acetobacteraceae","Acetobacteraceae spc"
"ASV88856","Bacteria","Firmicutes","Lactobacillales","Streptococcaceae","Lactococcus"
"ASV88857","Bacteria","Firmicutes","Lactobacillales","Streptococcaceae","Lactococcus"
"ASV88872","Bacteria","Firmicutes","Lactobacillales","Streptococcaceae","Lactococcus"
"ASV88882","Bacteria","Actinobacteria","Micrococcales","Brevibacteriaceae","Brevibacterium"
"ASV88891","Bacteria","Actinobacteria","Mycobacteriales","Corynebacteriaceae","Corynebacterium"
"ASV88896","Bacteria","Firmicutes","Lactobacillales","Enterococcaceae","Enterococcus"
"ASV889","Bacteria","Firmicutes","Lactobacillales","Lactobacillaceae","Acetilactobacillus"
"ASV88915","Bacteria","Proteobacteria","Proteobacteria spc","Proteobacteria spc","Proteobacteria spc"
"ASV8892","Bacteria","Bacteroidetes","Sphingobacteriales","Sphingobacteriaceae","Sphingobacterium"
"ASV88987","Bacteria","Proteobacteria","Rickettsiales","Anaplasmataceae","Wolbachia"
"ASV89","Bacteria","Proteobacteria","Rhizobiales","Bartonellaceae","Bartonella"
"ASV890","Bacteria","Bacteroidetes","Bacteroidales","Prevotellaceae","Prevotella"
"ASV89034","Bacteria","Firmicutes","Lactobacillales","Lactobacillaceae","Lactobacillus"
"ASV89089","Bacteria","Firmicutes","Lactobacillales","Enterococcaceae","Enterococcus"
"ASV89095","Bacteria","Firmicutes","Bacillales","Staphylococcaceae","Staphylococcus"
"ASV891","Bacteria","Firmicutes","Lactobacillales","Lactobacillaceae","Liquorilactobacillus"
"ASV89133","Bacteria","Proteobacteria","Proteobacteria spc","Proteobacteria spc","Proteobacteria spc"
"ASV89177","Bacteria","Firmicutes","Lactobacillales","Lactobacillales spc","Lactobacillales spc"
"ASV89194","Bacteria","Proteobacteria","Rhodospirillales","Acetobacteraceae","Commensalibacter"
"ASV89199","Bacteria","Proteobacteria","Rhodospirillales","Acetobacteraceae","Commensalibacter"
"ASV89203","Bacteria","Proteobacteria","Rhodospirillales","Acetobacteraceae","Acetobacteraceae spc"
"ASV89217","Bacteria","Proteobacteria","Rhodospirillales","Acetobacteraceae","Acetobacteraceae spc"
"ASV8923","Bacteria","Firmicutes","Lactobacillales","Streptococcaceae","Lactococcus"
"ASV89235","Bacteria","Proteobacteria","Rhodospirillales","Acetobacteraceae","Acetobacteraceae spc"
"ASV8924","Bacteria","Proteobacteria","Vibrionales","Vibrionaceae","Vibrio"
"ASV8925","Bacteria","Proteobacteria","Orbales","Orbaceae","Orbus"
"ASV893","Bacteria","Proteobacteria","Rhodospirillales","Acetobacteraceae","Gluconobacter"
"ASV895","Bacteria","Firmicutes","Lactobacillales","Lactobacillaceae","Secundilactobacillus"
"ASV896","Bacteria","Proteobacteria","Pseudomonadales","Pseudomonadaceae","Pseudomonas"
"ASV898","Bacteria","Firmicutes","Lactobacillales","Lactobacillaceae","Fructobacillus"
"ASV899","Bacteria","Firmicutes","Clostridiales","Ruminococcaceae","Ruminococcaceae spc"
"ASV9","Bacteria","Proteobacteria","Rhodospirillales","Acetobacteraceae","Asaia"
"ASV90","Bacteria","Proteobacteria","Pseudomonadales","Pseudomonadaceae","Pseudomonas"
"ASV900","Bacteria","Firmicutes","Firmicutes spc","Firmicutes spc","Firmicutes spc"
"ASV901","Bacteria","Bacteroidetes","Bacteroidales","Bacteroidales spc","Bacteroidales spc"
"ASV9013","Bacteria","Firmicutes","Lactobacillales","Lactobacillaceae","Latilactobacillus"
"ASV904","Bacteria","Proteobacteria","Xanthomonadales","Xanthomonadaceae","Xanthomonas"
"ASV906","Bacteria","Firmicutes","Clostridiales","Ruminococcaceae","Faecalibacterium"
"ASV9069","Bacteria","Actinobacteria","Bifidobacteriales","Bifidobacteriaceae","Alloscardovia"
"ASV9082","Bacteria","Proteobacteria","Proteobacteria spc","Proteobacteria spc","Proteobacteria spc"
"ASV9083","Bacteria","Proteobacteria","Enterobacterales","Enterobacteriaceae","Klebsiella"
"ASV9087","Bacteria","Proteobacteria","Pseudomonadales","Moraxellaceae","Acinetobacter"
"ASV9091","Bacteria","Firmicutes","Bacillales","Planococcaceae","Kurthia"
"ASV91","Bacteria","Actinobacteria","Bifidobacteriales","Bifidobacteriaceae","Bifidobacterium"
"ASV9104","Bacteria","Firmicutes","Firmicutes spc","Firmicutes spc","Firmicutes spc"
"ASV911","Bacteria","Proteobacteria","Rhodospirillales","Acetobacteraceae","Swingsia"
"ASV912","Bacteria","Tenericutes","Entomoplasmatales","Spiroplasmataceae","Spiroplasma"
"ASV913","Bacteria","Proteobacteria","Rhodospirillales","Acetobacteraceae","Gluconobacter"
"ASV915","Bacteria","Proteobacteria","Burkholderiales","Comamonadaceae","Comamonas"
"ASV9170","Bacteria","Firmicutes","Lactobacillales","Lactobacillaceae","Lactobacillus"
"ASV9179","Bacteria","Actinobacteria","Bifidobacteriales","Bifidobacteriaceae","Bifidobacteriaceae spc"
"ASV92","Bacteria","Firmicutes","Lactobacillales","Lactobacillaceae","Leuconostoc"
"ASV920","Bacteria","Firmicutes","Lactobacillales","Lactobacillaceae","Bombilactobacillus"
"ASV921","Bacteria","Firmicutes","Lactobacillales","Lactobacillaceae","Lactobacillus"
"ASV9214","Bacteria","Firmicutes","Firmicutes spc","Firmicutes spc","Firmicutes spc"
"ASV922","Bacteria","Firmicutes","Lactobacillales","Lactobacillaceae","Lacticaseibacillus"
"ASV924","Bacteria","Bacteroidetes","Bacteroidetes spc","Bacteroidetes spc","Bacteroidetes spc"
"ASV93","Bacteria","Proteobacteria","Orbales","Orbaceae","Frischella"
"ASV930","Bacteria","Firmicutes","Lactobacillales","Lactobacillaceae","Convivina"
"ASV9317","Bacteria","Firmicutes","Firmicutes spc","Firmicutes spc","Firmicutes spc"
"ASV932","Bacteria","Proteobacteria","Oceanospirillales","Halomonadaceae","Candidatus-Portiera"
"ASV9352","Bacteria","Firmicutes","Lactobacillales","Lactobacillaceae","Lactobacillus"
"ASV936","Bacteria","Actinobacteria","Micrococcales","Micrococcaceae","Nesterenkonia"
"ASV94","Bacteria","Firmicutes","Clostridiales","Peptoniphilaceae","Peptoniphilus"
"ASV942","Bacteria","Bacteroidetes","Flavobacteriales","Flavobacteriales spc","Flavobacteriales spc"
"ASV943","Bacteria","Firmicutes","Clostridiales","Ruminococcaceae","Ruminococcaceae spc"
"ASV944","Bacteria","Bacteroidetes","Flavobacteriales","Flavobacteriales spc","Flavobacteriales spc"
"ASV945","Bacteria","Proteobacteria","Holosporales","Holosporaceae","Holosporaceae spc"
"ASV9457","Bacteria","Proteobacteria","Hyphomicrobiales","Lichenibacteriaceae","Lichenibacteriaceae spc"
"ASV9458","Bacteria","Proteobacteria","Neisseriales","Neisseriaceae","Neisseriaceae spc"
"ASV9463","Bacteria","Proteobacteria","Rhodospirillales","Rhodospirillales spc","Rhodospirillales spc"
"ASV947","Bacteria","Firmicutes","Clostridiales","Clostridiales spc","Clostridiales spc"
"ASV9475","Bacteria","Proteobacteria","Proteobacteria spc","Proteobacteria spc","Proteobacteria spc"
"ASV948","Bacteria","Actinobacteria","Coriobacteriales","Coriobacteriales spc","Coriobacteriales spc"
"ASV9496","Bacteria","Firmicutes","Lactobacillales","Lactobacillaceae","Lactobacillaceae spc"
"ASV95","Bacteria","Proteobacteria","Rhodospirillales","Acetobacteraceae","Swingsia"
"ASV9508","Bacteria","Proteobacteria","Neisseriales","Neisseriaceae","Snodgrassella"
"ASV951","Bacteria","Proteobacteria","Sphingomonadales","Sphingomonadaceae","Sphingomonas"
"ASV9519","Bacteria","Proteobacteria","Rhizobiales","Rhizobiales spc","Rhizobiales spc"
"ASV952","Bacteria","Proteobacteria","Neisseriales","Chromobacteriaceae","Vogesella"
"ASV954","Bacteria","Bacteroidetes","Bacteroidales","Dysgonomonadaceae","Dysgonomonas"
"ASV9550","Bacteria","Actinobacteria","Bifidobacteriales","Bifidobacteriaceae","Bifidobacterium"
"ASV956","Bacteria","Actinobacteria","Bifidobacteriales","Bifidobacteriaceae","Bifidobacterium"
"ASV9566","Bacteria","Proteobacteria","Proteobacteria spc","Proteobacteria spc","Proteobacteria spc"
"ASV957","Bacteria","Firmicutes","Clostridiales","Clostridiales spc","Clostridiales spc"
"ASV9586","Bacteria","Actinobacteria","Bifidobacteriales","Bifidobacteriaceae","Bifidobacterium"
"ASV959","Bacteria","Firmicutes","Culicoidibacterales","Culicoidibacterales spc","Culicoidibacterales spc"
"ASV96","Bacteria","Firmicutes","Selenomonadales","Selenomonadaceae","Pectinatus"
"ASV961","Bacteria","Bacteroidetes","Bacteroidales","Prevotellaceae","Prevotellaceae spc"
"ASV965","Bacteria","Bacteroidetes","Bacteroidales","Dysgonomonadaceae","Dysgonomonas"
"ASV967","Bacteria","Fusobacteria","Fusobacteriales","Fusobacteriaceae","Fusobacterium"
"ASV968","Bacteria","Firmicutes","Lactobacillales","Lactobacillaceae","Lactobacillus"
"ASV969","Bacteria","Firmicutes","Clostridiales","Ruminococcaceae","Ruminococcaceae spc"
"ASV97","Bacteria","Proteobacteria","Rhodospirillales","Acetobacteraceae","Commensalibacter"
"ASV974","Bacteria","Actinobacteria","Mycobacteriales","Corynebacteriaceae","Corynebacterium"
"ASV9758","Bacteria","Actinobacteria","Actinomycetales","Actinomycetaceae","Actinomyces"
"ASV976","Bacteria","Firmicutes","Lactobacillales","Lactobacillaceae","Bombilactobacillus"
"ASV978","Bacteria","Proteobacteria","Rhodospirillales","Acetobacteraceae","Endobacter"
"ASV979","Bacteria","Firmicutes","Firmicutes spc","Firmicutes spc","Firmicutes spc"
"ASV9791","Bacteria","Proteobacteria","Neisseriales","Neisseriaceae","Snodgrassella"
"ASV98","Bacteria","Proteobacteria","Pseudomonadales","Moraxellaceae","Acinetobacter"
"ASV984","Bacteria","Proteobacteria","Pseudomonadales","Pseudomonadaceae","Entomomonas"
"ASV9860","Bacteria","Tenericutes","Entomoplasmatales","Spiroplasmataceae","Spiroplasma"
"ASV987","Bacteria","Firmicutes","Firmicutes","Selenomonadales","Selenomonadaceae"
"ASV989","Bacteria","Proteobacteria","Xanthomonadales","Xanthomonadaceae","Stenotrophomonas"
"ASV99","Bacteria","Proteobacteria","Pseudomonadales","Pseudomonadaceae","Entomomonas"
"ASV992","Bacteria","Proteobacteria","Rhodospirillales","Acetobacteraceae","Acetobacteraceae spc"
"ASV994","Bacteria","Actinobacteria","Bifidobacteriales","Bifidobacteriaceae","Bifidobacterium"
"ASV995","Bacteria","Proteobacteria","Enterobacterales","Enterobacteriaceae","Mangrovibacter"
"ASV996","Bacteria","Proteobacteria","Burkholderiales","Burkholderiaceae","Burkholderia"
"ASV998","Bacteria","Firmicutes","Selenomonadales","Selenomonadaceae","Pectinatus"
"ASV9989","Bacteria","Proteobacteria","Enterobacterales","Enterobacterales spc","Enterobacterales spc"
