"","project","name_old","study","no","chip","well","plate","sampleID","type","subtype","controltype","collector","host_order","host_family","host_subfamily","host_tribe","host_genus","group_tree","host_species","sex","location","sublocation","country","weight","date","year","month","day","month_day","kw","BOLD_ID","note","plot_ID","elevation","temp_week","latitude","longitude","state.province","region","sector","habitat","sample_day","CFU_Caput","CFU_Thorax","CFU_Abdomen","logCFU","tissue","CFUamount","storage","description","tag","genus_tag","group","treatment","PCR","Accession","Tax.ID","BioProject","time","exact_site","trap","bc_family","bc_genus","bc_species","combined_genus","genus_tree","group_tree.1","sample_id","is.neg","is.pos"
"A4.100.20221113.00986_S74","16S_AW_Butterfly_Peru_bees","A4_100_20221113_00986","Bees",NA,"A4_bees_3","C12",11,"986","sample","Bees","","Andrea","Hymenoptera","Halictidae","Halictinae","Halictinae","Halictinae","Halictidae_diurnal","","","Paucartambo","Tono","Peru","","20221113",NA,NA,NA,NA,NA,"","","100",1000,20.17682771,"-12.95908 S","-71.56586 W","Paucartambo","","Kosnipata","forest, closed canopy",NA,NA,NA,NA,NA,"","","","","","","Halictidae_diurnal","","","",NA,"",1100,"Tono","netting",NA,NA,NA,NA,"Halictidae_diurnal","Halictidae_diurnal","A4_100_20221113_00986",FALSE,FALSE
"A4.100.20221113.00988_S76","16S_AW_Butterfly_Peru_bees","A4_100_20221113_00988","Bees",NA,"A4_bees_3","D2",11,"988","sample","Bees","","Andrea","Hymenoptera","Halictidae","Halictinae","Augochlorini","Megalopta","Megalopta","","","Paucartambo","Tono","Peru","","20221113",NA,NA,NA,NA,NA,"","","100",1000,20.17682771,"-12.95908 S","-71.56586 W","Paucartambo","","Kosnipata","forest, closed canopy",NA,NA,NA,NA,NA,"","","","","","","Halictidae_nocturnal","","","",NA,"",1900,"Tono","Light trap","","","","Megalopta","Megalopta","Megalopta","A4_100_20221113_00988",FALSE,FALSE
"A4.100.20221115.00967_S55","16S_AW_Butterfly_Peru_bees","A4_100_20221115_00967","Bees",NA,"A4_bees_3","B5",11,"967","sample","Bees","","Andrea","Hymenoptera","Apidae","Apinae","Meliponini","Meliponini","Meliponini","","","Paucartambo","Tono","Peru","","20221115",NA,NA,NA,NA,NA,"","","100",1000,20.17682771,"-12.95908 S","-71.56586 W","Paucartambo","","Kosnipata","forest, closed canopy",NA,NA,NA,NA,NA,"","","","","","","Meliponini","","","",NA,"",1100,"Tono","netting",NA,NA,NA,NA,"Meliponini","Meliponini","A4_100_20221115_00967",FALSE,FALSE
"A4.100.20221115.00968_S56","16S_AW_Butterfly_Peru_bees","A4_100_20221115_00968","Bees",NA,"A4_bees_3","B6",11,"968","sample","Bees","","Andrea","Hymenoptera","Apidae","Apinae","Meliponini","Partamona","Partamona","","","Paucartambo","Tono","Peru","","20221115",NA,NA,NA,NA,NA,"","","100",1000,20.17682771,"-12.95908 S","-71.56586 W","Paucartambo","","Kosnipata","forest, closed canopy",NA,NA,NA,NA,NA,"","","","","","","Meliponini","","","",NA,"",1100,"Tono","netting","Apidae","Melipona","Melipona_quadrifasciata","Melipona","Partamona","Partamona","A4_100_20221115_00968",FALSE,FALSE
"A4.100.20221115.00969_S58","16S_AW_Butterfly_Peru_bees","A4_100_20221115_00969","Bees",NA,"A4_bees_3","B7",11,"969","sample","Bees","","Andrea","Hymenoptera","Apidae","Apinae","Meliponini","Partamona","Partamona","","","Paucartambo","Tono","Peru","","20221115",NA,NA,NA,NA,NA,"","","100",1000,20.17682771,"-12.95908 S","-71.56586 W","Paucartambo","","Kosnipata","forest, closed canopy",NA,NA,NA,NA,NA,"","","","","","","Meliponini","","","",NA,"",1100,"Tono","netting","Apidae","Melipona","Melipona_quadrifasciata","Melipona","Partamona","Partamona","A4_100_20221115_00969",FALSE,FALSE
"A4.100.20221115.00970_S59","16S_AW_Butterfly_Peru_bees","A4_100_20221115_00970","Bees",NA,"A4_bees_3","B8",11,"970","sample","Bees","","Andrea","Hymenoptera","Apidae","Apinae","Meliponini","Partamona","Partamona","","","Paucartambo","Tono","Peru","","20221115",NA,NA,NA,NA,NA,"","","100",1000,20.17682771,"-12.95908 S","-71.56586 W","Paucartambo","","Kosnipata","forest, closed canopy",NA,NA,NA,NA,NA,"","","","","","","Meliponini","","","",NA,"",1100,"Tono","netting","Apidae","Melipona","Melipona_quadrifasciata","Melipona","Partamona","Partamona","A4_100_20221115_00970",FALSE,FALSE
"A4.100.20221115.00971_S60","16S_AW_Butterfly_Peru_bees","A4_100_20221115_00971","Bees",NA,"A4_bees_3","B9",11,"971","sample","Bees","","Andrea","Hymenoptera","Apidae","Apinae","Meliponini","Partamona","Partamona","","","Paucartambo","Tono","Peru","","20221115",NA,NA,NA,NA,NA,"","","100",1000,20.17682771,"-12.95908 S","-71.56586 W","Paucartambo","","Kosnipata","forest, closed canopy",NA,NA,NA,NA,NA,"","","","","","","Meliponini","","","",NA,"",1100,"Tono","netting","Apidae","Melipona","Melipona_quadrifasciata","Melipona","Partamona","Partamona","A4_100_20221115_00971",FALSE,FALSE
"A4.100.20221115.00972_S61","16S_AW_Butterfly_Peru_bees","A4_100_20221115_00972","Bees",NA,"A4_bees_3","B10",11,"972","sample","Bees","","Andrea","Hymenoptera","Apidae","Apinae","Meliponini","Trigona","Trigona","","","Paucartambo","Tono","Peru","","20221115",NA,NA,NA,NA,NA,"","","100",1000,20.17682771,"-12.95908 S","-71.56586 W","Paucartambo","","Kosnipata","forest, closed canopy",NA,NA,NA,NA,NA,"","","","","","","Meliponini","","","",NA,"",1100,"Tono","netting","Apidae","Trigona","Trigona_amazonensis","Trigona","Trigona","Trigona","A4_100_20221115_00972",FALSE,FALSE
"A4.100.20221115.00976_S66","16S_AW_Butterfly_Peru_bees","A4_100_20221115_00976","Bees",NA,"A4_bees_3","C2",11,"976","sample","Bees","","Andrea","Hymenoptera","Apidae","Apinae","Meliponini","Trigona","Trigona","","","Paucartambo","Tono","Peru","","20221115",NA,NA,NA,NA,NA,"","","100",1000,20.17682771,"-12.95908 S","-71.56586 W","Paucartambo","","Kosnipata","forest, closed canopy",NA,NA,NA,NA,NA,"","","","","","","Meliponini","","","",NA,"",1100,"Tono","netting","Apidae","","",NA,"Trigona","Trigona","A4_100_20221115_00976",FALSE,FALSE
"A4.100.20221115.00977_S67","16S_AW_Butterfly_Peru_bees","A4_100_20221115_00977","Bees",NA,"A4_bees_3","C3",11,"977","sample","Bees","","Andrea","Hymenoptera","Apidae","Apinae","Meliponini","Trigona","Trigona","","","Paucartambo","Tono","Peru","","20221115",NA,NA,NA,NA,NA,"","","100",1000,20.17682771,"-12.95908 S","-71.56586 W","Paucartambo","","Kosnipata","forest, closed canopy",NA,NA,NA,NA,NA,"","","","","","","Meliponini","","","",NA,"",1100,"Tono","netting","Apidae","Trigona","","Trigona","Trigona","Trigona","A4_100_20221115_00977",FALSE,FALSE
"A4.100.20221115.00978_S68","16S_AW_Butterfly_Peru_bees","A4_100_20221115_00978","Bees",NA,"A4_bees_3","C4",11,"978","sample","Bees","","Andrea","Hymenoptera","Apidae","Apinae","Meliponini","Partamona","Partamona","","","Paucartambo","Tono","Peru","","20221115",NA,NA,NA,NA,NA,"","","100",1000,20.17682771,"-12.95908 S","-71.56586 W","Paucartambo","","Kosnipata","forest, closed canopy",NA,NA,NA,NA,NA,"","","","","","","Meliponini","","","",NA,"",1100,"Tono","netting","Apidae","Partamona","Partamona_bilineata","Partamona","Partamona","Partamona","A4_100_20221115_00978",FALSE,FALSE
"A4.100.20221115.00979_S69","16S_AW_Butterfly_Peru_bees","A4_100_20221115_00979","Bees",NA,"A4_bees_3","C5",11,"979","sample","Bees","","Andrea","Hymenoptera","Apidae","Apinae","Meliponini","Trigona","Trigona","","","Paucartambo","Tono","Peru","","20221115",NA,NA,NA,NA,NA,"","","100",1000,20.17682771,"-12.95908 S","-71.56586 W","Paucartambo","","Kosnipata","forest, closed canopy",NA,NA,NA,NA,NA,"","","","","","","Meliponini","","","",NA,"",1100,"Tono","netting","Apidae","Trigona","","Trigona","Trigona","Trigona","A4_100_20221115_00979",FALSE,FALSE
"A4.100.20221115.00980_S70","16S_AW_Butterfly_Peru_bees","A4_100_20221115_00980","Bees",NA,"A4_bees_3","C6",11,"980","sample","Bees","","Andrea","Hymenoptera","Apidae","Apinae","Meliponini","Nanotrigona","Nanotrigona","","","Paucartambo","Tono","Peru","","20221115",NA,NA,NA,NA,NA,"","","100",1000,20.17682771,"-12.95908 S","-71.56586 W","Paucartambo","","Kosnipata","forest, closed canopy",NA,NA,NA,NA,NA,"","","","","","","Meliponini","","","",NA,"",1100,"Tono","netting","Apidae","Nanotrigona","Nanotrigona","Nanotrigona","Nanotrigona","Nanotrigona","A4_100_20221115_00980",FALSE,FALSE
"A4.100.20221116.00919_S15","16S_AW_Butterfly_Peru_bees","A4_100_20221116_00919","Bees",NA,"A4_bees_3","F4",10,"919","sample","Bees","","Andrea","Hymenoptera","Apidae","Apinae","Euglossini","Eulaema","Eulaema","bombiformis","","Paucartambo","Tono","Peru","","20221116",NA,NA,NA,NA,NA,"","","100",1000,20.17682771,"-12.95908 S","-71.56586 W","Paucartambo","","Kosnipata","forest, closed canopy",NA,NA,NA,NA,NA,"","","","","","","Euglossini","","","",NA,"",1100,"Tono","netting","Apidae","Eulaema","Eulaema_leucopyga","Eulaema","Eulaema","Eulaema","A4_100_20221116_00919",FALSE,FALSE
"A4.100.20221116.00920_S16","16S_AW_Butterfly_Peru_bees","A4_100_20221116_00920","Bees",NA,"A4_bees_3","F5",10,"920","sample","Bees","","Andrea","Hymenoptera","Apidae","Apinae","Meliponini","Scaura","Scaura","","","Paucartambo","Tono","Peru","","20221116",NA,NA,NA,NA,NA,"","","100",1000,20.17682771,"-12.95908 S","-71.56586 W","Paucartambo","","Kosnipata","forest, closed canopy",NA,NA,NA,NA,NA,"","","","","","","Meliponini","","","",NA,"",1100,"Tono","netting","Apidae","Scaura","Scaura_atlantica","Scaura","Scaura atlantica","Scaura","A4_100_20221116_00920",FALSE,FALSE
"A4.100.20221116.00921_S17","16S_AW_Butterfly_Peru_bees","A4_100_20221116_00921","Bees",NA,"A4_bees_3","F6",10,"921","sample","Bees","","Andrea","Hymenoptera","Apidae","Apinae","Meliponini","Scaura","Scaura","","","Paucartambo","Tono","Peru","","20221116",NA,NA,NA,NA,NA,"","","100",1000,20.17682771,"-12.95908 S","-71.56586 W","Paucartambo","","Kosnipata","forest, closed canopy",NA,NA,NA,NA,NA,"","","","","","","Meliponini","","","",NA,"",1100,"Tono","netting","Apidae","Scaura","Scaura_atlantica","Scaura","Scaura atlantica","Scaura","A4_100_20221116_00921",FALSE,FALSE
"A4.100.20221116.00982_S72","16S_AW_Butterfly_Peru_bees","A4_100_20221116_00982","Bees",NA,"A4_bees_3","C8",11,"982","sample","Bees","","Andrea","Hymenoptera","Apidae","Apinae","Meliponini","Ptilotrigona","Ptilotrigona","","","Paucartambo","Tono","Peru","","20221116",NA,NA,NA,NA,NA,"","","100",1000,20.17682771,"-12.95908 S","-71.56586 W","Paucartambo","","Kosnipata","forest, closed canopy",NA,NA,NA,NA,NA,"","","","","","","Meliponini","","","",NA,"",1100,"Tono","netting","Apidae","Ptilotrigona","","Ptilotrigona","Ptilotrigona","Ptilotrigona","A4_100_20221116_00982",FALSE,FALSE
"A4.100.20221116.00989_S77","16S_AW_Butterfly_Peru_bees","A4_100_20221116_00989","Bees",NA,"A4_bees_3","D3",11,"989","sample","Bees","","Andrea","Hymenoptera","Apidae","Apinae","Euglossini","Eulaema","Eulaema","bombiformis","","Paucartambo","Tono","Peru","","20221116",NA,NA,NA,NA,NA,"","","100",1000,20.17682771,"-12.95908 S","-71.56586 W","Paucartambo","","Kosnipata","forest, closed canopy",NA,NA,NA,NA,NA,"","","","","","","Euglossini","","","",NA,"",1100,"Tono","netting",NA,NA,NA,"Eulaema","Eulaema","Eulaema","A4_100_20221116_00989",FALSE,FALSE
"A4.100.20221116.00990_S78","16S_AW_Butterfly_Peru_bees","A4_100_20221116_00990","Bees",NA,"A4_bees_3","D4",11,"990","sample","Bees","","Andrea","Hymenoptera","Apidae","Apinae","Meliponini","Scaura","Scaura","","","Paucartambo","Tono","Peru","","20221116",NA,NA,NA,NA,NA,"","","100",1000,20.17682771,"-12.95908 S","-71.56586 W","Paucartambo","","Kosnipata","forest, closed canopy",NA,NA,NA,NA,NA,"","","","","","","Meliponini","","","",NA,"",1100,"Tono","netting","Apidae","Scaura","Scaura_atlantica","Scaura","Scaura atlantica","Scaura","A4_100_20221116_00990",FALSE,FALSE
"A4.100.20221116.00991_S79","16S_AW_Butterfly_Peru_bees","A4_100_20221116_00991","Bees",NA,"A4_bees_3","D5",11,"991","sample","Bees","","Andrea","Hymenoptera","Apidae","Apinae","Meliponini","Scaura","Scaura","","","Paucartambo","Tono","Peru","","20221116",NA,NA,NA,NA,NA,"","","100",1000,20.17682771,"-12.95908 S","-71.56586 W","Paucartambo","","Kosnipata","forest, closed canopy",NA,NA,NA,NA,NA,"","","","","","","Meliponini","","","",NA,"",1100,"Tono","netting","Apidae","Scaura","Scaura_atlantica","Scaura","Scaura atlantica","Scaura","A4_100_20221116_00991",FALSE,FALSE
"A4.105.20220924.00082_S307","16S_AW_Butterfly_Peru_bees","A4_105_20220924_00082","Bees",NA,"A4_bees_1","G9",1,"82","sample","Bees","","Andrea","Hymenoptera","Halictidae","Halictinae","Augochlorini","Megalopta","Megalopta","","","Paucartambo","Quita Calzon","Peru","","20220924",NA,NA,NA,NA,NA,"","","105",1050,19.37146478,"-13,02592 S","-71,49961 W","Paucartambo","","Kosnipata","open canopy, road",NA,NA,NA,NA,NA,"","","","","","","Halictidae_nocturnal","","","",NA,"",1900,"Quita Calzon","netting","","","","Megalopta","Megalopta","Megalopta","A4_105_20220924_00082",FALSE,FALSE
"A4.105.20221021.00423_S42","16S_AW_Butterfly_Peru_bees","A4_105_20221021_00423","Bees",NA,"A4_bees_2","D7",5,"423","sample","Bees","","Andrea","Hymenoptera","Apidae","Apinae","Meliponini","Trigona","Trigona","","","Paucartambo","Quita Calzon","Peru","","20221021",NA,NA,NA,NA,NA,"","","105",1050,19.37146478,"-13,02592 S","-71,49961 W","Paucartambo","","Kosnipata","open canopy, road",NA,NA,NA,NA,NA,"","","","","","","Meliponini","","","",NA,"",9000,"Quita Calzon","netting","Apidae","","",NA,"Trigona","Trigona","A4_105_20221021_00423",FALSE,FALSE
"A4.105.20221021.00424_S44","16S_AW_Butterfly_Peru_bees","A4_105_20221021_00424","Bees",NA,"A4_bees_2","D8",5,"424","sample","Bees","","Andrea","Hymenoptera","Apidae","Apinae","Apini","Apis","Apis","","","Paucartambo","Quita Calzon","Peru","","20221021",NA,NA,NA,NA,NA,"","","105",1050,19.37146478,"-13,02592 S","-71,49961 W","Paucartambo","","Kosnipata","open canopy, road",NA,NA,NA,NA,NA,"","","","","","","Apis","","","",NA,"",9000,"Quita Calzon","netting","Apidae","Apis","Apis melifera","Apis","Apis melifera","Apis","A4_105_20221021_00424",FALSE,FALSE
"A4.105.20221021.00425_S45","16S_AW_Butterfly_Peru_bees","A4_105_20221021_00425","Bees",NA,"A4_bees_2","D9",5,"425","sample","Bees","","Andrea","Hymenoptera","Apidae","Apinae","Apini","Apis","Apis","","","Paucartambo","Quita Calzon","Peru","","20221021",NA,NA,NA,NA,NA,"","","105",1050,19.37146478,"-13,02592 S","-71,49961 W","Paucartambo","","Kosnipata","open canopy, road",NA,NA,NA,NA,NA,"","","","","","","Apis","","","",NA,"",9000,"Quita Calzon","netting","Apidae","Apis","Apis melifera","Apis","Apis melifera","Apis","A4_105_20221021_00425",FALSE,FALSE
"A4.105.20221021.00426_S46","16S_AW_Butterfly_Peru_bees","A4_105_20221021_00426","Bees",NA,"A4_bees_2","D10",5,"426","sample","Bees","","Andrea","Hymenoptera","Apidae","Apinae","Apini","Apis","Scaura","","","Paucartambo","Quita Calzon","Peru","","20221021",NA,NA,NA,NA,NA,"","","105",1050,19.37146478,"-13,02592 S","-71,49961 W","Paucartambo","","Kosnipata","open canopy, road",NA,NA,NA,NA,NA,"","","","","","","Meliponini","","","",NA,"",9000,"Quita Calzon","netting","Apidae","Scaura","Scaura atlantica","Apis.Scaura","Scaura atlantica","Scaura","A4_105_20221021_00426",FALSE,FALSE
"A4.105.20221021.00498_S94","16S_AW_Butterfly_Peru_bees","A4_105_20221021_00498","Bees",NA,"A4_bees_2","B11",6,"498","sample","Bees","","Andrea","Hymenoptera","Apidae","Apinae","Meliponini","Partamona","Partamona","","","Paucartambo","Quita Calzon","Peru","","20221021",NA,NA,NA,NA,NA,"","","105",1050,19.37146478,"-13,02592 S","-71,49961 W","Paucartambo","","Kosnipata","open canopy, road",NA,NA,NA,NA,NA,"","","","","","","Meliponini","","","",NA,"",1000,"Quita Calzon","netting","Apidae","Melipona","Melipona_quadrifasciata","Melipona","Partamona","Partamona","A4_105_20221021_00498",FALSE,FALSE
"A4.105.20221021.00499_S95","16S_AW_Butterfly_Peru_bees","A4_105_20221021_00499","Bees",NA,"A4_bees_2","B12",6,"499","sample","Bees","","Andrea","Hymenoptera","Apidae","Apinae","Meliponini","Partamona","Partamona","","","Paucartambo","Quita Calzon","Peru","","20221021",NA,NA,NA,NA,NA,"","","105",1050,19.37146478,"-13,02592 S","-71,49961 W","Paucartambo","","Kosnipata","open canopy, road",NA,NA,NA,NA,NA,"","","","","","","Meliponini","","","",NA,"",1000,"Quita Calzon","netting","Apidae","Melipona","Melipona_quadrifasciata","Melipona","Partamona","Partamona","A4_105_20221021_00499",FALSE,FALSE
"A4.105.20221021.00500_S97","16S_AW_Butterfly_Peru_bees","A4_105_20221021_00500","Bees",NA,"A4_bees_2","C1",6,"500","sample","Bees","","Andrea","Hymenoptera","Apidae","Apinae","Meliponini","Partamona","Partamona","","","Paucartambo","Quita Calzon","Peru","","20221021",NA,NA,NA,NA,NA,"","","105",1050,19.37146478,"-13,02592 S","-71,49961 W","Paucartambo","","Kosnipata","open canopy, road",NA,NA,NA,NA,NA,"","","","","","","Meliponini","","","",NA,"",1000,"Quita Calzon","netting","Apidae","Melipona","Melipona_quadrifasciata","Melipona","Partamona","Partamona","A4_105_20221021_00500",FALSE,FALSE
"A4.105.20221021.00501_S98","16S_AW_Butterfly_Peru_bees","A4_105_20221021_00501","Bees",NA,"A4_bees_2","C2",6,"501","sample","Bees","","Andrea","Hymenoptera","Apidae","Apinae","Meliponini","Partamona","Partamona","","","Paucartambo","Quita Calzon","Peru","","20221021",NA,NA,NA,NA,NA,"","","105",1050,19.37146478,"-13,02592 S","-71,49961 W","Paucartambo","","Kosnipata","open canopy, road",NA,NA,NA,NA,NA,"","","","","","","Meliponini","","","",NA,"",1000,"Quita Calzon","netting","Apidae","Melipona","Melipona_quadrifasciata","Melipona","Partamona","Partamona","A4_105_20221021_00501",FALSE,FALSE
"A4.105.20221021.00502_S100","16S_AW_Butterfly_Peru_bees","A4_105_20221021_00502","Bees",NA,"A4_bees_2","C3",6,"502","sample","Bees","","Andrea","Hymenoptera","Apidae","Apinae","Meliponini","Partamona","Partamona","","","Paucartambo","Quita Calzon","Peru","","20221021",NA,NA,NA,NA,NA,"","","105",1050,19.37146478,"-13,02592 S","-71,49961 W","Paucartambo","","Kosnipata","open canopy, road",NA,NA,NA,NA,NA,"","","","","","","Meliponini","","","",NA,"",1000,"Quita Calzon","Light trap","Apidae","Melipona","Melipona_quadrifasciata","Melipona","Partamona","Partamona","A4_105_20221021_00502",FALSE,FALSE
"A4.105.20221021.00525_S104","16S_AW_Butterfly_Peru_bees","A4_105_20221021_00525","Bees",NA,"A4_bees_2","E2",6,"525","sample","Bees","","Andrea","Hymenoptera","Apidae","Apinae","Apini","Apis","Apis","melifera ligustica","","Paucartambo","Quita Calzon","Peru","","20221021",NA,NA,NA,NA,NA,"","","105",1050,19.37146478,"-13,02592 S","-71,49961 W","Paucartambo","","Kosnipata","open canopy, road",NA,NA,NA,NA,NA,"","","","","","","Apis","","","",NA,"",1000,"Quita Calzon","netting","Apidae","Apis","Apis melifera","Apis","Apis melifera","Apis","A4_105_20221021_00525",FALSE,FALSE
"A4.105.20221021.00526_S105","16S_AW_Butterfly_Peru_bees","A4_105_20221021_00526","Bees",NA,"A4_bees_2","E3",6,"526","sample","Bees","","Andrea","Hymenoptera","Apidae","Apinae","Apini","Apis","Apis","melifera ligustica","","Paucartambo","Quita Calzon","Peru","","20221021",NA,NA,NA,NA,NA,"","","105",1050,19.37146478,"-13,02592 S","-71,49961 W","Paucartambo","","Kosnipata","open canopy, road",NA,NA,NA,NA,NA,"","","","","","","Apis","","","",NA,"",1000,"Quita Calzon","netting","Apidae","Apis","Apis melifera","Apis","Apis melifera","Apis","A4_105_20221021_00526",FALSE,FALSE
"A4.105.20221021.00527_S106","16S_AW_Butterfly_Peru_bees","A4_105_20221021_00527","Bees",NA,"A4_bees_2","E4",6,"527","sample","Bees","","Andrea","Hymenoptera","Apidae","Apinae","Apini","Apis","Apis","melifera ligustica","","Paucartambo","Quita Calzon","Peru","","20221021",NA,NA,NA,NA,NA,"","","105",1050,19.37146478,"-13,02592 S","-71,49961 W","Paucartambo","","Kosnipata","open canopy, road",NA,NA,NA,NA,NA,"","","","","","","Apis","","","",NA,"",1000,"Quita Calzon","netting","Apidae","Apis","Apis melifera","Apis","Apis melifera","Apis","A4_105_20221021_00527",FALSE,FALSE
"A4.105.20221021.00528_S107","16S_AW_Butterfly_Peru_bees","A4_105_20221021_00528","Bees",NA,"A4_bees_2","E5",6,"528","sample","Bees","","Andrea","Hymenoptera","Apidae","Apinae","Apini","Apis","Apis","melifera ligustica","","Paucartambo","Quita Calzon","Peru","","20221021",NA,NA,NA,NA,NA,"","","105",1050,19.37146478,"-13,02592 S","-71,49961 W","Paucartambo","","Kosnipata","open canopy, road",NA,NA,NA,NA,NA,"","","","","","","Apis","","","",NA,"",1000,"Quita Calzon","netting","Apidae","Apis","Apis melifera","Apis","Apis melifera","Apis","A4_105_20221021_00528",FALSE,FALSE
"A4.105.20221021.00529_S108","16S_AW_Butterfly_Peru_bees","A4_105_20221021_00529","Bees",NA,"A4_bees_2","E6",6,"529","sample","Bees","","Andrea","Hymenoptera","Apidae","Apinae","Apini","Apis","Apis","melifera ligustica","","Paucartambo","Quita Calzon","Peru","","20221021",NA,NA,NA,NA,NA,"","","105",1050,19.37146478,"-13,02592 S","-71,49961 W","Paucartambo","","Kosnipata","open canopy, road",NA,NA,NA,NA,NA,"","","","","","","Apis","","","",NA,"",1000,"Quita Calzon","netting","Apidae","Apis","Apis melifera","Apis","Apis melifera","Apis","A4_105_20221021_00529",FALSE,FALSE
"A4.105.20221021.00530_S109","16S_AW_Butterfly_Peru_bees","A4_105_20221021_00530","Bees",NA,"A4_bees_2","E7",6,"530","sample","Bees","","Andrea","Hymenoptera","Apidae","Apinae","Apini","Apis","Apis","melifera melifera","","Paucartambo","Quita Calzon","Peru","","20221021",NA,NA,NA,NA,NA,"","","105",1050,19.37146478,"-13,02592 S","-71,49961 W","Paucartambo","","Kosnipata","open canopy, road",NA,NA,NA,NA,NA,"","","","","","","Apis","","","",NA,"",1000,"Quita Calzon","netting","Apidae","Apis","Apis melifera","Apis","Apis melifera","Apis","A4_105_20221021_00530",FALSE,FALSE
"A4.105.20221021.00531_S110","16S_AW_Butterfly_Peru_bees","A4_105_20221021_00531","Bees",NA,"A4_bees_2","E8",6,"531","sample","Bees","","Andrea","Hymenoptera","Apidae","Apinae","Apini","Apis","Apis","melifera melifera","","Paucartambo","Quita Calzon","Peru","","20221021",NA,NA,NA,NA,NA,"","","105",1050,19.37146478,"-13,02592 S","-71,49961 W","Paucartambo","","Kosnipata","open canopy, road",NA,NA,NA,NA,NA,"","","","","","","Apis","","","",NA,"",1000,"Quita Calzon","netting","Apidae","Apis","Apis melifera","Apis","Apis melifera","Apis","A4_105_20221021_00531",FALSE,FALSE
"A4.105.20221021.00532_S111","16S_AW_Butterfly_Peru_bees","A4_105_20221021_00532","Bees",NA,"A4_bees_2","E9",6,"532","sample","Bees","","Andrea","Hymenoptera","Apidae","Apinae","Apini","Apis","Apis","melifera melifera","","Paucartambo","Quita Calzon","Peru","","20221021",NA,NA,NA,NA,NA,"","","105",1050,19.37146478,"-13,02592 S","-71,49961 W","Paucartambo","","Kosnipata","open canopy, road",NA,NA,NA,NA,NA,"","","","","","","Apis","","","",NA,"",1000,"Quita Calzon","netting","Apidae","Apis","Apis melifera","Apis","Apis melifera","Apis","A4_105_20221021_00532",FALSE,FALSE
"A4.105.20221021.00534_S113","16S_AW_Butterfly_Peru_bees","A4_105_20221021_00534","Bees",NA,"A4_bees_2","E11",6,"534","sample","Bees","","Andrea","Hymenoptera","Apidae","Apinae","Meliponini","Trigona","Trigona","","","Paucartambo","Quita Calzon","Peru","","20221021",NA,NA,NA,NA,NA,"","","105",1050,19.37146478,"-13,02592 S","-71,49961 W","Paucartambo","","Kosnipata","open canopy, road",NA,NA,NA,NA,NA,"","","","","","","Meliponini","","","",NA,"",1000,"Quita Calzon","netting","Apidae","Trigona","Trigona_amalthea","Trigona","Trigona","Trigona","A4_105_20221021_00534",FALSE,FALSE
"A4.105.20221021.00536_S115","16S_AW_Butterfly_Peru_bees","A4_105_20221021_00536","Bees",NA,"A4_bees_2","F1",6,"536","sample","Bees","","Andrea","Hymenoptera","Apidae","Apinae","Meliponini","Trigona","Trigona","","","Paucartambo","Quita Calzon","Peru","","20221021",NA,NA,NA,NA,NA,"","","105",1050,19.37146478,"-13,02592 S","-71,49961 W","Paucartambo","","Kosnipata","open canopy, road",NA,NA,NA,NA,NA,"","","","","","","Meliponini","","","",NA,"",1000,"Quita Calzon","netting","Apidae","Trigona","Trigona_amazonensis","Trigona","Trigona","Trigona","A4_105_20221021_00536",FALSE,FALSE
"A4.105.20221021.00537_S116","16S_AW_Butterfly_Peru_bees","A4_105_20221021_00537","Bees",NA,"A4_bees_2","F2",6,"537","sample","Bees","","Andrea","Hymenoptera","Apidae","Apinae","Meliponini","Trigona","Trigona","","","Paucartambo","Quita Calzon","Peru","","20221021",NA,NA,NA,NA,NA,"","","105",1050,19.37146478,"-13,02592 S","-71,49961 W","Paucartambo","","Kosnipata","open canopy, road",NA,NA,NA,NA,NA,"","","","","","","Meliponini","","","",NA,"",1000,"Quita Calzon","netting","Apidae","Trigona","Trigona_amazonensis","Trigona","Trigona amazonensis","Trigona","A4_105_20221021_00537",FALSE,FALSE
"A4.105.20221021.00538_S117","16S_AW_Butterfly_Peru_bees","A4_105_20221021_00538","Bees",NA,"A4_bees_2","F3",6,"538","sample","Bees","","Andrea","Hymenoptera","Apidae","Apinae","Meliponini","Trigona","Trigona","","","Paucartambo","Quita Calzon","Peru","","20221021",NA,NA,NA,NA,NA,"","","105",1050,19.37146478,"-13,02592 S","-71,49961 W","Paucartambo","","Kosnipata","open canopy, road",NA,NA,NA,NA,NA,"","","","","","","Meliponini","","","",NA,"",1000,"Quita Calzon","netting","Apidae","Trigona","Trigona_amazonensis","Trigona","Trigona","Trigona","A4_105_20221021_00538",FALSE,FALSE
"A4.105.20221021.00539_S119","16S_AW_Butterfly_Peru_bees","A4_105_20221021_00539","Bees",NA,"A4_bees_2","F4",6,"539","sample","Bees","","Andrea","Hymenoptera","Apidae","Apinae","Meliponini","Trigona","Trigona","","","Paucartambo","Quita Calzon","Peru","","20221021",NA,NA,NA,NA,NA,"","","105",1050,19.37146478,"-13,02592 S","-71,49961 W","Paucartambo","","Kosnipata","open canopy, road",NA,NA,NA,NA,NA,"","","","","","","Meliponini","","","",NA,"",1000,"Quita Calzon","netting","Apidae","Trigona","Trigona_amazonensis","Trigona","Trigona","Trigona","A4_105_20221021_00539",FALSE,FALSE
"A4.120.20221021.00422_S41","16S_AW_Butterfly_Peru_bees","A4_120_20221021_00422","Bees",NA,"A4_bees_2","D6",5,"422","sample","Bees","","Andrea","Hymenoptera","Apidae","Apinae","Euglossini","Exaerete","Exaerete","","","Paucartambo","Santa Isabel","Peru","","20221021",NA,NA,NA,NA,NA,"","","120",1200,18.67915608,"-13,03247 S","-71,52728 W","Paucartambo","","Kosnipata","open canopy, road",NA,NA,NA,NA,NA,"","","","","","","Euglossini","","","",NA,"",1000,"Santa Isabel","netting","Apidae","Exaerete","Exaerete_smaragdina","Exaerete","Exaerete","Exaerete","A4_120_20221021_00422",FALSE,FALSE
"A4.120.20221021.00453_S47","16S_AW_Butterfly_Peru_bees","A4_120_20221021_00453","Bees",NA,"A4_bees_2","G1",5,"453","sample","Bees","","Andrea","Hymenoptera","Halictidae","Halictinae","Halictinae","Halictinae","Halictidae_diurnal","","","Paucartambo","Santa Isabel","Peru","","20221021",NA,NA,NA,NA,NA,"","","120",1200,18.67915608,"-13,03247 S","-71,52728 W","Paucartambo","","Kosnipata","open canopy, road",NA,NA,NA,NA,NA,"","","","","","","Halictidae_diurnal","","","",NA,"",9000,"Santa Isabel","netting",NA,NA,NA,NA,"Halictidae_diurnal","Halictidae_diurnal","A4_120_20221021_00453",FALSE,FALSE
"A4.120.20221021.00454_S48","16S_AW_Butterfly_Peru_bees","A4_120_20221021_00454","Bees",NA,"A4_bees_2","G2",5,"454","sample","Bees","","Andrea","Hymenoptera","Halictidae","Halictinae","Halictinae","Halictinae","Halictidae_diurnal","","","Paucartambo","Santa Isabel","Peru","","20221021",NA,NA,NA,NA,NA,"","","120",1200,18.67915608,"-13,03247 S","-71,52728 W","Paucartambo","","Kosnipata","open canopy, road",NA,NA,NA,NA,NA,"","","","","","","Halictidae_diurnal","","","",NA,"",9000,"Santa Isabel","netting",NA,NA,NA,NA,"Halictidae_diurnal","Halictidae_diurnal","A4_120_20221021_00454",FALSE,FALSE
"A4.120.20221021.00455_S49","16S_AW_Butterfly_Peru_bees","A4_120_20221021_00455","Bees",NA,"A4_bees_2","G3",5,"455","sample","Bees","","Andrea","Hymenoptera","Halictidae","Halictinae","Halictinae","Halictinae","Halictidae_diurnal","","","Paucartambo","Santa Isabel","Peru","","20221021",NA,NA,NA,NA,NA,"","","120",1200,18.67915608,"-13,03247 S","-71,52728 W","Paucartambo","","Kosnipata","open canopy, road",NA,NA,NA,NA,NA,"","","","","","","Halictidae_diurnal","","","",NA,"",9000,"Santa Isabel","netting",NA,NA,NA,NA,"Halictidae_diurnal","Halictidae_diurnal","A4_120_20221021_00455",FALSE,FALSE
"A4.120.20221021.00456_S50","16S_AW_Butterfly_Peru_bees","A4_120_20221021_00456","Bees",NA,"A4_bees_2","G4",5,"456","sample","Bees","","Andrea","Hymenoptera","Halictidae","Halictinae","Augochlorini","Neocorynura","Neocorynura","","","Paucartambo","Santa Isabel","Peru","","20221021",NA,NA,NA,NA,NA,"","","120",1200,18.67915608,"-13,03247 S","-71,52728 W","Paucartambo","","Kosnipata","open canopy, road",NA,NA,NA,NA,NA,"","","","","","","Halictidae_diurnal","","","",NA,"",9000,"Santa Isabel","netting","","","",NA,"Neocorynura","Neocorynura","A4_120_20221021_00456",FALSE,FALSE
"A4.120.20221021.00457_S51","16S_AW_Butterfly_Peru_bees","A4_120_20221021_00457","Bees",NA,"A4_bees_2","G5",5,"457","sample","Bees","","Andrea","Hymenoptera","Halictidae","Halictinae","Augochlorini","Neocorynura","Neocorynura","","","Paucartambo","Santa Isabel","Peru","","20221021",NA,NA,NA,NA,NA,"","","120",1200,18.67915608,"-13,03247 S","-71,52728 W","Paucartambo","","Kosnipata","open canopy, road",NA,NA,NA,NA,NA,"","","","","","","Halictidae_diurnal","","","",NA,"",9000,"Santa Isabel","netting","","","",NA,"Neocorynura","Neocorynura","A4_120_20221021_00457",FALSE,FALSE
"A4.120.20221021.00458_S52","16S_AW_Butterfly_Peru_bees","A4_120_20221021_00458","Bees",NA,"A4_bees_2","G6",5,"458","sample","Bees","","Andrea","Hymenoptera","Apidae","Apinae","Meliponini","Partamona","Partamona","","","Paucartambo","Santa Isabel","Peru","","20221021",NA,NA,NA,NA,NA,"","","120",1200,18.67915608,"-13,03247 S","-71,52728 W","Paucartambo","","Kosnipata","open canopy, road",NA,NA,NA,NA,NA,"","","","","","","Meliponini","","","",NA,"",9000,"Santa Isabel","netting","Apidae","Partamona","Partamona_bilineata","Partamona","Partamona","Partamona","A4_120_20221021_00458",FALSE,FALSE
"A4.120.20221021.00459_S53","16S_AW_Butterfly_Peru_bees","A4_120_20221021_00459","Bees",NA,"A4_bees_2","G7",5,"459","sample","Bees","","Andrea","Hymenoptera","Apidae","Apinae","Meliponini","Partamona","Partamona","","","Paucartambo","Santa Isabel","Peru","","20221021",NA,NA,NA,NA,NA,"","","120",1200,18.67915608,"-13,03247 S","-71,52728 W","Paucartambo","","Kosnipata","open canopy, road",NA,NA,NA,NA,NA,"","","","","","","Meliponini","","","",NA,"",9000,"Santa Isabel","netting","Apidae","Partamona","Partamona_bilineata","Partamona","Partamona","Partamona","A4_120_20221021_00459",FALSE,FALSE
"A4.120.20221021.00460_S54","16S_AW_Butterfly_Peru_bees","A4_120_20221021_00460","Bees",NA,"A4_bees_2","G8",5,"460","sample","Bees","","Andrea","Hymenoptera","Apidae","Apinae","Meliponini","Partamona","Partamona","","","Paucartambo","Santa Isabel","Peru","","20221021",NA,NA,NA,NA,NA,"","","120",1200,18.67915608,"-13,03247 S","-71,52728 W","Paucartambo","","Kosnipata","open canopy, road",NA,NA,NA,NA,NA,"","","","","","","Meliponini","","","",NA,"",9000,"Santa Isabel","netting","Apidae","Partamona","Partamona_bilineata","Partamona","Partamona","Partamona","A4_120_20221021_00460",FALSE,FALSE
"A4.120.20221021.00461_S55","16S_AW_Butterfly_Peru_bees","A4_120_20221021_00461","Bees",NA,"A4_bees_2","G9",5,"461","sample","Bees","","Andrea","Hymenoptera","Apidae","Apinae","Meliponini","Partamona","Partamona","","","Paucartambo","Santa Isabel","Peru","","20221021",NA,NA,NA,NA,NA,"","","120",1200,18.67915608,"-13,03247 S","-71,52728 W","Paucartambo","","Kosnipata","open canopy, road",NA,NA,NA,NA,NA,"","","","","","","Meliponini","","","",NA,"",9000,"Santa Isabel","netting","","","",NA,"Partamona","Partamona","A4_120_20221021_00461",FALSE,FALSE
"A4.120.20221021.00462_S56","16S_AW_Butterfly_Peru_bees","A4_120_20221021_00462","Bees",NA,"A4_bees_2","G10",5,"462","sample","Bees","","Andrea","Hymenoptera","Apidae","Apinae","Meliponini","Partamona","Partamona","","","Paucartambo","Santa Isabel","Peru","","20221021",NA,NA,NA,NA,NA,"","","120",1200,18.67915608,"-13,03247 S","-71,52728 W","Paucartambo","","Kosnipata","open canopy, road",NA,NA,NA,NA,NA,"","","","","","","Meliponini","","","",NA,"",9000,"Santa Isabel","netting","Apidae","Partamona","Partamona_bilineata","Partamona","Partamona","Partamona","A4_120_20221021_00462",FALSE,FALSE
"A4.120.20221021.00463_S58","16S_AW_Butterfly_Peru_bees","A4_120_20221021_00463","Bees",NA,"A4_bees_2","G11",5,"463","sample","Bees","","Andrea","Hymenoptera","Apidae","Apinae","Meliponini","Scaptotrigona","Scaptotrigona","","","Paucartambo","Santa Isabel","Peru","","20221021",NA,NA,NA,NA,NA,"","","120",1200,18.67915608,"-13,03247 S","-71,52728 W","Paucartambo","","Kosnipata","open canopy, road",NA,NA,NA,NA,NA,"","","","","","","Meliponini","","","",NA,"",9000,"Santa Isabel","netting","Apidae","Scaptotrigona","Scaptotrigona_mexicana","Scaptotrigona","Scaptotrigona","Scaptotrigona","A4_120_20221021_00463",FALSE,FALSE
"A4.120.20221021.00464_S59","16S_AW_Butterfly_Peru_bees","A4_120_20221021_00464","Bees",NA,"A4_bees_2","G12",5,"464","sample","Bees","","Andrea","Hymenoptera","Apidae","Apinae","Meliponini","Scaptotrigona","Scaptotrigona","","","Paucartambo","Santa Isabel","Peru","","20221021",NA,NA,NA,NA,NA,"","","120",1200,18.67915608,"-13,03247 S","-71,52728 W","Paucartambo","","Kosnipata","open canopy, road",NA,NA,NA,NA,NA,"","","","","","","Meliponini","","","",NA,"",9000,"Santa Isabel","netting","Apidae","Scaptotrigona","Scaptotrigona_mexicana","Scaptotrigona","Scaptotrigona","Scaptotrigona","A4_120_20221021_00464",FALSE,FALSE
"A4.120.20221021.00466_S61","16S_AW_Butterfly_Peru_bees","A4_120_20221021_00466","Bees",NA,"A4_bees_2","H2",5,"466","sample","Bees","","Andrea","Hymenoptera","Halictidae","Halictinae","Augochlorini","Neocorynura","Neocorynura","","","Paucartambo","Santa Isabel","Peru","","20221021",NA,NA,NA,NA,NA,"","","120",1200,18.67915608,"-13,03247 S","-71,52728 W","Paucartambo","","Kosnipata","open canopy, road",NA,NA,NA,NA,NA,"","","","","","","Halictidae_diurnal","","","",NA,"",9000,"Santa Isabel","netting","","","",NA,"Neocorynura","Neocorynura","A4_120_20221021_00466",FALSE,FALSE
"A4.120.20221021.00467_S62","16S_AW_Butterfly_Peru_bees","A4_120_20221021_00467","Bees",NA,"A4_bees_2","H3",5,"467","sample","Bees","","Andrea","Hymenoptera","Halictidae","Halictinae","Augochlorini","Neocorynura","Neocorynura","","","Paucartambo","Santa Isabel","Peru","","20221021",NA,NA,NA,NA,NA,"","","120",1200,18.67915608,"-13,03247 S","-71,52728 W","Paucartambo","","Kosnipata","open canopy, road",NA,NA,NA,NA,NA,"","","","","","","Halictidae_diurnal","","","",NA,"",9000,"Santa Isabel","netting","","","",NA,"Neocorynura","Neocorynura","A4_120_20221021_00467",FALSE,FALSE
"A4.120.20221021.00468_S63","16S_AW_Butterfly_Peru_bees","A4_120_20221021_00468","Bees",NA,"A4_bees_2","H4",5,"468","sample","Bees","","Andrea","Hymenoptera","Halictidae","Halictinae","Augochlorini","Neocorynura","Neocorynura","","","Paucartambo","Santa Isabel","Peru","","20221021",NA,NA,NA,NA,NA,"","","120",1200,18.67915608,"-13,03247 S","-71,52728 W","Paucartambo","","Kosnipata","open canopy, road",NA,NA,NA,NA,NA,"","","","","","","Halictidae_diurnal","","","",NA,"",9000,"Santa Isabel","netting","","","",NA,"Neocorynura","Neocorynura","A4_120_20221021_00468",FALSE,FALSE
"A4.120.20221021.00469_S65","16S_AW_Butterfly_Peru_bees","A4_120_20221021_00469","Bees",NA,"A4_bees_2","H5",5,"469","sample","Bees","","Andrea","Hymenoptera","Apidae","Apinae","Meliponini","Meliponini","Meliponini","","","Paucartambo","Santa Isabel","Peru","","20221021",NA,NA,NA,NA,NA,"","","120",1200,18.67915608,"-13,03247 S","-71,52728 W","Paucartambo","","Kosnipata","open canopy, road",NA,NA,NA,NA,NA,"","","","","","","Meliponini","","","",NA,"",9000,"Santa Isabel","netting",NA,NA,NA,NA,"Meliponini","Meliponini","A4_120_20221021_00469",FALSE,FALSE
"A4.120.20221021.00470_S66","16S_AW_Butterfly_Peru_bees","A4_120_20221021_00470","Bees",NA,"A4_bees_2","H6",5,"470","sample","Bees","","Andrea","Hymenoptera","Halictidae","Halictinae","Halictinae","Halictinae","Halictidae_diurnal","","","Paucartambo","Santa Isabel","Peru","","20221021",NA,NA,NA,NA,NA,"","","120",1200,18.67915608,"-13,03247 S","-71,52728 W","Paucartambo","","Kosnipata","open canopy, road",NA,NA,NA,NA,NA,"","","","","","","Halictidae_diurnal","","","",NA,"",9000,"Santa Isabel","netting",NA,NA,NA,NA,"Halictidae_diurnal","Halictidae_diurnal","A4_120_20221021_00470",FALSE,FALSE
"A4.120.20221021.00471_S67","16S_AW_Butterfly_Peru_bees","A4_120_20221021_00471","Bees",NA,"A4_bees_2","H7",5,"471","sample","Bees","","Andrea","Hymenoptera","Halictidae","Halictinae","Halictinae","Halictinae","Halictidae_diurnal","","","Paucartambo","Santa Isabel","Peru","","20221021",NA,NA,NA,NA,NA,"","","120",1200,18.67915608,"-13,03247 S","-71,52728 W","Paucartambo","","Kosnipata","open canopy, road",NA,NA,NA,NA,NA,"","","","","","","Halictidae_diurnal","","","",NA,"",9000,"Santa Isabel","netting",NA,NA,NA,NA,"Halictidae_diurnal","Halictidae_diurnal","A4_120_20221021_00471",FALSE,FALSE
"A4.120.20221021.00472_S68","16S_AW_Butterfly_Peru_bees","A4_120_20221021_00472","Bees",NA,"A4_bees_2","H8",5,"472","sample","Bees","","Andrea","Hymenoptera","Halictidae","Halictinae","Halictinae","Halictinae","Halictidae_diurnal","","","Paucartambo","Santa Isabel","Peru","","20221021",NA,NA,NA,NA,NA,"","","120",1200,18.67915608,"-13,03247 S","-71,52728 W","Paucartambo","","Kosnipata","open canopy, road",NA,NA,NA,NA,NA,"","","","","","","Halictidae_diurnal","","","",NA,"",9000,"Santa Isabel","netting",NA,NA,NA,NA,"Halictidae_diurnal","Halictidae_diurnal","A4_120_20221021_00472",FALSE,FALSE
"A4.120.20221021.00474_S70","16S_AW_Butterfly_Peru_bees","A4_120_20221021_00474","Bees",NA,"A4_bees_2","H10",5,"474","sample","Bees","","Andrea","Hymenoptera","Halictidae","Halictinae","Halictinae","Halictinae","Halictidae_diurnal","","","Paucartambo","Santa Isabel","Peru","","20221021",NA,NA,NA,NA,NA,"","","120",1200,18.67915608,"-13,03247 S","-71,52728 W","Paucartambo","","Kosnipata","open canopy, road",NA,NA,NA,NA,NA,"","","","","","","Halictidae_diurnal","","","",NA,"",9000,"Santa Isabel","netting",NA,NA,NA,NA,"Halictidae_diurnal","Halictidae_diurnal","A4_120_20221021_00474",FALSE,FALSE
"A4.120.20221021.00475_S71","16S_AW_Butterfly_Peru_bees","A4_120_20221021_00475","Bees",NA,"A4_bees_2","H11",5,"475","sample","Bees","","Andrea","Hymenoptera","Halictidae","Halictinae","Augochlorini","Neocorynura","Neocorynura","","","Paucartambo","Santa Isabel","Peru","","20221021",NA,NA,NA,NA,NA,"","","120",1200,18.67915608,"-13,03247 S","-71,52728 W","Paucartambo","","Kosnipata","open canopy, road",NA,NA,NA,NA,NA,"","","","","","","Halictidae_diurnal","","","",NA,"",9000,"Santa Isabel","netting","","","",NA,"Neocorynura","Neocorynura","A4_120_20221021_00475",FALSE,FALSE
"A4.120.20221021.00476_S72","16S_AW_Butterfly_Peru_bees","A4_120_20221021_00476","Bees",NA,"A4_bees_2","A1",6,"476","sample","Bees","","Andrea","Hymenoptera","Halictidae","Halictinae","Augochlorini","Neocorynura","Neocorynura","","","Paucartambo","Santa Isabel","Peru","","20221021",NA,NA,NA,NA,NA,"","","120",1200,18.67915608,"-13,03247 S","-71,52728 W","Paucartambo","","Kosnipata","open canopy, road",NA,NA,NA,NA,NA,"","","","","","","Halictidae_diurnal","","","",NA,"",9000,"Santa Isabel","netting","","","",NA,"Neocorynura","Neocorynura","A4_120_20221021_00476",FALSE,FALSE
"A4.120.20221021.00478_S75","16S_AW_Butterfly_Peru_bees","A4_120_20221021_00478","Bees",NA,"A4_bees_2","A3",6,"478","sample","Bees","","Andrea","Hymenoptera","Halictidae","Halictinae","Halictinae","Halictinae","Halictidae_diurnal","","","Paucartambo","Santa Isabel","Peru","","20221021",NA,NA,NA,NA,NA,"","","120",1200,18.67915608,"-13,03247 S","-71,52728 W","Paucartambo","","Kosnipata","open canopy, road",NA,NA,NA,NA,NA,"","","","","","","Halictidae_diurnal","","","",NA,"",9000,"Santa Isabel","netting",NA,NA,NA,NA,"Halictidae_diurnal","Halictidae_diurnal","A4_120_20221021_00478",FALSE,FALSE
"A4.120.20221021.00479_S76","16S_AW_Butterfly_Peru_bees","A4_120_20221021_00479","Bees",NA,"A4_bees_2","A4",6,"479","sample","Bees","","Andrea","Hymenoptera","Halictidae","Halictinae","Augochlorini","Neocorynura","Neocorynura","","","Paucartambo","Santa Isabel","Peru","","20221021",NA,NA,NA,NA,NA,"","","120",1200,18.67915608,"-13,03247 S","-71,52728 W","Paucartambo","","Kosnipata","open canopy, road",NA,NA,NA,NA,NA,"","","","","","","Halictidae_diurnal","","","",NA,"",9000,"Santa Isabel","netting","","","",NA,"Neocorynura","Neocorynura","A4_120_20221021_00479",FALSE,FALSE
"A4.120.20221021.00480_S77","16S_AW_Butterfly_Peru_bees","A4_120_20221021_00480","Bees",NA,"A4_bees_2","A5",6,"480","sample","Bees","","Andrea","Hymenoptera","Halictidae","Halictinae","Halictinae","Halictinae","Halictidae_diurnal","","","Paucartambo","Santa Isabel","Peru","","20221021",NA,NA,NA,NA,NA,"","","120",1200,18.67915608,"-13,03247 S","-71,52728 W","Paucartambo","","Kosnipata","open canopy, road",NA,NA,NA,NA,NA,"","","","","","","Halictidae_diurnal","","","",NA,"",9000,"Santa Isabel","netting",NA,NA,NA,NA,"Halictidae_diurnal","Halictidae_diurnal","A4_120_20221021_00480",FALSE,FALSE
"A4.120.20221021.00483_S79","16S_AW_Butterfly_Peru_bees","A4_120_20221021_00483","Bees",NA,"A4_bees_2","A8",6,"483","sample","Bees","","Andrea","Hymenoptera","Apidae","Apinae","Apini","Apis","Apis","","","Paucartambo","Santa Isabel","Peru","","20221021",NA,NA,NA,NA,NA,"","","120",1200,18.67915608,"-13,03247 S","-71,52728 W","Paucartambo","","Kosnipata","open canopy, road",NA,NA,NA,NA,NA,"","","","","","","Apis","","","",NA,"",9000,"Santa Isabel","netting","Apidae","Apis","Apis melifera","Apis","Apis melifera","Apis","A4_120_20221021_00483",FALSE,FALSE
"A4.120.20221021.00484_S80","16S_AW_Butterfly_Peru_bees","A4_120_20221021_00484","Bees",NA,"A4_bees_2","A9",6,"484","sample","Bees","","Andrea","Hymenoptera","Apidae","Apinae","Apini","Apis","Apis","","","Paucartambo","Santa Isabel","Peru","","20221021",NA,NA,NA,NA,NA,"","","120",1200,18.67915608,"-13,03247 S","-71,52728 W","Paucartambo","","Kosnipata","open canopy, road",NA,NA,NA,NA,NA,"","","","","","","Apis","","","",NA,"",9000,"Santa Isabel","netting","Apidae","Apis","Apis melifera","Apis","Apis melifera","Apis","A4_120_20221021_00484",FALSE,FALSE
"A4.120.20221021.00485_S81","16S_AW_Butterfly_Peru_bees","A4_120_20221021_00485","Bees",NA,"A4_bees_2","A10",6,"485","sample","Bees","","Andrea","Hymenoptera","Apidae","Apinae","Apini","Apis","Apis","melifera ligustica","","Paucartambo","Santa Isabel","Peru","","20221021",NA,NA,NA,NA,NA,"","","120",1200,18.67915608,"-13,03247 S","-71,52728 W","Paucartambo","","Kosnipata","open canopy, road",NA,NA,NA,NA,NA,"","","","","","","Apis","","","",NA,"",9000,"Santa Isabel","netting","Apidae","Apis","Apis melifera","Apis","Apis melifera","Apis","A4_120_20221021_00485",FALSE,FALSE
"A4.120.20221021.00486_S82","16S_AW_Butterfly_Peru_bees","A4_120_20221021_00486","Bees",NA,"A4_bees_2","A11",6,"486","sample","Bees","","Andrea","Hymenoptera","Apidae","Apinae","Apini","Apis","Apis","melifera ligustica","","Paucartambo","Santa Isabel","Peru","","20221021",NA,NA,NA,NA,NA,"","","120",1200,18.67915608,"-13,03247 S","-71,52728 W","Paucartambo","","Kosnipata","open canopy, road",NA,NA,NA,NA,NA,"","","","","","","Apis","","","",NA,"",9000,"Santa Isabel","netting","Apidae","Apis","Apis melifera","Apis","Apis melifera","Apis","A4_120_20221021_00486",FALSE,FALSE
"A4.120.20221021.00487_S83","16S_AW_Butterfly_Peru_bees","A4_120_20221021_00487","Bees",NA,"A4_bees_2","A12",6,"487","sample","Bees","","Andrea","Hymenoptera","Apidae","Apinae","Apini","Apis","Apis","melifera ligustica","","Paucartambo","Santa Isabel","Peru","","20221021",NA,NA,NA,NA,NA,"","","120",1200,18.67915608,"-13,03247 S","-71,52728 W","Paucartambo","","Kosnipata","open canopy, road",NA,NA,NA,NA,NA,"","","","","","","Apis","","","",NA,"",9000,"Santa Isabel","netting","Apidae","Apis","Apis melifera","Apis","Apis melifera","Apis","A4_120_20221021_00487",FALSE,FALSE
"A4.120.20221021.00488_S84","16S_AW_Butterfly_Peru_bees","A4_120_20221021_00488","Bees",NA,"A4_bees_2","B1",6,"488","sample","Bees","","Andrea","Hymenoptera","Apidae","Apinae","Apini","Apis","Apis","melifera ligustica","","Paucartambo","Santa Isabel","Peru","","20221021",NA,NA,NA,NA,NA,"","","120",1200,18.67915608,"-13,03247 S","-71,52728 W","Paucartambo","","Kosnipata","open canopy, road",NA,NA,NA,NA,NA,"","","","","","","Apis","","","",NA,"",9000,"Santa Isabel","netting","Apidae","Apis","Apis melifera","Apis","Apis melifera","Apis","A4_120_20221021_00488",FALSE,FALSE
"A4.120.20221021.00489_S85","16S_AW_Butterfly_Peru_bees","A4_120_20221021_00489","Bees",NA,"A4_bees_2","B2",6,"489","sample","Bees","","Andrea","Hymenoptera","Apidae","Apinae","Apini","Apis","Apis","melifera ligustica","","Paucartambo","Santa Isabel","Peru","","20221021",NA,NA,NA,NA,NA,"","","120",1200,18.67915608,"-13,03247 S","-71,52728 W","Paucartambo","","Kosnipata","open canopy, road",NA,NA,NA,NA,NA,"","","","","","","Apis","","","",NA,"",9000,"Santa Isabel","netting","Apidae","Apis","Apis melifera","Apis","Apis melifera","Apis","A4_120_20221021_00489",FALSE,FALSE
"A4.120.20221206.01437_S172","16S_AW_Butterfly_Peru_bees","A4_120_20221206_01437","Bees",NA,"A4_bees_4","A12",16,"1437","sample","Bees","","Andrea","Hymenoptera","Apidae","Apinae","Euglossini","Euglossa","Euglossa","","","Paucartambo","Santa Isabel","Peru","","20221206",NA,NA,NA,NA,NA,"","","120",1200,18.67915608,"-13,03247 S","-71,52728 W","Paucartambo","","Kosnipata","open canopy, road",NA,NA,NA,NA,NA,"","","","","","","Euglossini","","","",NA,"",1100,"Santa Isabel","netting","Apidae","Euglossa","Euglossa_ioprosopa","Euglossa","Euglossa","Euglossa","A4_120_20221206_01437",FALSE,FALSE
"A4.120.20221206.01438_S173","16S_AW_Butterfly_Peru_bees","A4_120_20221206_01438","Bees",NA,"A4_bees_4","B1",16,"1438","sample","Bees","","Andrea","Hymenoptera","Apidae","Apinae","Euglossini","Euglossa","Euglossa","","","Paucartambo","Santa Isabel","Peru","","20221206",NA,NA,NA,NA,NA,"","","120",1200,18.67915608,"-13,03247 S","-71,52728 W","Paucartambo","","Kosnipata","open canopy, road",NA,NA,NA,NA,NA,"","","","","","","Euglossini","","","",NA,"",1100,"Santa Isabel","netting","Apidae","Euglossa","Euglossa_analis","Euglossa","Euglossa","Euglossa","A4_120_20221206_01438",FALSE,FALSE
"A4.120.20221206.01439_S174","16S_AW_Butterfly_Peru_bees","A4_120_20221206_01439","Bees",NA,"A4_bees_4","B2",16,"1439","sample","Bees","","Andrea","Hymenoptera","Apidae","Apinae","Euglossini","Euglossa","Euglossa","","","Paucartambo","Santa Isabel","Peru","","20221206",NA,NA,NA,NA,NA,"","","120",1200,18.67915608,"-13,03247 S","-71,52728 W","Paucartambo","","Kosnipata","open canopy, road",NA,NA,NA,NA,NA,"","","","","","","Euglossini","","","",NA,"",1100,"Santa Isabel","netting","Apidae","Euglossa","Euglossa_analis","Euglossa","Euglossa","Euglossa","A4_120_20221206_01439",FALSE,FALSE
"A4.120.20221206.01440_S175","16S_AW_Butterfly_Peru_bees","A4_120_20221206_01440","Bees",NA,"A4_bees_4","B3",16,"1440","sample","Bees","","Andrea","Hymenoptera","Apidae","Apinae","Euglossini","Euglossa","Euglossa","","","Paucartambo","Santa Isabel","Peru","","20221206",NA,NA,NA,NA,NA,"","","120",1200,18.67915608,"-13,03247 S","-71,52728 W","Paucartambo","","Kosnipata","open canopy, road",NA,NA,NA,NA,NA,"","","","","","","Euglossini","","","",NA,"",1100,"Santa Isabel","netting","Apidae","Euglossa","Euglossa_ioprosopa","Euglossa","Euglossa","Euglossa","A4_120_20221206_01440",FALSE,FALSE
"A4.120.20221206.01441_S176","16S_AW_Butterfly_Peru_bees","A4_120_20221206_01441","Bees",NA,"A4_bees_4","B4",16,"1441","sample","Bees","","Andrea","Hymenoptera","Apidae","Apinae","Euglossini","Euglossa","Euglossa","","","Paucartambo","Santa Isabel","Peru","","20221206",NA,NA,NA,NA,NA,"","","120",1200,18.67915608,"-13,03247 S","-71,52728 W","Paucartambo","","Kosnipata","open canopy, road",NA,NA,NA,NA,NA,"","","","","","","Euglossini","","","",NA,"",1100,"Santa Isabel","netting","Apidae","Euglossa","Euglossa_ioprosopa","Euglossa","Euglossa","Euglossa","A4_120_20221206_01441",FALSE,FALSE
"A4.120.20221206.01442_S177","16S_AW_Butterfly_Peru_bees","A4_120_20221206_01442","Bees",NA,"A4_bees_4","B5",16,"1442","sample","Bees","","Andrea","Hymenoptera","Apidae","Apinae","Euglossini","Euglossa","Euglossa","","","Paucartambo","Santa Isabel","Peru","","20221206",NA,NA,NA,NA,NA,"","","120",1200,18.67915608,"-13,03247 S","-71,52728 W","Paucartambo","","Kosnipata","open canopy, road",NA,NA,NA,NA,NA,"","","","","","","Euglossini","","","",NA,"",1100,"Santa Isabel","netting","Apidae","Euglossa","Euglossa_ioprosopa","Euglossa","Euglossa","Euglossa","A4_120_20221206_01442",FALSE,FALSE
"A4.120.20221206.01443_S178","16S_AW_Butterfly_Peru_bees","A4_120_20221206_01443","Bees",NA,"A4_bees_4","B6",16,"1443","sample","Bees","","Andrea","Hymenoptera","Apidae","Apinae","Euglossini","Eulaema","Eulaema","bombiformis","","Paucartambo","Santa Isabel","Peru","","20221206",NA,NA,NA,NA,NA,"","","120",1200,18.67915608,"-13,03247 S","-71,52728 W","Paucartambo","","Kosnipata","open canopy, road",NA,NA,NA,NA,NA,"","","","","","","Euglossini","","","",NA,"",1100,"Santa Isabel","netting","Apidae","Eulaema","Eulaema_meriana","Eulaema","Eulaema","Eulaema","A4_120_20221206_01443",FALSE,FALSE
"A4.120.20221206.01444_S179","16S_AW_Butterfly_Peru_bees","A4_120_20221206_01444","Bees",NA,"A4_bees_4","B7",16,"1444","sample","Bees","","Andrea","Hymenoptera","Apidae","Apinae","Euglossini","Exaerete","Exaerete","","","Paucartambo","Santa Isabel","Peru","","20221206",NA,NA,NA,NA,NA,"","","120",1200,18.67915608,"-13,03247 S","-71,52728 W","Paucartambo","","Kosnipata","open canopy, road",NA,NA,NA,NA,NA,"","","","","","","Euglossini","","","",NA,"",1100,"Santa Isabel","netting","Apidae","Exaerete","Exaerete_smaragdina","Exaerete","Exaerete","Exaerete","A4_120_20221206_01444",FALSE,FALSE
"A4.120.20221206.01517_S67","16S_AW_Butterfly_Peru_bees","A4_120_20221206_01517","Bees",NA,"A4_bees_4","H8",16,"1517","sample","Bees","","Andrea","Hymenoptera","Apidae","Apinae","Meliponini","Scaptotrigona","Scaptotrigona","","","Paucartambo","Santa Isabel","Peru","","20221206",NA,NA,NA,NA,NA,"","","120",1200,18.67915608,"-13,03247 S","-71,52728 W","Paucartambo","","Kosnipata","open canopy, road",NA,NA,NA,NA,NA,"","","","","","","Meliponini","","","",NA,"",9000,"Santa Isabel","netting","Apidae","Scaptotrigona","Scaptotrigona_postica","Colletidae.Scaptotrigona","Scaptotrigona","Scaptotrigona","A4_120_20221206_01517",FALSE,FALSE
"A4.120.20221206.01518_S68","16S_AW_Butterfly_Peru_bees","A4_120_20221206_01518","Bees",NA,"A4_bees_4","H9",16,"1518","sample","Bees","","Andrea","Hymenoptera","Apidae","Apinae","Meliponini","Scaura","Scaura","","","Paucartambo","Santa Isabel","Peru","","20221206",NA,NA,NA,NA,NA,"","","120",1200,18.67915608,"-13,03247 S","-71,52728 W","Paucartambo","","Kosnipata","open canopy, road",NA,NA,NA,NA,NA,"","","","","","","Meliponini","","","",NA,"",9000,"Santa Isabel","netting","Apidae","Scaura","Scaura_atlantica","Colletidae.Scaura","Scaura atlantica","Scaura","A4_120_20221206_01518",FALSE,FALSE
"A4.120.20221206.01519_S69","16S_AW_Butterfly_Peru_bees","A4_120_20221206_01519","Bees",NA,"A4_bees_4","H10",16,"1519","sample","Bees","","Andrea","Hymenoptera","Apidae","Apinae","Meliponini","Scaura","Scaura","","","Paucartambo","Santa Isabel","Peru","","20221206",NA,NA,NA,NA,NA,"","","120",1200,18.67915608,"-13,03247 S","-71,52728 W","Paucartambo","","Kosnipata","open canopy, road",NA,NA,NA,NA,NA,"","","","","","","Meliponini","","","",NA,"",9000,"Santa Isabel","netting","Apidae","Scaura","Scaura_atlantica","Colletidae.Scaura","Scaura atlantica","Scaura","A4_120_20221206_01519",FALSE,FALSE
"A4.120.20221206.01520_S70","16S_AW_Butterfly_Peru_bees","A4_120_20221206_01520","Bees",NA,"A4_bees_4","H11",16,"1520","sample","Bees","","Andrea","Hymenoptera","Apidae","Apinae","Apini","Apis","Apis","","","Paucartambo","Santa Isabel","Peru","","20221206",NA,NA,NA,NA,NA,"","","120",1200,18.67915608,"-13,03247 S","-71,52728 W","Paucartambo","","Kosnipata","open canopy, road",NA,NA,NA,NA,NA,"","","","","","","Apis","","","",NA,"",9000,"Santa Isabel","netting","Apidae","Apis","Apis melifera","Apis","Apis melifera","Apis","A4_120_20221206_01520",FALSE,FALSE
"A4.120.20221206.01521_S71","16S_AW_Butterfly_Peru_bees","A4_120_20221206_01521","Bees",NA,"A4_bees_5","A1",17,"1521","sample","Bees","","Andrea","Hymenoptera","Apidae","Apinae","Apini","Apis","Apis","","","Paucartambo","Santa Isabel","Peru","","20221206",NA,NA,NA,NA,NA,"","","120",1200,18.67915608,"-13,03247 S","-71,52728 W","Paucartambo","","Kosnipata","open canopy, road",NA,NA,NA,NA,NA,"","","","","","","Apis","","","",NA,"",9000,"Santa Isabel","netting","Apidae","Apis","Apis melifera","Apis","Apis melifera","Apis","A4_120_20221206_01521",FALSE,FALSE
"A4.143.20221020.00416_S38","16S_AW_Butterfly_Peru_bees","A4_143_20221020_00416","Bees",NA,"A4_bees_2","C12",5,"416","sample","Bees","","Andrea","Hymenoptera","Apidae","Apinae","Apini","Apis","Apis ","","","Paucartambo","San Pedro","Peru","","20221020",NA,NA,NA,NA,NA,"","","143",1430,17.3042435,"-13.06063 S","-71.5519 W","Paucartambo","","Kosnipata","open canopy, road, river nerby ",NA,NA,NA,NA,NA,"","","","","","","Apis","","","",NA,"",9000,"San Pedro","netting","Apidae","Apis","Apis melifera","Apis","Apis melifera","Apis ","A4_143_20221020_00416",FALSE,FALSE
"A4.143.20221020.00417_S39","16S_AW_Butterfly_Peru_bees","A4_143_20221020_00417","Bees",NA,"A4_bees_2","D1",5,"417","sample","Bees","","Andrea","Hymenoptera","Apidae","Apinae","Meliponini","Partamona","Partamona","","","Paucartambo","San Pedro","Peru","","20221020",NA,NA,NA,NA,NA,"","","143",1430,17.3042435,"-13.06063 S","-71.5519 W","Paucartambo","","Kosnipata","open canopy, road, river nerby ",NA,NA,NA,NA,NA,"","","","","","","Meliponini","","","",NA,"",9000,"San Pedro","netting","Apidae","Partamona","Partamona_bilineata","Partamona","Partamona","Partamona","A4_143_20221020_00417",FALSE,FALSE
"A4.143.20221020.00418_S40","16S_AW_Butterfly_Peru_bees","A4_143_20221020_00418","Bees",NA,"A4_bees_2","D2",5,"418","sample","Bees","","Andrea","Hymenoptera","Apidae","Apinae","Meliponini","Scaptotrigona","Scaptotrigona","","","Paucartambo","San Pedro","Peru","","20221020",NA,NA,NA,NA,NA,"","","143",1430,17.3042435,"-13.06063 S","-71.5519 W","Paucartambo","","Kosnipata","open canopy, road, river nerby ",NA,NA,NA,NA,NA,"","","","","","","Meliponini","","","",NA,"",9000,"San Pedro","netting","Apidae","Scaptotrigona","Scaptotrigona_mexicana","Scaptotrigona","Scaptotrigona","Scaptotrigona","A4_143_20221020_00418",FALSE,FALSE
"A4.143.20221020.00540_S120","16S_AW_Butterfly_Peru_bees","A4_143_20221020_00540","Bees",NA,"A4_bees_2","F5",6,"540","sample","Bees","","Andrea","Hymenoptera","Apidae","Apinae","Meliponini","Trigona","Trigona","","","Paucartambo","San Pedro","Peru","","20221020",NA,NA,NA,NA,NA,"","","143",1430,17.3042435,"-13.06063 S","-71.5519 W","Paucartambo","","Kosnipata","open canopy, road, river nerby ",NA,NA,NA,NA,NA,"","","","","","","Meliponini","","","",NA,"",9000,"San Pedro","netting","Apidae","Trigona","","Trigona","Trigona","Trigona","A4_143_20221020_00540",FALSE,FALSE
"A4.143.20221020.00541_S121","16S_AW_Butterfly_Peru_bees","A4_143_20221020_00541","Bees",NA,"A4_bees_2","F6",6,"541","sample","Bees","","Andrea","Hymenoptera","Apidae","Apinae","Meliponini","Trigona","Trigona","","","Paucartambo","San Pedro","Peru","","20221020",NA,NA,NA,NA,NA,"","","143",1430,17.3042435,"-13.06063 S","-71.5519 W","Paucartambo","","Kosnipata","open canopy, road, river nerby ",NA,NA,NA,NA,NA,"","","","","","","Meliponini","","","",NA,"",9000,"San Pedro","netting","Apidae","Trigona","","Trigona","Trigona","Trigona","A4_143_20221020_00541",FALSE,FALSE
"A4.143.20221020.00542_S122","16S_AW_Butterfly_Peru_bees","A4_143_20221020_00542","Bees",NA,"A4_bees_2","F7",6,"542","sample","Bees","","Andrea","Hymenoptera","Apidae","Apinae","Meliponini","Partamona","Partamona","","","Paucartambo","San Pedro","Peru","","20221020",NA,NA,NA,NA,NA,"","","143",1430,17.3042435,"-13.06063 S","-71.5519 W","Paucartambo","","Kosnipata","open canopy, road, river nerby ",NA,NA,NA,NA,NA,"","","","","","","Meliponini","","","",NA,"",9000,"San Pedro","netting","Apidae","Partamona","Partamona_bilineata","Partamona","Partamona","Partamona","A4_143_20221020_00542",FALSE,FALSE
"A4.143.20221020.00543_S123","16S_AW_Butterfly_Peru_bees","A4_143_20221020_00543","Bees",NA,"A4_bees_2","F8",6,"543","sample","Bees","","Andrea","Hymenoptera","Apidae","Apinae","Meliponini","Meliponini","Meliponini","","","Paucartambo","San Pedro","Peru","","20221020",NA,NA,NA,NA,NA,"","","143",1430,17.3042435,"-13.06063 S","-71.5519 W","Paucartambo","","Kosnipata","open canopy, road, river nerby ",NA,NA,NA,NA,NA,"","","","","","","Meliponini","","","",NA,"",9000,"San Pedro","netting",NA,NA,NA,NA,"Meliponini","Meliponini","A4_143_20221020_00543",FALSE,FALSE
"A4.143.20221020.00544_S124","16S_AW_Butterfly_Peru_bees","A4_143_20221020_00544","Bees",NA,"A4_bees_2","F9",6,"544","sample","Bees","","Andrea","Hymenoptera","Apidae","Apinae","Meliponini","Trigona","Trigona","","","Paucartambo","San Pedro","Peru","","20221020",NA,NA,NA,NA,NA,"","","143",1430,17.3042435,"-13.06063 S","-71.5519 W","Paucartambo","","Kosnipata","open canopy, road, river nerby ",NA,NA,NA,NA,NA,"","","","","","","Meliponini","","","",NA,"",9000,"San Pedro","netting","Apidae","Trigona","","Trigona","Trigona","Trigona","A4_143_20221020_00544",FALSE,FALSE
"A4.143.20221020.00551_S132","16S_AW_Butterfly_Peru_bees","A4_143_20221020_00551","Bees",NA,"A4_bees_2","G4",6,"551","sample","Bees","","Andrea","Hymenoptera","Halictidae","Halictinae","Halictinae","Halictinae","Halictidae_diurnal","","","Paucartambo","San Pedro","Peru","","20221020",NA,NA,NA,NA,NA,"","","143",1430,17.3042435,"-13.06063 S","-71.5519 W","Paucartambo","","Kosnipata","open canopy, road, river nerby ",NA,NA,NA,NA,NA,"","","","","","","Halictidae_diurnal","","","",NA,"",9000,"San Pedro","netting",NA,NA,NA,NA,"Halictidae_diurnal","Halictidae_diurnal","A4_143_20221020_00551",FALSE,FALSE
"A4.143.20221020.00555_S136","16S_AW_Butterfly_Peru_bees","A4_143_20221020_00555","Bees",NA,"A4_bees_2","G8",6,"555","sample","Bees","","Andrea","Hymenoptera","Halictidae","Halictinae","Augochlorini","Augochloropsis","Augochloropsis","","","Paucartambo","San Pedro","Peru","","20221020",NA,NA,NA,NA,NA,"","","143",1430,17.3042435,"-13.06063 S","-71.5519 W","Paucartambo","","Kosnipata","open canopy, road, river nerby ",NA,NA,NA,NA,NA,"","","","","","","Halictidae_diurnal","","","",NA,"",9000,"San Pedro","netting","","","",NA,"Augochloropsis","Augochloropsis","A4_143_20221020_00555",FALSE,FALSE
"A4.143.20221020.00556_S137","16S_AW_Butterfly_Peru_bees","A4_143_20221020_00556","Bees",NA,"A4_bees_2","G9",6,"556","sample","Bees","","Andrea","Hymenoptera","Halictidae","Halictinae","Halictinae","Halictinae","Halictidae_diurnal","","","Paucartambo","San Pedro","Peru","","20221020",NA,NA,NA,NA,NA,"","","143",1430,17.3042435,"-13.06063 S","-71.5519 W","Paucartambo","","Kosnipata","open canopy, road, river nerby ",NA,NA,NA,NA,NA,"","","","","","","Halictidae_diurnal","","","",NA,"",9000,"San Pedro","netting",NA,NA,NA,NA,"Halictidae_diurnal","Halictidae_diurnal","A4_143_20221020_00556",FALSE,FALSE
"A4.143.20221020.00557_S138","16S_AW_Butterfly_Peru_bees","A4_143_20221020_00557","Bees",NA,"A4_bees_2","G10",6,"557","sample","Bees","","Andrea","Hymenoptera","Halictidae","Halictinae","Augochlorini","Augochloropsis","Augochloropsis","","","Paucartambo","San Pedro","Peru","","20221020",NA,NA,NA,NA,NA,"","","143",1430,17.3042435,"-13.06063 S","-71.5519 W","Paucartambo","","Kosnipata","open canopy, road, river nerby ",NA,NA,NA,NA,NA,"","","","","","","Halictidae_diurnal","","","",NA,"",9000,"San Pedro","netting","Halictidae","Augochloropsis","","Augochloropsis","Augochloropsis","Augochloropsis","A4_143_20221020_00557",FALSE,FALSE
"A4.143.20221020.00558_S140","16S_AW_Butterfly_Peru_bees","A4_143_20221020_00558","Bees",NA,"A4_bees_2","G11",6,"558","sample","Bees","","Andrea","Hymenoptera","Halictidae","Halictinae","Augochlorini","Neocorynura","Neocorynura","","","Paucartambo","San Pedro","Peru","","20221020",NA,NA,NA,NA,NA,"","","143",1430,17.3042435,"-13.06063 S","-71.5519 W","Paucartambo","","Kosnipata","open canopy, road, river nerby ",NA,NA,NA,NA,NA,"","","","","","","Halictidae_diurnal","","","",NA,"",9000,"San Pedro","netting","","","",NA,"Neocorynura","Neocorynura","A4_143_20221020_00558",FALSE,FALSE
"A4.143.20221020.00560_S142","16S_AW_Butterfly_Peru_bees","A4_143_20221020_00560","Bees",NA,"A4_bees_2","H1",6,"560","sample","Bees","","Andrea","Hymenoptera","Halictidae","Halictinae","Augochlorini","Neocorynura","Neocorynura","","","Paucartambo","San Pedro","Peru","","20221020",NA,NA,NA,NA,NA,"","","143",1430,17.3042435,"-13.06063 S","-71.5519 W","Paucartambo","","Kosnipata","open canopy, road, river nerby ",NA,NA,NA,NA,NA,"","","","","","","Halictidae_diurnal","","","",NA,"",9000,"San Pedro","netting","","","",NA,"Neocorynura","Neocorynura","A4_143_20221020_00560",FALSE,FALSE
"A4.151.20221021.00490_S86","16S_AW_Butterfly_Peru_bees","A4_151_20221021_00490","Bees",NA,"A4_bees_2","B3",6,"490","sample","Bees","","Andrea","Hymenoptera","Halictidae","Halictinae","Halictinae","Halictinae","Halictidae_diurnal","","","Paucartambo","San Pedro","Peru","","20221021",NA,NA,NA,NA,NA,"","","151",1510,17.76022803,"-13.04915 S","-71.53677 W","Paucartambo","","Kosnipata","Steep, Foggy forest, low but mostly closed canopy",NA,NA,NA,NA,NA,"","","","","","","Halictidae_diurnal","","","",NA,"",1000,"San Pedro","netting",NA,NA,NA,NA,"Halictidae_diurnal","Halictidae_diurnal","A4_151_20221021_00490",FALSE,FALSE
"A4.151.20221021.00491_S87","16S_AW_Butterfly_Peru_bees","A4_151_20221021_00491","Bees",NA,"A4_bees_2","B4",6,"491","sample","Bees","","Andrea","Hymenoptera","Apidae","Apinae","Meliponini","Trigona","Trigona","","","Paucartambo","San Pedro","Peru","","20221021",NA,NA,NA,NA,NA,"","","151",1510,17.76022803,"-13.04915 S","-71.53677 W","Paucartambo","","Kosnipata","Steep, Foggy forest, low but mostly closed canopy",NA,NA,NA,NA,NA,"","","","","","","Meliponini","","","",NA,"",1000,"San Pedro","netting","Apidae","Trigona","","Trigona","Trigona","Trigona","A4_151_20221021_00491",FALSE,FALSE
"A4.151.20221021.00492_S88","16S_AW_Butterfly_Peru_bees","A4_151_20221021_00492","Bees",NA,"A4_bees_2","B5",6,"492","sample","Bees","","Andrea","Hymenoptera","Apidae","Apinae","Meliponini","Trigona","Trigona","","","Paucartambo","San Pedro","Peru","","20221021",NA,NA,NA,NA,NA,"","","151",1510,17.76022803,"-13.04915 S","-71.53677 W","Paucartambo","","Kosnipata","Steep, Foggy forest, low but mostly closed canopy",NA,NA,NA,NA,NA,"","","","","","","Meliponini","","","",NA,"",1000,"San Pedro","netting","Apidae","Trigona","","Trigona","Trigona","Trigona","A4_151_20221021_00492",FALSE,FALSE
"A4.151.20221021.00493_S89","16S_AW_Butterfly_Peru_bees","A4_151_20221021_00493","Bees",NA,"A4_bees_2","B6",6,"493","sample","Bees","","Andrea","Hymenoptera","Apidae","Apinae","Meliponini","Trigona","Trigona","","","Paucartambo","San Pedro","Peru","","20221021",NA,NA,NA,NA,NA,"","","151",1510,17.76022803,"-13.04915 S","-71.53677 W","Paucartambo","","Kosnipata","Steep, Foggy forest, low but mostly closed canopy",NA,NA,NA,NA,NA,"","","","","","","Meliponini","","","",NA,"",1000,"San Pedro","netting","Apidae","Trigona","","Trigona","Trigona","Trigona","A4_151_20221021_00493",FALSE,FALSE
"A4.151.20221021.00494_S90","16S_AW_Butterfly_Peru_bees","A4_151_20221021_00494","Bees",NA,"A4_bees_2","B7",6,"494","sample","Bees","","Andrea","Hymenoptera","Apidae","Apinae","Meliponini","Trigona","Trigona","","","Paucartambo","San Pedro","Peru","","20221021",NA,NA,NA,NA,NA,"","","151",1510,17.76022803,"-13.04915 S","-71.53677 W","Paucartambo","","Kosnipata","Steep, Foggy forest, low but mostly closed canopy",NA,NA,NA,NA,NA,"","","","","","","Meliponini","","","",NA,"",1000,"San Pedro","netting","Apidae","Trigona","","Trigona","Trigona","Trigona","A4_151_20221021_00494",FALSE,FALSE
"A4.151.20221021.00495_S91","16S_AW_Butterfly_Peru_bees","A4_151_20221021_00495","Bees",NA,"A4_bees_2","B8",6,"495","sample","Bees","","Andrea","Hymenoptera","Apidae","Apinae","Meliponini","Partamona","Partamona","","","Paucartambo","San Pedro","Peru","","20221021",NA,NA,NA,NA,NA,"","","151",1510,17.76022803,"-13.04915 S","-71.53677 W","Paucartambo","","Kosnipata","Steep, Foggy forest, low but mostly closed canopy",NA,NA,NA,NA,NA,"","","","","","","Meliponini","","","",NA,"",1000,"San Pedro","netting","Apidae","Partamona","Partamona_bilineata",NA,"Partamona","Partamona","A4_151_20221021_00495",FALSE,FALSE
"A4.151.20221021.00496_S92","16S_AW_Butterfly_Peru_bees","A4_151_20221021_00496","Bees",NA,"A4_bees_2","B9",6,"496","sample","Bees","","Andrea","Hymenoptera","Apidae","Apinae","Apini","Apis","Scaura","","","Paucartambo","San Pedro","Peru","","20221021",NA,NA,NA,NA,NA,"","","151",1510,17.76022803,"-13.04915 S","-71.53677 W","Paucartambo","","Kosnipata","Steep, Foggy forest, low but mostly closed canopy",NA,NA,NA,NA,NA,"","","","","","","Meliponini","","","",NA,"",1000,"San Pedro","netting","Apidae","Scaura","Scaura atlantica","Apis.Scaura","Scaura atlantica","Scaura","A4_151_20221021_00496",FALSE,FALSE
"A4.151.20221021.00497_S93","16S_AW_Butterfly_Peru_bees","A4_151_20221021_00497","Bees",NA,"A4_bees_2","B10",6,"497","sample","Bees","","Andrea","Hymenoptera","Apidae","Apinae","Apini","Apis","Scaura","","","Paucartambo","San Pedro","Peru","","20221021",NA,NA,NA,NA,NA,"","","151",1510,17.76022803,"-13.04915 S","-71.53677 W","Paucartambo","","Kosnipata","Steep, Foggy forest, low but mostly closed canopy",NA,NA,NA,NA,NA,"","","","","","","Meliponini","","","",NA,"",1000,"San Pedro","netting","Apidae","Scaura","Scaura atlantica","Apis.Scaura","Scaura atlantica","Scaura","A4_151_20221021_00497",FALSE,FALSE
"A4.151.20221021.00547_S128","16S_AW_Butterfly_Peru_bees","A4_151_20221021_00547","Bees",NA,"A4_bees_2","F12",6,"547","sample","Bees","","Andrea","Hymenoptera","Halictidae","Halictinae","Augochlorini","Neocorynura","Neocorynura","","","Paucartambo","San Pedro","Peru","","20221021",NA,NA,NA,NA,NA,"","","151",1510,17.76022803,"-13.04915 S","-71.53677 W","Paucartambo","","Kosnipata","Steep, Foggy forest, low but mostly closed canopy",NA,NA,NA,NA,NA,"","","","","","","Halictidae_diurnal","","","",NA,"",1000,"San Pedro","netting","","","",NA,"Neocorynura","Neocorynura","A4_151_20221021_00547",FALSE,FALSE
"A4.151.20221204.01372_S104","16S_AW_Butterfly_Peru_bees","A4_151_20221204_01372","Bees",NA,"A4_bees_4","D6",15,"1372","sample","Bees","","Andrea","Hymenoptera","Apidae","Apinae","Euglossini","Euglossa","Euglossa","","","Paucartambo","San Pedro","Peru","","20221204",NA,NA,NA,NA,NA,"","","151",1510,17.76022803,"-13.04915 S","-71.53677 W","Paucartambo","","Kosnipata","Steep, Foggy forest, low but mostly closed canopy",NA,NA,NA,NA,NA,"","","","","","","Euglossini","","","",NA,"",9000,"San Pedro","netting","Apidae","Euglossa","Euglossa_cyanura","Euglossa","Euglossa","Euglossa","A4_151_20221204_01372",FALSE,FALSE
"A4.151.20221204.01373_S105","16S_AW_Butterfly_Peru_bees","A4_151_20221204_01373","Bees",NA,"A4_bees_4","D7",15,"1373","sample","Bees","","Andrea","Hymenoptera","Apidae","Apinae","Euglossini","Euglossa","Euglossa","","","Paucartambo","San Pedro","Peru","","20221204",NA,NA,NA,NA,NA,"","","151",1510,17.76022803,"-13.04915 S","-71.53677 W","Paucartambo","","Kosnipata","Steep, Foggy forest, low but mostly closed canopy",NA,NA,NA,NA,NA,"","","","","","","Euglossini","","","",NA,"",9000,"San Pedro","netting","Apidae","Euglossa","Euglossa_analis","Euglossa","Euglossa","Euglossa","A4_151_20221204_01373",FALSE,FALSE
"A4.151.20221204.01374_S106","16S_AW_Butterfly_Peru_bees","A4_151_20221204_01374","Bees",NA,"A4_bees_4","D8",15,"1374","sample","Bees","","Andrea","Hymenoptera","Apidae","Apinae","Euglossini","Euglossa","Euglossa","","","Paucartambo","San Pedro","Peru","","20221204",NA,NA,NA,NA,NA,"","","151",1510,17.76022803,"-13.04915 S","-71.53677 W","Paucartambo","","Kosnipata","Steep, Foggy forest, low but mostly closed canopy",NA,NA,NA,NA,NA,"","","","","","","Euglossini","","","",NA,"",9000,"San Pedro","netting","Apidae","Euglossa","Euglossa_analis","Euglossa","Euglossa","Euglossa","A4_151_20221204_01374",FALSE,FALSE
"A4.151.20221204.01375_S107","16S_AW_Butterfly_Peru_bees","A4_151_20221204_01375","Bees",NA,"A4_bees_4","D9",15,"1375","sample","Bees","","Andrea","Hymenoptera","Apidae","Apinae","Euglossini","Euglossa","Euglossa","","","Paucartambo","San Pedro","Peru","","20221204",NA,NA,NA,NA,NA,"","","151",1510,17.76022803,"-13.04915 S","-71.53677 W","Paucartambo","","Kosnipata","Steep, Foggy forest, low but mostly closed canopy",NA,NA,NA,NA,NA,"","","","","","","Euglossini","","","",NA,"",9000,"San Pedro","netting","Apidae","Euglossa","Euglossa_variabilis","Euglossa","Euglossa","Euglossa","A4_151_20221204_01375",FALSE,FALSE
"A4.151.20221204.01377_S109","16S_AW_Butterfly_Peru_bees","A4_151_20221204_01377","Bees",NA,"A4_bees_4","D11",15,"1377","sample","Bees","","Andrea","Hymenoptera","Apidae","Apinae","Euglossini","Euglossa","Euglossa","","","Paucartambo","San Pedro","Peru","","20221204",NA,NA,NA,NA,NA,"","","151",1510,17.76022803,"-13.04915 S","-71.53677 W","Paucartambo","","Kosnipata","Steep, Foggy forest, low but mostly closed canopy",NA,NA,NA,NA,NA,"","","","","","","Euglossini","","","",NA,"",9000,"San Pedro","netting","Apidae","Euglossa","Euglossa_variabilis","Euglossa","Euglossa","Euglossa","A4_151_20221204_01377",FALSE,FALSE
"A4.151.20221204.01378_S110","16S_AW_Butterfly_Peru_bees","A4_151_20221204_01378","Bees",NA,"A4_bees_4","D12",15,"1378","sample","Bees","","Andrea","Hymenoptera","Apidae","Apinae","Euglossini","Euglossa","Euglossa","","","Paucartambo","San Pedro","Peru","","20221204",NA,NA,NA,NA,NA,"","","151",1510,17.76022803,"-13.04915 S","-71.53677 W","Paucartambo","","Kosnipata","Steep, Foggy forest, low but mostly closed canopy",NA,NA,NA,NA,NA,"","","","","","","Euglossini","","","",NA,"",9000,"San Pedro","netting","Apidae","Euglossa","Euglossa_variabilis","Euglossa","Euglossa","Euglossa","A4_151_20221204_01378",FALSE,FALSE
"A4.151.20221204.01379_S111","16S_AW_Butterfly_Peru_bees","A4_151_20221204_01379","Bees",NA,"A4_bees_4","E1",15,"1379","sample","Bees","","Andrea","Hymenoptera","Apidae","Apinae","Euglossini","Euglossa","Euglossa","","","Paucartambo","San Pedro","Peru","","20221204",NA,NA,NA,NA,NA,"","","151",1510,17.76022803,"-13.04915 S","-71.53677 W","Paucartambo","","Kosnipata","Steep, Foggy forest, low but mostly closed canopy",NA,NA,NA,NA,NA,"","","","","","","Euglossini","","","",NA,"",9000,"San Pedro","netting","Apidae","Euglossa","Euglossa_variabilis","Euglossa","Euglossa","Euglossa","A4_151_20221204_01379",FALSE,FALSE
"A4.175.20221204.01359_S377","16S_AW_Butterfly_Peru_bees","A4_175_20221204_01359","Bees",NA,"A4_bees_4","C5",15,"1359","sample","Bees","","Andrea","Hymenoptera","Apidae","Apinae","Euglossini","Exaerete","Exaerete","","","Paucartambo","San Pedro","Peru","","20221204",NA,NA,NA,NA,NA,"","","175",1750,16.43789799,"-13.04732 S","-71.54227 W","Paucartambo","","Kosnipata","Steep, forest, low but mostly closed canopy",NA,NA,NA,NA,NA,"","","","","","","Euglossini","","","",NA,"",1000,"San Pedro","netting","Apidae","Exaerete","Exaerete_smaragdina","Exaerete","Exaerete","Exaerete","A4_175_20221204_01359",FALSE,FALSE
"A4.175.20221204.01360_S378","16S_AW_Butterfly_Peru_bees","A4_175_20221204_01360","Bees",NA,"A4_bees_4","C6",15,"1360","sample","Bees","","Andrea","Hymenoptera","Apidae","Apinae","Euglossini","Euglossa","Euglossa","","","Paucartambo","San Pedro","Peru","","20221204",NA,NA,NA,NA,NA,"","","175",1750,16.43789799,"-13.04732 S","-71.54227 W","Paucartambo","","Kosnipata","Steep, forest, low but mostly closed canopy",NA,NA,NA,NA,NA,"","","","","","","Euglossini","","","",NA,"",1000,"San Pedro","netting","Apidae","Euglossa","Euglossa_variabilis","Euglossa","Euglossa","Euglossa","A4_175_20221204_01360",FALSE,FALSE
"A4.175.20221204.01361_S379","16S_AW_Butterfly_Peru_bees","A4_175_20221204_01361","Bees",NA,"A4_bees_4","C7",15,"1361","sample","Bees","","Andrea","Hymenoptera","Apidae","Apinae","Meliponini","Trigona","Trigona","","","Paucartambo","San Pedro","Peru","","20221204",NA,NA,NA,NA,NA,"","","175",1750,16.43789799,"-13.04732 S","-71.54227 W","Paucartambo","","Kosnipata","Steep, forest, low but mostly closed canopy",NA,NA,NA,NA,NA,"","","","","","","Meliponini","","","",NA,"",1000,"San Pedro","netting","Apidae","","",NA,"Trigona","Trigona","A4_175_20221204_01361",FALSE,FALSE
"A4.175.20221204.01362_S380","16S_AW_Butterfly_Peru_bees","A4_175_20221204_01362","Bees",NA,"A4_bees_4","C8",15,"1362","sample","Bees","","Andrea","Hymenoptera","Halictidae","Halictinae","Augochlorini","Augochloropsis","Augochloropsis","","","Paucartambo","San Pedro","Peru","","20221204",NA,NA,NA,NA,NA,"","","175",1750,16.43789799,"-13.04732 S","-71.54227 W","Paucartambo","","Kosnipata","Steep, forest, low but mostly closed canopy",NA,NA,NA,NA,NA,"","","","","","","Halictidae_diurnal","","","",NA,"",1000,"San Pedro","netting","","","",NA,"Augochloropsis","Augochloropsis","A4_175_20221204_01362",FALSE,FALSE
"A4.175.20221204.01380_S112","16S_AW_Butterfly_Peru_bees","A4_175_20221204_01380","Bees",NA,"A4_bees_4","E2",15,"1380","sample","Bees","","Andrea","Hymenoptera","Apidae","Apinae","Euglossini","Euglossa","Euglossa","","","Paucartambo","San Pedro","Peru","","20221204",NA,NA,NA,NA,NA,"","","175",1750,16.43789799,"-13.04732 S","-71.54227 W","Paucartambo","","Kosnipata","Steep, forest, low but mostly closed canopy",NA,NA,NA,NA,NA,"","","","","","","Euglossini","","","",NA,"",1100,"San Pedro","netting","Apidae","Euglossa","Euglossa_dressleri","Euglossa","Euglossa","Euglossa","A4_175_20221204_01380",FALSE,FALSE
"A4.175.20221204.01381_S113","16S_AW_Butterfly_Peru_bees","A4_175_20221204_01381","Bees",NA,"A4_bees_4","E3",15,"1381","sample","Bees","","Andrea","Hymenoptera","Apidae","Apinae","Euglossini","Euglossa","Euglossa","","","Paucartambo","San Pedro","Peru","","20221204",NA,NA,NA,NA,NA,"","","175",1750,16.43789799,"-13.04732 S","-71.54227 W","Paucartambo","","Kosnipata","Steep, forest, low but mostly closed canopy",NA,NA,NA,NA,NA,"","","","","","","Euglossini","","","",NA,"",1100,"San Pedro","netting","Apidae","Euglossa","Euglossa_dressleri","Euglossa","Euglossa","Euglossa","A4_175_20221204_01381",FALSE,FALSE
"A4.175.20221204.01382_S114","16S_AW_Butterfly_Peru_bees","A4_175_20221204_01382","Bees",NA,"A4_bees_4","E4",15,"1382","sample","Bees","","Andrea","Hymenoptera","Apidae","Apinae","Euglossini","Euglossa","Euglossa","","","Paucartambo","San Pedro","Peru","","20221204",NA,NA,NA,NA,NA,"","","175",1750,16.43789799,"-13.04732 S","-71.54227 W","Paucartambo","","Kosnipata","Steep, forest, low but mostly closed canopy",NA,NA,NA,NA,NA,"","","","","","","Euglossini","","","",NA,"",1100,"San Pedro","netting","Apidae","Euglossa","Euglossa_dressleri","Euglossa","Euglossa","Euglossa","A4_175_20221204_01382",FALSE,FALSE
"A4.175.20221204.01383_S115","16S_AW_Butterfly_Peru_bees","A4_175_20221204_01383","Bees",NA,"A4_bees_4","E5",15,"1383","sample","Bees","","Andrea","Hymenoptera","Apidae","Apinae","Euglossini","Euglossa","Euglossa","","","Paucartambo","San Pedro","Peru","","20221204",NA,NA,NA,NA,NA,"","","175",1750,16.43789799,"-13.04732 S","-71.54227 W","Paucartambo","","Kosnipata","Steep, forest, low but mostly closed canopy",NA,NA,NA,NA,NA,"","","","","","","Euglossini","","","",NA,"",1100,"San Pedro","netting","Apidae","Euglossa","Euglossa_ioprosopa","Euglossa","Euglossa","Euglossa","A4_175_20221204_01383",FALSE,FALSE
"A4.175.20221204.01384_S116","16S_AW_Butterfly_Peru_bees","A4_175_20221204_01384","Bees",NA,"A4_bees_4","E6",15,"1384","sample","Bees","","Andrea","Hymenoptera","Apidae","Apinae","Euglossini","Euglossa","Euglossa","","","Paucartambo","San Pedro","Peru","","20221204",NA,NA,NA,NA,NA,"","","175",1750,16.43789799,"-13.04732 S","-71.54227 W","Paucartambo","","Kosnipata","Steep, forest, low but mostly closed canopy",NA,NA,NA,NA,NA,"","","","","","","Euglossini","","","",NA,"",1100,"San Pedro","netting","Apidae","Euglossa","Euglossa_ioprosopa","Euglossa","Euglossa","Euglossa","A4_175_20221204_01384",FALSE,FALSE
"A4.175.20221204.01385_S117","16S_AW_Butterfly_Peru_bees","A4_175_20221204_01385","Bees",NA,"A4_bees_4","E7",15,"1385","sample","Bees","","Andrea","Hymenoptera","Apidae","Apinae","Euglossini","Euglossa","Euglossa","","","Paucartambo","San Pedro","Peru","","20221204",NA,NA,NA,NA,NA,"","","175",1750,16.43789799,"-13.04732 S","-71.54227 W","Paucartambo","","Kosnipata","Steep, forest, low but mostly closed canopy",NA,NA,NA,NA,NA,"","","","","","","Euglossini","","","",NA,"",1100,"San Pedro","netting","Apidae","Euglossa","Euglossa_townsendi","Euglossa","Euglossa","Euglossa","A4_175_20221204_01385",FALSE,FALSE
"A4.175.20221204.01386_S119","16S_AW_Butterfly_Peru_bees","A4_175_20221204_01386","Bees",NA,"A4_bees_4","E8",15,"1386","sample","Bees","","Andrea","Hymenoptera","Apidae","Apinae","Euglossini","Euglossa","Euglossa","","","Paucartambo","San Pedro","Peru","","20221204",NA,NA,NA,NA,NA,"","","175",1750,16.43789799,"-13.04732 S","-71.54227 W","Paucartambo","","Kosnipata","Steep, forest, low but mostly closed canopy",NA,NA,NA,NA,NA,"","","","","","","Euglossini","","","",NA,"",1100,"San Pedro","netting","Apidae","Euglossa","Euglossa_analis","Euglossa","Euglossa","Euglossa","A4_175_20221204_01386",FALSE,FALSE
"A4.175.20221204.01387_S120","16S_AW_Butterfly_Peru_bees","A4_175_20221204_01387","Bees",NA,"A4_bees_4","E9",15,"1387","sample","Bees","","Andrea","Hymenoptera","Apidae","Apinae","Euglossini","Euglossa","Euglossa","","","Paucartambo","San Pedro","Peru","","20221204",NA,NA,NA,NA,NA,"","","175",1750,16.43789799,"-13.04732 S","-71.54227 W","Paucartambo","","Kosnipata","Steep, forest, low but mostly closed canopy",NA,NA,NA,NA,NA,"","","","","","","Euglossini","","","",NA,"",1100,"San Pedro","netting","Apidae","Euglossa","Euglossa_analis","Euglossa","Euglossa","Euglossa","A4_175_20221204_01387",FALSE,FALSE
"A4.175.20221204.01388_S121","16S_AW_Butterfly_Peru_bees","A4_175_20221204_01388","Bees",NA,"A4_bees_4","E10",15,"1388","sample","Bees","","Andrea","Hymenoptera","Apidae","Apinae","Euglossini","Euglossa","Euglossa","","","Paucartambo","San Pedro","Peru","","20221204",NA,NA,NA,NA,NA,"","","175",1750,16.43789799,"-13.04732 S","-71.54227 W","Paucartambo","","Kosnipata","Steep, forest, low but mostly closed canopy",NA,NA,NA,NA,NA,"","","","","","","Euglossini","","","",NA,"",1100,"San Pedro","netting","Apidae","Euglossa","Euglossa_analis","Euglossa","Euglossa","Euglossa","A4_175_20221204_01388",FALSE,FALSE
"A4.175.20221204.01389_S122","16S_AW_Butterfly_Peru_bees","A4_175_20221204_01389","Bees",NA,"A4_bees_4","E11",15,"1389","sample","Bees","","Andrea","Hymenoptera","Apidae","Apinae","Euglossini","Exaerete","Exaerete","","","Paucartambo","San Pedro","Peru","","20221204",NA,NA,NA,NA,NA,"","","175",1750,16.43789799,"-13.04732 S","-71.54227 W","Paucartambo","","Kosnipata","Steep, forest, low but mostly closed canopy",NA,NA,NA,NA,NA,"","","","","","","Euglossini","","","",NA,"",1100,"San Pedro","netting","Apidae","Exaerete","Exaerete_smaragdina","Exaerete","Exaerete","Exaerete","A4_175_20221204_01389",FALSE,FALSE
"A4.175.20221204.01390_S123","16S_AW_Butterfly_Peru_bees","A4_175_20221204_01390","Bees",NA,"A4_bees_4","E12",15,"1390","sample","Bees","","Andrea","Hymenoptera","Apidae","Apinae","Meliponini","Trigona","Trigona","","","Paucartambo","San Pedro","Peru","","20221204",NA,NA,NA,NA,NA,"","","175",1750,16.43789799,"-13.04732 S","-71.54227 W","Paucartambo","","Kosnipata","Steep, forest, low but mostly closed canopy",NA,NA,NA,NA,NA,"","","","","","","Meliponini","","","",NA,"",1100,"San Pedro","netting","Apidae","Trigona","","Trigona","Trigona","Trigona","A4_175_20221204_01390",FALSE,FALSE
"A4.175.20221204.01391_S124","16S_AW_Butterfly_Peru_bees","A4_175_20221204_01391","Bees",NA,"A4_bees_4","F1",15,"1391","sample","Bees","","Andrea","Hymenoptera","Apidae","Apinae","Meliponini","Trigona","Trigona","","","Paucartambo","San Pedro","Peru","","20221204",NA,NA,NA,NA,NA,"","","175",1750,16.43789799,"-13.04732 S","-71.54227 W","Paucartambo","","Kosnipata","Steep, forest, low but mostly closed canopy",NA,NA,NA,NA,NA,"","","","","","","Meliponini","","","",NA,"",1100,"San Pedro","netting","Apidae","Trigona","","Trigona","Trigona","Trigona","A4_175_20221204_01391",FALSE,FALSE
"A4.175.20221204.01392_S125","16S_AW_Butterfly_Peru_bees","A4_175_20221204_01392","Bees",NA,"A4_bees_4","F2",15,"1392","sample","Bees","","Andrea","Hymenoptera","Apidae","Apinae","Meliponini","Trigona","Trigona","","","Paucartambo","San Pedro","Peru","","20221204",NA,NA,NA,NA,NA,"","","175",1750,16.43789799,"-13.04732 S","-71.54227 W","Paucartambo","","Kosnipata","Steep, forest, low but mostly closed canopy",NA,NA,NA,NA,NA,"","","","","","","Meliponini","","","",NA,"",1100,"San Pedro","netting","Apidae","","",NA,"Trigona","Trigona","A4_175_20221204_01392",FALSE,FALSE
"A4.175.20221204.01393_S127","16S_AW_Butterfly_Peru_bees","A4_175_20221204_01393","Bees",NA,"A4_bees_4","F3",15,"1393","sample","Bees","","Andrea","Hymenoptera","Apidae","Apinae","Meliponini","Trigona","Trigona","","","Paucartambo","San Pedro","Peru","","20221204",NA,NA,NA,NA,NA,"","","175",1750,16.43789799,"-13.04732 S","-71.54227 W","Paucartambo","","Kosnipata","Steep, forest, low but mostly closed canopy",NA,NA,NA,NA,NA,"","","","","","","Meliponini","","","",NA,"",1100,"San Pedro","netting","Apidae","","",NA,"Trigona","Trigona","A4_175_20221204_01393",FALSE,FALSE
"A4.175.20221204.01394_S128","16S_AW_Butterfly_Peru_bees","A4_175_20221204_01394","Bees",NA,"A4_bees_4","F4",15,"1394","sample","Bees","","Andrea","Hymenoptera","Apidae","Apinae","Meliponini","Trigona","Trigona","","","Paucartambo","San Pedro","Peru","","20221204",NA,NA,NA,NA,NA,"","","175",1750,16.43789799,"-13.04732 S","-71.54227 W","Paucartambo","","Kosnipata","Steep, forest, low but mostly closed canopy",NA,NA,NA,NA,NA,"","","","","","","Meliponini","","","",NA,"",1100,"San Pedro","netting","Apidae","Trigona","","Trigona","Trigona","Trigona","A4_175_20221204_01394",FALSE,FALSE
"A4.175.20221204.01395_S129","16S_AW_Butterfly_Peru_bees","A4_175_20221204_01395","Bees",NA,"A4_bees_4","F5",15,"1395","sample","Bees","","Andrea","Hymenoptera","Apidae","Apinae","Meliponini","Trigona","Trigona","","","Paucartambo","San Pedro","Peru","","20221204",NA,NA,NA,NA,NA,"","","175",1750,16.43789799,"-13.04732 S","-71.54227 W","Paucartambo","","Kosnipata","Steep, forest, low but mostly closed canopy",NA,NA,NA,NA,NA,"","","","","","","Meliponini","","","",NA,"",1100,"San Pedro","netting","Apidae","Trigona","Trigona_amalthea","Trigona","Trigona","Trigona","A4_175_20221204_01395",FALSE,FALSE
"A4.175.20221204.01396_S130","16S_AW_Butterfly_Peru_bees","A4_175_20221204_01396","Bees",NA,"A4_bees_4","F6",15,"1396","sample","Bees","","Andrea","Hymenoptera","Apidae","Apinae","Meliponini","Tetragona","Tetragona","","","Paucartambo","San Pedro","Peru","","20221204",NA,NA,NA,NA,NA,"","","175",1750,16.43789799,"-13.04732 S","-71.54227 W","Paucartambo","","Kosnipata","Steep, forest, low but mostly closed canopy",NA,NA,NA,NA,NA,"","","","","","","Meliponini","","","",NA,"",1100,"San Pedro","netting","Apidae","","",NA,"Tetragona","Tetragona","A4_175_20221204_01396",FALSE,FALSE
"A4.175.20221204.01397_S131","16S_AW_Butterfly_Peru_bees","A4_175_20221204_01397","Bees",NA,"A4_bees_4","F7",15,"1397","sample","Bees","","Andrea","Hymenoptera","Apidae","Apinae","Meliponini","Ptilotrigona","Ptilotrigona","","","Paucartambo","San Pedro","Peru","","20221204",NA,NA,NA,NA,NA,"","","175",1750,16.43789799,"-13.04732 S","-71.54227 W","Paucartambo","","Kosnipata","Steep, forest, low but mostly closed canopy",NA,NA,NA,NA,NA,"","","","","","","Meliponini","","","",NA,"",1100,"San Pedro","netting","Apidae","Ptilotrigona","","Ptilotrigona","Ptilotrigona","Ptilotrigona","A4_175_20221204_01397",FALSE,FALSE
"A4.175.20221204.01399_S133","16S_AW_Butterfly_Peru_bees","A4_175_20221204_01399","Bees",NA,"A4_bees_4","F9",15,"1399","sample","Bees","","Andrea","Hymenoptera","Apidae","Apinae","Meliponini","Plebeia","Plebeia","","","Paucartambo","San Pedro","Peru","","20221204",NA,NA,NA,NA,NA,"","","175",1750,16.43789799,"-13.04732 S","-71.54227 W","Paucartambo","","Kosnipata","Steep, forest, low but mostly closed canopy",NA,NA,NA,NA,NA,"","","","","","","Meliponini","","","",NA,"",1100,"San Pedro","netting","Apidae","Plebeia","Plebeia_flavocincta","Plebeia","Plebeia","Plebeia","A4_175_20221204_01399",FALSE,FALSE
"A4.175.20221204.01400_S134","16S_AW_Butterfly_Peru_bees","A4_175_20221204_01400","Bees",NA,"A4_bees_4","F10",15,"1400","sample","Bees","","Andrea","Hymenoptera","Apidae","Apinae","Meliponini","Plebeia","Plebeia","","","Paucartambo","San Pedro","Peru","","20221204",NA,NA,NA,NA,NA,"","","175",1750,16.43789799,"-13.04732 S","-71.54227 W","Paucartambo","","Kosnipata","Steep, forest, low but mostly closed canopy",NA,NA,NA,NA,NA,"","","","","","","Meliponini","","","",NA,"",1100,"San Pedro","netting","Apidae","Plebeia","Plebeia_flavocincta","Plebeia","Plebeia","Plebeia","A4_175_20221204_01400",FALSE,FALSE
"A4.175.20221204.01401_S135","16S_AW_Butterfly_Peru_bees","A4_175_20221204_01401","Bees",NA,"A4_bees_4","F11",15,"1401","sample","Bees","","Andrea","Hymenoptera","Apidae","Apinae","Meliponini","Plebeia","Plebeia","","","Paucartambo","San Pedro","Peru","","20221204",NA,NA,NA,NA,NA,"","","175",1750,16.43789799,"-13.04732 S","-71.54227 W","Paucartambo","","Kosnipata","Steep, forest, low but mostly closed canopy",NA,NA,NA,NA,NA,"","","","","","","Meliponini","","","",NA,"",1100,"San Pedro","netting","Apidae","Plebeia","Plebeia_flavocincta","Plebeia","Plebeia","Plebeia","A4_175_20221204_01401",FALSE,FALSE
"A4.175.20221204.01402_S136","16S_AW_Butterfly_Peru_bees","A4_175_20221204_01402","Bees",NA,"A4_bees_4","F12",15,"1402","sample","Bees","","Andrea","Hymenoptera","Apidae","Apinae","Meliponini","Plebeia","Plebeia","","","Paucartambo","San Pedro","Peru","","20221204",NA,NA,NA,NA,NA,"","","175",1750,16.43789799,"-13.04732 S","-71.54227 W","Paucartambo","","Kosnipata","Steep, forest, low but mostly closed canopy",NA,NA,NA,NA,NA,"","","","","","","Meliponini","","","",NA,"",1100,"San Pedro","netting","Apidae","Plebeia","Plebeia_flavocincta","Plebeia","Plebeia","Plebeia","A4_175_20221204_01402",FALSE,FALSE
"A4.175.20221204.01403_S137","16S_AW_Butterfly_Peru_bees","A4_175_20221204_01403","Bees",NA,"A4_bees_4","G1",15,"1403","sample","Bees","","Andrea","Hymenoptera","Apidae","Apinae","Meliponini","Plebeia","Plebeia","","","Paucartambo","San Pedro","Peru","","20221204",NA,NA,NA,NA,NA,"","","175",1750,16.43789799,"-13.04732 S","-71.54227 W","Paucartambo","","Kosnipata","Steep, forest, low but mostly closed canopy",NA,NA,NA,NA,NA,"","","","","","","Meliponini","","","",NA,"",1100,"San Pedro","netting","Apidae","Plebeia","Plebeia_flavocincta","Plebeia","Plebeia","Plebeia","A4_175_20221204_01403",FALSE,FALSE
"A4.175.20221204.01404_S138","16S_AW_Butterfly_Peru_bees","A4_175_20221204_01404","Bees",NA,"A4_bees_4","G2",15,"1404","sample","Bees","","Andrea","Hymenoptera","Apidae","Apinae","Meliponini","Plebeia","Plebeia","","","Paucartambo","San Pedro","Peru","","20221204",NA,NA,NA,NA,NA,"","","175",1750,16.43789799,"-13.04732 S","-71.54227 W","Paucartambo","","Kosnipata","Steep, forest, low but mostly closed canopy",NA,NA,NA,NA,NA,"","","","","","","Meliponini","","","",NA,"",1100,"San Pedro","netting","Apidae","Plebeia","Plebeia_frontalis","Plebeia","Plebeia","Plebeia","A4_175_20221204_01404",FALSE,FALSE
"A4.175.20221204.01405_S140","16S_AW_Butterfly_Peru_bees","A4_175_20221204_01405","Bees",NA,"A4_bees_4","G3",15,"1405","sample","Bees","","Andrea","Hymenoptera","Apidae","Apinae","Meliponini","Plebeia","Plebeia","","","Paucartambo","San Pedro","Peru","","20221204",NA,NA,NA,NA,NA,"","","175",1750,16.43789799,"-13.04732 S","-71.54227 W","Paucartambo","","Kosnipata","Steep, forest, low but mostly closed canopy",NA,NA,NA,NA,NA,"","","","","","","Meliponini","","","",NA,"",1100,"San Pedro","netting","Apidae","Plebeia","Plebeia_flavocincta","Plebeia","Plebeia","Plebeia","A4_175_20221204_01405",FALSE,FALSE
"A4.175.20221204.01406_S141","16S_AW_Butterfly_Peru_bees","A4_175_20221204_01406","Bees",NA,"A4_bees_4","G4",15,"1406","sample","Bees","","Andrea","Hymenoptera","Apidae","Apinae","Meliponini","Meliponini","Meliponini","","","Paucartambo","San Pedro","Peru","","20221204",NA,NA,NA,NA,NA,"","","175",1750,16.43789799,"-13.04732 S","-71.54227 W","Paucartambo","","Kosnipata","Steep, forest, low but mostly closed canopy",NA,NA,NA,NA,NA,"","","","","","","Meliponini","","","",NA,"",1100,"San Pedro","netting",NA,NA,NA,NA,"Meliponini","Meliponini","A4_175_20221204_01406",FALSE,FALSE
"A4.175.20221204.01407_S142","16S_AW_Butterfly_Peru_bees","A4_175_20221204_01407","Bees",NA,"A4_bees_4","G5",15,"1407","sample","Bees","","Andrea","Hymenoptera","Halictidae","Halictinae","Halictinae","Halictinae","Halictidae_diurnal","","","Paucartambo","San Pedro","Peru","","20221204",NA,NA,NA,NA,NA,"","","175",1750,16.43789799,"-13.04732 S","-71.54227 W","Paucartambo","","Kosnipata","Steep, forest, low but mostly closed canopy",NA,NA,NA,NA,NA,"","","","","","","Halictidae_diurnal","","","",NA,"",1100,"San Pedro","netting",NA,NA,NA,NA,"Halictidae_diurnal","Halictidae_diurnal","A4_175_20221204_01407",FALSE,FALSE
"A4.175.20221204.01408_S143","16S_AW_Butterfly_Peru_bees","A4_175_20221204_01408","Bees",NA,"A4_bees_4","G6",15,"1408","sample","Bees","","Andrea","Hymenoptera","Halictidae","Halictinae","Augochlorini","Neocorynura","Neocorynura","","","Paucartambo","San Pedro","Peru","","20221204",NA,NA,NA,NA,NA,"","","175",1750,16.43789799,"-13.04732 S","-71.54227 W","Paucartambo","","Kosnipata","Steep, forest, low but mostly closed canopy",NA,NA,NA,NA,NA,"","","","","","","Halictidae_diurnal","","","",NA,"",1100,"San Pedro","netting","","","",NA,"Neocorynura","Neocorynura","A4_175_20221204_01408",FALSE,FALSE
"A4.175.20221204.01412_S147","16S_AW_Butterfly_Peru_bees","A4_175_20221204_01412","Bees",NA,"A4_bees_4","G10",15,"1412","sample","Bees","","Andrea","Hymenoptera","Halictidae","Halictinae","Augochlorini","Augochlora","Augochlora","","","Paucartambo","San Pedro","Peru","","20221204",NA,NA,NA,NA,NA,"","","175",1750,16.43789799,"-13.04732 S","-71.54227 W","Paucartambo","","Kosnipata","Steep, forest, low but mostly closed canopy",NA,NA,NA,NA,NA,"","","","","","","Halictidae_diurnal","","","",NA,"",1100,"San Pedro","netting","","","",NA,"Augochlora","Augochlora","A4_175_20221204_01412",FALSE,FALSE
"A4.175.20221204.01413_S148","16S_AW_Butterfly_Peru_bees","A4_175_20221204_01413","Bees",NA,"A4_bees_4","G11",15,"1413","sample","Bees","","Andrea","Hymenoptera","Halictidae","Halictinae","Augochlorini","Neocorynura","Neocorynura","","","Paucartambo","San Pedro","Peru","","20221204",NA,NA,NA,NA,NA,"","","175",1750,16.43789799,"-13.04732 S","-71.54227 W","Paucartambo","","Kosnipata","Steep, forest, low but mostly closed canopy",NA,NA,NA,NA,NA,"","","","","","","Halictidae_diurnal","","","",NA,"",1100,"San Pedro","netting","","","",NA,"Neocorynura","Neocorynura","A4_175_20221204_01413",FALSE,FALSE
"A4.175.20221204.01414_S149","16S_AW_Butterfly_Peru_bees","A4_175_20221204_01414","Bees",NA,"A4_bees_4","G12",15,"1414","sample","Bees","","Andrea","Hymenoptera","Halictidae","Halictinae","Augochlorini","Neocorynura","Neocorynura","","","Paucartambo","San Pedro","Peru","","20221204",NA,NA,NA,NA,NA,"","","175",1750,16.43789799,"-13.04732 S","-71.54227 W","Paucartambo","","Kosnipata","Steep, forest, low but mostly closed canopy",NA,NA,NA,NA,NA,"","","","","","","Halictidae_diurnal","","","",NA,"",1100,"San Pedro","netting","","","",NA,"Neocorynura","Neocorynura","A4_175_20221204_01414",FALSE,FALSE
"A4.175.20221204.01416_S151","16S_AW_Butterfly_Peru_bees","A4_175_20221204_01416","Bees",NA,"A4_bees_4","H2",15,"1416","sample","Bees","","Andrea","Hymenoptera","Halictidae","Halictinae","Augochlorini","Neocorynura","Neocorynura","","","Paucartambo","San Pedro","Peru","","20221204",NA,NA,NA,NA,NA,"","","175",1750,16.43789799,"-13.04732 S","-71.54227 W","Paucartambo","","Kosnipata","Steep, forest, low but mostly closed canopy",NA,NA,NA,NA,NA,"","","","","","","Halictidae_diurnal","","","",NA,"",1100,"San Pedro","netting","","","",NA,"Neocorynura","Neocorynura","A4_175_20221204_01416",FALSE,FALSE
"A4.175.20221204.01417_S152","16S_AW_Butterfly_Peru_bees","A4_175_20221204_01417","Bees",NA,"A4_bees_4","H3",15,"1417","sample","Bees","","Andrea","Hymenoptera","Halictidae","Halictinae","Augochlorini","Neocorynura","Neocorynura","","","Paucartambo","San Pedro","Peru","","20221204",NA,NA,NA,NA,NA,"","","175",1750,16.43789799,"-13.04732 S","-71.54227 W","Paucartambo","","Kosnipata","Steep, forest, low but mostly closed canopy",NA,NA,NA,NA,NA,"","","","","","","Halictidae_diurnal","","","",NA,"",1100,"San Pedro","netting","","","",NA,"Neocorynura","Neocorynura","A4_175_20221204_01417",FALSE,FALSE
"A4.175.20221204.01418_S154","16S_AW_Butterfly_Peru_bees","A4_175_20221204_01418","Bees",NA,"A4_bees_4","H4",15,"1418","sample","Bees","","Andrea","Hymenoptera","Halictidae","Halictinae","Augochlorini","Neocorynura","Neocorynura","","","Paucartambo","San Pedro","Peru","","20221204",NA,NA,NA,NA,NA,"","","175",1750,16.43789799,"-13.04732 S","-71.54227 W","Paucartambo","","Kosnipata","Steep, forest, low but mostly closed canopy",NA,NA,NA,NA,NA,"","","","","","","Halictidae_diurnal","","","",NA,"",1100,"San Pedro","netting","","","",NA,"Neocorynura","Neocorynura","A4_175_20221204_01418",FALSE,FALSE
"A4.175.20221204.01419_S155","16S_AW_Butterfly_Peru_bees","A4_175_20221204_01419","Bees",NA,"A4_bees_4","H5",15,"1419","sample","Bees","","Andrea","Hymenoptera","Halictidae","Halictinae","Augochlorini","Neocorynura","Neocorynura","","","Paucartambo","San Pedro","Peru","","20221204",NA,NA,NA,NA,NA,"","","175",1750,16.43789799,"-13.04732 S","-71.54227 W","Paucartambo","","Kosnipata","Steep, forest, low but mostly closed canopy",NA,NA,NA,NA,NA,"","","","","","","Halictidae_diurnal","","","",NA,"",1100,"San Pedro","netting","","","",NA,"Neocorynura","Neocorynura","A4_175_20221204_01419",FALSE,FALSE
"A4.175.20221204.01420_S156","16S_AW_Butterfly_Peru_bees","A4_175_20221204_01420","Bees",NA,"A4_bees_4","H6",15,"1420","sample","Bees","","Andrea","Hymenoptera","Halictidae","Halictinae","Augochlorini","Neocorynura","Neocorynura","","","Paucartambo","San Pedro","Peru","","20221204",NA,NA,NA,NA,NA,"","","175",1750,16.43789799,"-13.04732 S","-71.54227 W","Paucartambo","","Kosnipata","Steep, forest, low but mostly closed canopy",NA,NA,NA,NA,NA,"","","","","","","Halictidae_diurnal","","","",NA,"",1100,"San Pedro","netting","","","",NA,"Neocorynura","Neocorynura","A4_175_20221204_01420",FALSE,FALSE
"A4.175.20221204.01421_S157","16S_AW_Butterfly_Peru_bees","A4_175_20221204_01421","Bees",NA,"A4_bees_4","H7",15,"1421","sample","Bees","","Andrea","Hymenoptera","Halictidae","Halictinae","Augochlorini","Neocorynura","Neocorynura","","","Paucartambo","San Pedro","Peru","","20221204",NA,NA,NA,NA,NA,"","","175",1750,16.43789799,"-13.04732 S","-71.54227 W","Paucartambo","","Kosnipata","Steep, forest, low but mostly closed canopy",NA,NA,NA,NA,NA,"","","","","","","Halictidae_diurnal","","","",NA,"",1100,"San Pedro","netting","","","",NA,"Neocorynura","Neocorynura","A4_175_20221204_01421",FALSE,FALSE
"A4.175.20221204.01422_S158","16S_AW_Butterfly_Peru_bees","A4_175_20221204_01422","Bees",NA,"A4_bees_4","H8",15,"1422","sample","Bees","","Andrea","Hymenoptera","Halictidae","Halictinae","Halictinae","Halictinae","Halictidae_diurnal","","","Paucartambo","San Pedro","Peru","","20221204",NA,NA,NA,NA,NA,"","","175",1750,16.43789799,"-13.04732 S","-71.54227 W","Paucartambo","","Kosnipata","Steep, forest, low but mostly closed canopy",NA,NA,NA,NA,NA,"","","","","","","Halictidae_diurnal","","","",NA,"",1100,"San Pedro","netting",NA,NA,NA,NA,"Halictidae_diurnal","Halictidae_diurnal","A4_175_20221204_01422",FALSE,FALSE
"A4.175.20221204.01424_S161","16S_AW_Butterfly_Peru_bees","A4_175_20221204_01424","Bees",NA,"A4_bees_4","H10",15,"1424","sample","Bees","","Andrea","Hymenoptera","Halictidae","Halictinae","Augochlorini","Neocorynura","Neocorynura","","","Paucartambo","San Pedro","Peru","","20221204",NA,NA,NA,NA,NA,"","","175",1750,16.43789799,"-13.04732 S","-71.54227 W","Paucartambo","","Kosnipata","Steep, forest, low but mostly closed canopy",NA,NA,NA,NA,NA,"","","","","","","Halictidae_diurnal","","","",NA,"",1100,"San Pedro","netting","","","",NA,"Neocorynura","Neocorynura","A4_175_20221204_01424",FALSE,FALSE
"A4.175.20221204.01426_S163","16S_AW_Butterfly_Peru_bees","A4_175_20221204_01426","Bees",NA,"A4_bees_4","A1",16,"1426","sample","Bees","","Andrea","Hymenoptera","Halictidae","Halictinae","Augochlorini","Neocorynura","Neocorynura","","","Paucartambo","San Pedro","Peru","","20221204",NA,NA,NA,NA,NA,"","","175",1750,16.43789799,"-13.04732 S","-71.54227 W","Paucartambo","","Kosnipata","Steep, forest, low but mostly closed canopy",NA,NA,NA,NA,NA,"","","","","","","Halictidae_diurnal","","","",NA,"",1100,"San Pedro","netting","","","",NA,"Neocorynura","Neocorynura","A4_175_20221204_01426",FALSE,FALSE
"A4.175.20221204.01427_S164","16S_AW_Butterfly_Peru_bees","A4_175_20221204_01427","Bees",NA,"A4_bees_4","A2",16,"1427","sample","Bees","","Andrea","Hymenoptera","Halictidae","Halictinae","Augochlorini","Neocorynura","Neocorynura","","","Paucartambo","San Pedro","Peru","","20221204",NA,NA,NA,NA,NA,"","","175",1750,16.43789799,"-13.04732 S","-71.54227 W","Paucartambo","","Kosnipata","Steep, forest, low but mostly closed canopy",NA,NA,NA,NA,NA,"","","","","","","Halictidae_diurnal","","","",NA,"",1100,"San Pedro","netting","","","",NA,"Neocorynura","Neocorynura","A4_175_20221204_01427",FALSE,FALSE
"A4.175.20221204.01428_S165","16S_AW_Butterfly_Peru_bees","A4_175_20221204_01428","Bees",NA,"A4_bees_4","A3",16,"1428","sample","Bees","","Andrea","Hymenoptera","Halictidae","Halictinae","Augochlorini","Neocorynura","Neocorynura","","","Paucartambo","San Pedro","Peru","","20221204",NA,NA,NA,NA,NA,"","","175",1750,16.43789799,"-13.04732 S","-71.54227 W","Paucartambo","","Kosnipata","Steep, forest, low but mostly closed canopy",NA,NA,NA,NA,NA,"","","","","","","Halictidae_diurnal","","","",NA,"",1100,"San Pedro","netting","","","",NA,"Neocorynura","Neocorynura","A4_175_20221204_01428",FALSE,FALSE
"A4.175.20221204.01429_S166","16S_AW_Butterfly_Peru_bees","A4_175_20221204_01429","Bees",NA,"A4_bees_4","A4",16,"1429","sample","Bees","","Andrea","Hymenoptera","Halictidae","Halictinae","Augochlorini","Augochloropsis","Augochloropsis","","","Paucartambo","San Pedro","Peru","","20221204",NA,NA,NA,NA,NA,"","","175",1750,16.43789799,"-13.04732 S","-71.54227 W","Paucartambo","","Kosnipata","Steep, forest, low but mostly closed canopy",NA,NA,NA,NA,NA,"","","","","","","Halictidae_diurnal","","","",NA,"",1100,"San Pedro","netting","","","",NA,"Augochloropsis","Augochloropsis","A4_175_20221204_01429",FALSE,FALSE
"A4.175.20221204.01430_S167","16S_AW_Butterfly_Peru_bees","A4_175_20221204_01430","Bees",NA,"A4_bees_4","A5",16,"1430","sample","Bees","","Andrea","Hymenoptera","Halictidae","Halictinae","Augochlorini","Augochlora","Augochlora","","","Paucartambo","San Pedro","Peru","","20221204",NA,NA,NA,NA,NA,"","","175",1750,16.43789799,"-13.04732 S","-71.54227 W","Paucartambo","","Kosnipata","Steep, forest, low but mostly closed canopy",NA,NA,NA,NA,NA,"","","","","","","Halictidae_diurnal","","","",NA,"",1100,"San Pedro","netting","","","",NA,"Augochlora","Augochlora","A4_175_20221204_01430",FALSE,FALSE
"A4.175.20221204.01431_S168","16S_AW_Butterfly_Peru_bees","A4_175_20221204_01431","Bees",NA,"A4_bees_4","A6",16,"1431","sample","Bees","","Andrea","Hymenoptera","Halictidae","Halictinae","Augochlorini","Neocorynura","Neocorynura","","","Paucartambo","San Pedro","Peru","","20221204",NA,NA,NA,NA,NA,"","","175",1750,16.43789799,"-13.04732 S","-71.54227 W","Paucartambo","","Kosnipata","Steep, forest, low but mostly closed canopy",NA,NA,NA,NA,NA,"","","","","","","Halictidae_diurnal","","","",NA,"",1100,"San Pedro","netting","","","",NA,"Neocorynura","Neocorynura","A4_175_20221204_01431",FALSE,FALSE
"A4.175.20221204.01432_S170","16S_AW_Butterfly_Peru_bees","A4_175_20221204_01432","Bees",NA,"A4_bees_4","A7",16,"1432","sample","Bees","","Andrea","Hymenoptera","Halictidae","Halictinae","Augochlorini","Neocorynura","Neocorynura","","","Paucartambo","San Pedro","Peru","","20221204",NA,NA,NA,NA,NA,"","","175",1750,16.43789799,"-13.04732 S","-71.54227 W","Paucartambo","","Kosnipata","Steep, forest, low but mostly closed canopy",NA,NA,NA,NA,NA,"","","","","","","Halictidae_diurnal","","","",NA,"",1100,"San Pedro","netting","","","",NA,"Neocorynura","Neocorynura","A4_175_20221204_01432",FALSE,FALSE
"A4.175.20221204.01433_S171","16S_AW_Butterfly_Peru_bees","A4_175_20221204_01433","Bees",NA,"A4_bees_4","A8",16,"1433","sample","Bees","","Andrea","Hymenoptera","Halictidae","Halictinae","Augochlorini","Neocorynura","Neocorynura","","","Paucartambo","San Pedro","Peru","","20221204",NA,NA,NA,NA,NA,"","","175",1750,16.43789799,"-13.04732 S","-71.54227 W","Paucartambo","","Kosnipata","Steep, forest, low but mostly closed canopy",NA,NA,NA,NA,NA,"","","","","","","Halictidae_diurnal","","","",NA,"",1100,"San Pedro","netting","","","",NA,"Neocorynura","Neocorynura","A4_175_20221204_01433",FALSE,FALSE
"A4.175.20221206.01447_S182","16S_AW_Butterfly_Peru_bees","A4_175_20221206_01447","Bees",NA,"A4_bees_4","B10",16,"1447","sample","Bees","","Andrea","Hymenoptera","Apidae","Apinae","Meliponini","Plebeia","Plebeia","","","Paucartambo","San Pedro","Peru","","20221206",NA,NA,NA,NA,NA,"","","175",1750,16.43789799,"-13.04732 S","-71.54227 W","Paucartambo","","Kosnipata","Steep, forest, low but mostly closed canopy",NA,NA,NA,NA,NA,"","","","","","","Meliponini","","","",NA,"",1100,"San Pedro","netting","Apidae","Plebeia","Plebeia_flavocincta","Plebeia","Plebeia","Plebeia","A4_175_20221206_01447",FALSE,FALSE
"A4.175.20221206.01448_S183","16S_AW_Butterfly_Peru_bees","A4_175_20221206_01448","Bees",NA,"A4_bees_4","B11",16,"1448","sample","Bees","","Andrea","Hymenoptera","Apidae","Apinae","Meliponini","Meliponini","Meliponini","","","Paucartambo","San Pedro","Peru","","20221206",NA,NA,NA,NA,NA,"","","175",1750,16.43789799,"-13.04732 S","-71.54227 W","Paucartambo","","Kosnipata","Steep, forest, low but mostly closed canopy",NA,NA,NA,NA,NA,"","","","","","","Meliponini","","","",NA,"",1100,"San Pedro","netting",NA,NA,NA,NA,"Meliponini","Meliponini","A4_175_20221206_01448",FALSE,FALSE
"A4.181.20221205.01364_S382","16S_AW_Butterfly_Peru_bees","A4_181_20221205_01364","Bees",NA,"A4_bees_4","C10",15,"1364","sample","Bees","","Andrea","Hymenoptera","Apidae","Apinae","Meliponini","Scaura","Scaura","","","Paucartambo","Trocha Union","Peru","","20221205",NA,NA,NA,NA,NA,"","","181",1810,16.01035789,"-13.06972 S","-71.55544 W","Paucartambo","","Kosnipata","Steep, forest, low but mostly closed canopy",NA,NA,NA,NA,NA,"","","","","","","Meliponini","","","",NA,"",9000,"Trocha Union","netting","Apidae","Scaura","Scaura_atlantica","Scaura","Scaura atlantica","Scaura","A4_181_20221205_01364",FALSE,FALSE
"A4.181.20221205.01365_S383","16S_AW_Butterfly_Peru_bees","A4_181_20221205_01365","Bees",NA,"A4_bees_4","C11",15,"1365","sample","Bees","","Andrea","Hymenoptera","Apidae","Apinae","Meliponini","Oxytrigona","Oxytrigona","","","Paucartambo","Trocha Union","Peru","","20221205",NA,NA,NA,NA,NA,"","","181",1810,16.01035789,"-13.06972 S","-71.55544 W","Paucartambo","","Kosnipata","Steep, forest, low but mostly closed canopy",NA,NA,NA,NA,NA,"","","","","","","Meliponini","","","",NA,"",9000,"Trocha Union","netting","Apidae","Scaura","Scaura_atlantica","Scaura","Oxytrigona","Oxytrigona","A4_181_20221205_01365",FALSE,FALSE
"A4.181.20221205.01366_S97","16S_AW_Butterfly_Peru_bees","A4_181_20221205_01366","Bees",NA,"A4_bees_4","C12",15,"1366","sample","Bees","","Andrea","Hymenoptera","Halictidae","Halictinae","Augochlorini","Augochloropsis","Augochloropsis","","","Paucartambo","Trocha Union","Peru","","20221205",NA,NA,NA,NA,NA,"","","181",1810,16.01035789,"-13.06972 S","-71.55544 W","Paucartambo","","Kosnipata","Steep, forest, low but mostly closed canopy",NA,NA,NA,NA,NA,"","","","","","","Halictidae_diurnal","","","",NA,"",9000,"Trocha Union","netting","Halictidae","Augochloropsis","","Augochloropsis","Augochloropsis","Augochloropsis","A4_181_20221205_01366",FALSE,FALSE
"A4.181.20221205.01449_S184","16S_AW_Butterfly_Peru_bees","A4_181_20221205_01449","Bees",NA,"A4_bees_4","B12",16,"1449","sample","Bees","","Andrea","Hymenoptera","Apidae","Apinae","Meliponini","Paratrigona","Paratrigona","","","Paucartambo","Trocha Union","Peru","","20221205",NA,NA,NA,NA,NA,"","","181",1810,16.01035789,"-13.06972 S","-71.55544 W","Paucartambo","","Kosnipata","Steep, forest, low but mostly closed canopy",NA,NA,NA,NA,NA,"","","","","","","Meliponini","","","",NA,"",9000,"Trocha Union","netting","Apidae","","",NA,"Paratrigona","Paratrigona","A4_181_20221205_01449",FALSE,FALSE
"A4.181.20221205.01450_S185","16S_AW_Butterfly_Peru_bees","A4_181_20221205_01450","Bees",NA,"A4_bees_4","C1",16,"1450","sample","Bees","","Andrea","Hymenoptera","Apidae","Apinae","Meliponini","Paratrigona","Paratrigona","","","Paucartambo","Trocha Union","Peru","","20221205",NA,NA,NA,NA,NA,"","","181",1810,16.01035789,"-13.06972 S","-71.55544 W","Paucartambo","","Kosnipata","Steep, forest, low but mostly closed canopy",NA,NA,NA,NA,NA,"","","","","","","Meliponini","","","",NA,"",9000,"Trocha Union","netting","Apidae","","",NA,"Paratrigona","Paratrigona","A4_181_20221205_01450",FALSE,FALSE
"A4.181.20221205.01451_S186","16S_AW_Butterfly_Peru_bees","A4_181_20221205_01451","Bees",NA,"A4_bees_4","C2",16,"1451","sample","Bees","","Andrea","Hymenoptera","Apidae","Apinae","Meliponini","Paratrigona","Paratrigona","","","Paucartambo","Trocha Union","Peru","","20221205",NA,NA,NA,NA,NA,"","","181",1810,16.01035789,"-13.06972 S","-71.55544 W","Paucartambo","","Kosnipata","Steep, forest, low but mostly closed canopy",NA,NA,NA,NA,NA,"","","","","","","Meliponini","","","",NA,"",9000,"Trocha Union","netting","Apidae","","",NA,"Paratrigona","Paratrigona","A4_181_20221205_01451",FALSE,FALSE
"A4.181.20221205.01452_S187","16S_AW_Butterfly_Peru_bees","A4_181_20221205_01452","Bees",NA,"A4_bees_4","C3",16,"1452","sample","Bees","","Andrea","Hymenoptera","Apidae","Apinae","Meliponini","Paratrigona","Paratrigona","","","Paucartambo","Trocha Union","Peru","","20221205",NA,NA,NA,NA,NA,"","","181",1810,16.01035789,"-13.06972 S","-71.55544 W","Paucartambo","","Kosnipata","Steep, forest, low but mostly closed canopy",NA,NA,NA,NA,NA,"","","","","","","Meliponini","","","",NA,"",9000,"Trocha Union","netting","Apidae","","",NA,"Paratrigona","Paratrigona","A4_181_20221205_01452",FALSE,FALSE
"A4.181.20221205.01453_S188","16S_AW_Butterfly_Peru_bees","A4_181_20221205_01453","Bees",NA,"A4_bees_4","C4",16,"1453","sample","Bees","","Andrea","Hymenoptera","Apidae","Apinae","Meliponini","Paratrigona","Paratrigona","","","Paucartambo","Trocha Union","Peru","","20221205",NA,NA,NA,NA,NA,"","","181",1810,16.01035789,"-13.06972 S","-71.55544 W","Paucartambo","","Kosnipata","Steep, forest, low but mostly closed canopy",NA,NA,NA,NA,NA,"","","","","","","Meliponini","","","",NA,"",9000,"Trocha Union","netting","Apidae","","",NA,"Paratrigona","Paratrigona","A4_181_20221205_01453",FALSE,FALSE
"A4.181.20221205.01454_S189","16S_AW_Butterfly_Peru_bees","A4_181_20221205_01454","Bees",NA,"A4_bees_4","C5",16,"1454","sample","Bees","","Andrea","Hymenoptera","Apidae","Apinae","Meliponini","Scaptotrigona","Scaptotrigona","","","Paucartambo","Trocha Union","Peru","","20221205",NA,NA,NA,NA,NA,"","","181",1810,16.01035789,"-13.06972 S","-71.55544 W","Paucartambo","","Kosnipata","Steep, forest, low but mostly closed canopy",NA,NA,NA,NA,NA,"","","","","","","Meliponini","","","",NA,"",9000,"Trocha Union","netting","Apidae","Scaptotrigona","Scaptotrigona_mexicana","Scaptotrigona","Scaptotrigona","Scaptotrigona","A4_181_20221205_01454",FALSE,FALSE
"A4.181.20221205.01455_S190","16S_AW_Butterfly_Peru_bees","A4_181_20221205_01455","Bees",NA,"A4_bees_4","C6",16,"1455","sample","Bees","","Andrea","Hymenoptera","Apidae","Apinae","Meliponini","Scaptotrigona","Scaptotrigona","","","Paucartambo","Trocha Union","Peru","","20221205",NA,NA,NA,NA,NA,"","","181",1810,16.01035789,"-13.06972 S","-71.55544 W","Paucartambo","","Kosnipata","Steep, forest, low but mostly closed canopy",NA,NA,NA,NA,NA,"","","","","","","Meliponini","","","",NA,"",9000,"Trocha Union","netting","Apidae","Scaptotrigona","Scaptotrigona_mexicana","Scaptotrigona","Scaptotrigona","Scaptotrigona","A4_181_20221205_01455",FALSE,FALSE
"A4.181.20221205.01456_S191","16S_AW_Butterfly_Peru_bees","A4_181_20221205_01456","Bees",NA,"A4_bees_4","C7",16,"1456","sample","Bees","","Andrea","Hymenoptera","Apidae","Apinae","Meliponini","Scaptotrigona","Scaptotrigona","","","Paucartambo","Trocha Union","Peru","","20221205",NA,NA,NA,NA,NA,"","","181",1810,16.01035789,"-13.06972 S","-71.55544 W","Paucartambo","","Kosnipata","Steep, forest, low but mostly closed canopy",NA,NA,NA,NA,NA,"","","","","","","Meliponini","","","",NA,"",9000,"Trocha Union","netting","Apidae","Scaptotrigona","Scaptotrigona_mexicana","Scaptotrigona","Scaptotrigona","Scaptotrigona","A4_181_20221205_01456",FALSE,FALSE
"A4.181.20221205.01457_S1","16S_AW_Butterfly_Peru_bees","A4_181_20221205_01457","Bees",NA,"A4_bees_4","C8",16,"1457","sample","Bees","","Andrea","Hymenoptera","Apidae","Apinae","Meliponini","Scaptotrigona","Scaptotrigona","","","Paucartambo","Trocha Union","Peru","","20221205",NA,NA,NA,NA,NA,"","","181",1810,16.01035789,"-13.06972 S","-71.55544 W","Paucartambo","","Kosnipata","Steep, forest, low but mostly closed canopy",NA,NA,NA,NA,NA,"","","","","","","Meliponini","","","",NA,"",9000,"Trocha Union","netting","Apidae","Scaptotrigona","Scaptotrigona_mexicana","Scaptotrigona","Scaptotrigona","Scaptotrigona","A4_181_20221205_01457",FALSE,FALSE
"A4.181.20221205.01458_S2","16S_AW_Butterfly_Peru_bees","A4_181_20221205_01458","Bees",NA,"A4_bees_4","C9",16,"1458","sample","Bees","","Andrea","Hymenoptera","Apidae","Apinae","Meliponini","Scaptotrigona","Scaptotrigona","","","Paucartambo","Trocha Union","Peru","","20221205",NA,NA,NA,NA,NA,"","","181",1810,16.01035789,"-13.06972 S","-71.55544 W","Paucartambo","","Kosnipata","Steep, forest, low but mostly closed canopy",NA,NA,NA,NA,NA,"","","","","","","Meliponini","","","",NA,"",9000,"Trocha Union","netting","Apidae","Scaptotrigona","Scaptotrigona_mexicana","Scaptotrigona","Scaptotrigona","Scaptotrigona","A4_181_20221205_01458",FALSE,FALSE
"A4.181.20221205.01459_S4","16S_AW_Butterfly_Peru_bees","A4_181_20221205_01459","Bees",NA,"A4_bees_4","C10",16,"1459","sample","Bees","","Andrea","Hymenoptera","Apidae","Apinae","Meliponini","Oxaea","Oxaea","","","Paucartambo","Trocha Union","Peru","","20221205",NA,NA,NA,NA,NA,"","","181",1810,16.01035789,"-13.06972 S","-71.55544 W","Paucartambo","","Kosnipata","Steep, forest, low but mostly closed canopy",NA,NA,NA,NA,NA,"","","","","","","Meliponini","","","",NA,"",9000,"Trocha Union","netting","Apidae","Partamona","Partamona_bilineata","Partamona","Partamona","Oxaea","A4_181_20221205_01459",FALSE,FALSE
"A4.181.20221205.01460_S5","16S_AW_Butterfly_Peru_bees","A4_181_20221205_01460","Bees",NA,"A4_bees_4","C11",16,"1460","sample","Bees","","Andrea","Hymenoptera","Apidae","Apinae","Meliponini","Partamona","Partamona","","","Paucartambo","Trocha Union","Peru","","20221205",NA,NA,NA,NA,NA,"","","181",1810,16.01035789,"-13.06972 S","-71.55544 W","Paucartambo","","Kosnipata","Steep, forest, low but mostly closed canopy",NA,NA,NA,NA,NA,"","","","","","","Meliponini","","","",NA,"",9000,"Trocha Union","netting","Apidae","Partamona","Partamona_bilineata","Partamona","Partamona","Partamona","A4_181_20221205_01460",FALSE,FALSE
"A4.181.20221205.01462_S7","16S_AW_Butterfly_Peru_bees","A4_181_20221205_01462","Bees",NA,"A4_bees_4","D1",16,"1462","sample","Bees","","Andrea","Hymenoptera","Apidae","Apinae","Meliponini","Partamona","Partamona","","","Paucartambo","Trocha Union","Peru","","20221205",NA,NA,NA,NA,NA,"","","181",1810,16.01035789,"-13.06972 S","-71.55544 W","Paucartambo","","Kosnipata","Steep, forest, low but mostly closed canopy",NA,NA,NA,NA,NA,"","","","","","","Meliponini","","","",NA,"",9000,"Trocha Union","netting","Apidae","Partamona","Partamona_bilineata","Partamona","Partamona","Partamona","A4_181_20221205_01462",FALSE,FALSE
"A4.181.20221205.01463_S8","16S_AW_Butterfly_Peru_bees","A4_181_20221205_01463","Bees",NA,"A4_bees_4","D2",16,"1463","sample","Bees","","Andrea","Hymenoptera","Apidae","Apinae","Meliponini","Partamona","Partamona","","","Paucartambo","Trocha Union","Peru","","20221205",NA,NA,NA,NA,NA,"","","181",1810,16.01035789,"-13.06972 S","-71.55544 W","Paucartambo","","Kosnipata","Steep, forest, low but mostly closed canopy",NA,NA,NA,NA,NA,"","","","","","","Meliponini","","","",NA,"",9000,"Trocha Union","netting","Apidae","Partamona","Partamona_bilineata","Partamona","Partamona","Partamona","A4_181_20221205_01463",FALSE,FALSE
"A4.181.20221205.01464_S9","16S_AW_Butterfly_Peru_bees","A4_181_20221205_01464","Bees",NA,"A4_bees_4","D3",16,"1464","sample","Bees","","Andrea","Hymenoptera","Apidae","Apinae","Bombini","Bombus","Bombus","","","Paucartambo","Trocha Union","Peru","","20221205",NA,NA,NA,NA,NA,"","","181",1810,16.01035789,"-13.06972 S","-71.55544 W","Paucartambo","","Kosnipata","Steep, forest, low but mostly closed canopy",NA,NA,NA,NA,NA,"","","","","","","Bombus","","","",NA,"",9000,"Trocha Union","netting","Apidae","Bombus","Bombus hortulanus","Bombus","Bombus hortulanus","Bombus","A4_181_20221205_01464",FALSE,FALSE
"A4.181.20221205.01465_S10","16S_AW_Butterfly_Peru_bees","A4_181_20221205_01465","Bees",NA,"A4_bees_4","D4",16,"1465","sample","Bees","","Andrea","Hymenoptera","Apidae","Apinae","Apini","Apis","Apis","","","Paucartambo","Trocha Union","Peru","","20221205",NA,NA,NA,NA,NA,"","","181",1810,16.01035789,"-13.06972 S","-71.55544 W","Paucartambo","","Kosnipata","Steep, forest, low but mostly closed canopy",NA,NA,NA,NA,NA,"","","","","","","Apis","","","",NA,"",9000,"Trocha Union","netting","Apidae","Apis","Apis melifera","Apis","Apis melifera","Apis","A4_181_20221205_01465",FALSE,FALSE
"A4.181.20221205.01466_S11","16S_AW_Butterfly_Peru_bees","A4_181_20221205_01466","Bees",NA,"A4_bees_4","D5",16,"1466","sample","Bees","","Andrea","Hymenoptera","Apidae","Apinae","Apini","Apis","Apis","","","Paucartambo","Trocha Union","Peru","","20221205",NA,NA,NA,NA,NA,"","","181",1810,16.01035789,"-13.06972 S","-71.55544 W","Paucartambo","","Kosnipata","Steep, forest, low but mostly closed canopy",NA,NA,NA,NA,NA,"","","","","","","Apis","","","",NA,"",9000,"Trocha Union","netting","Apidae","Apis","Apis melifera","Apis","Apis melifera","Apis","A4_181_20221205_01466",FALSE,FALSE
"A4.181.20221205.01467_S12","16S_AW_Butterfly_Peru_bees","A4_181_20221205_01467","Bees",NA,"A4_bees_4","D6",16,"1467","sample","Bees","","Andrea","Hymenoptera","Apidae","Apinae","Apini","Apis","Apis","","","Paucartambo","Trocha Union","Peru","","20221205",NA,NA,NA,NA,NA,"","","181",1810,16.01035789,"-13.06972 S","-71.55544 W","Paucartambo","","Kosnipata","Steep, forest, low but mostly closed canopy",NA,NA,NA,NA,NA,"","","","","","","Apis","","","",NA,"",9000,"Trocha Union","netting","Apidae","Apis","Apis melifera","Apis","Apis melifera","Apis","A4_181_20221205_01467",FALSE,FALSE
"A4.181.20221205.01468_S13","16S_AW_Butterfly_Peru_bees","A4_181_20221205_01468","Bees",NA,"A4_bees_4","D7",16,"1468","sample","Bees","","Andrea","Hymenoptera","Apidae","Apinae","Meliponini","Scaura","Scaura","","","Paucartambo","Trocha Union","Peru","","20221205",NA,NA,NA,NA,NA,"","","181",1810,16.01035789,"-13.06972 S","-71.55544 W","Paucartambo","","Kosnipata","Steep, forest, low but mostly closed canopy",NA,NA,NA,NA,NA,"","","","","","","Meliponini","","","",NA,"",9000,"Trocha Union","netting","Apidae","Scaura","Scaura_atlantica","Scaura","Scaura atlantica","Scaura","A4_181_20221205_01468",FALSE,FALSE
"A4.181.20221205.01469_S14","16S_AW_Butterfly_Peru_bees","A4_181_20221205_01469","Bees",NA,"A4_bees_4","D8",16,"1469","sample","Bees","","Andrea","Hymenoptera","Apidae","Apinae","Meliponini","Scaura","Scaura","","","Paucartambo","Trocha Union","Peru","","20221205",NA,NA,NA,NA,NA,"","","181",1810,16.01035789,"-13.06972 S","-71.55544 W","Paucartambo","","Kosnipata","Steep, forest, low but mostly closed canopy",NA,NA,NA,NA,NA,"","","","","","","Meliponini","","","",NA,"",9000,"Trocha Union","netting","Apidae","Scaura","Scaura_atlantica","Scaura","Scaura atlantica","Scaura","A4_181_20221205_01469",FALSE,FALSE
"A4.181.20221205.01470_S15","16S_AW_Butterfly_Peru_bees","A4_181_20221205_01470","Bees",NA,"A4_bees_4","D9",16,"1470","sample","Bees","","Andrea","Hymenoptera","Apidae","Apinae","Meliponini","Scaura","Scaura","","","Paucartambo","Trocha Union","Peru","","20221205",NA,NA,NA,NA,NA,"","","181",1810,16.01035789,"-13.06972 S","-71.55544 W","Paucartambo","","Kosnipata","Steep, forest, low but mostly closed canopy",NA,NA,NA,NA,NA,"","","","","","","Meliponini","","","",NA,"",9000,"Trocha Union","netting","Apidae","Scaura","Scaura_atlantica","Scaura","Scaura atlantica","Scaura","A4_181_20221205_01470",FALSE,FALSE
"A4.181.20221205.01471_S16","16S_AW_Butterfly_Peru_bees","A4_181_20221205_01471","Bees",NA,"A4_bees_4","D10",16,"1471","sample","Bees","","Andrea","Hymenoptera","Apidae","Apinae","Meliponini","Scaura","Scaura","","","Paucartambo","Trocha Union","Peru","","20221205",NA,NA,NA,NA,NA,"","","181",1810,16.01035789,"-13.06972 S","-71.55544 W","Paucartambo","","Kosnipata","Steep, forest, low but mostly closed canopy",NA,NA,NA,NA,NA,"","","","","","","Meliponini","","","",NA,"",9000,"Trocha Union","netting","Apidae","Scaura","Scaura_atlantica","Scaura","Scaura atlantica","Scaura","A4_181_20221205_01471",FALSE,FALSE
"A4.181.20221205.01472_S17","16S_AW_Butterfly_Peru_bees","A4_181_20221205_01472","Bees",NA,"A4_bees_4","D11",16,"1472","sample","Bees","","Andrea","Hymenoptera","Apidae","Apinae","Meliponini","Scaura","Scaura","","","Paucartambo","Trocha Union","Peru","","20221205",NA,NA,NA,NA,NA,"","","181",1810,16.01035789,"-13.06972 S","-71.55544 W","Paucartambo","","Kosnipata","Steep, forest, low but mostly closed canopy",NA,NA,NA,NA,NA,"","","","","","","Meliponini","","","",NA,"",9000,"Trocha Union","netting","Apidae","Scaura","Scaura_atlantica","Scaura","Scaura atlantica","Scaura","A4_181_20221205_01472",FALSE,FALSE
"A4.181.20221205.01473_S18","16S_AW_Butterfly_Peru_bees","A4_181_20221205_01473","Bees",NA,"A4_bees_4","D12",16,"1473","sample","Bees","","Andrea","Hymenoptera","Halictidae","Halictinae","Augochlorini","Augochloropsis","Augochloropsis","","","Paucartambo","Trocha Union","Peru","","20221205",NA,NA,NA,NA,NA,"","","181",1810,16.01035789,"-13.06972 S","-71.55544 W","Paucartambo","","Kosnipata","Steep, forest, low but mostly closed canopy",NA,NA,NA,NA,NA,"","","","","","","Halictidae_diurnal","","","",NA,"",9000,"Trocha Union","netting","","","",NA,"Augochloropsis","Augochloropsis","A4_181_20221205_01473",FALSE,FALSE
"A4.181.20221205.01474_S19","16S_AW_Butterfly_Peru_bees","A4_181_20221205_01474","Bees",NA,"A4_bees_4","E1",16,"1474","sample","Bees","","Andrea","Hymenoptera","Halictidae","Halictinae","Augochlorini","Augochloropsis","Augochloropsis","","","Paucartambo","Trocha Union","Peru","","20221205",NA,NA,NA,NA,NA,"","","181",1810,16.01035789,"-13.06972 S","-71.55544 W","Paucartambo","","Kosnipata","Steep, forest, low but mostly closed canopy",NA,NA,NA,NA,NA,"","","","","","","Halictidae_diurnal","","","",NA,"",9000,"Trocha Union","netting","","","",NA,"Augochloropsis","Augochloropsis","A4_181_20221205_01474",FALSE,FALSE
"A4.181.20221205.01475_S20","16S_AW_Butterfly_Peru_bees","A4_181_20221205_01475","Bees",NA,"A4_bees_4","E2",16,"1475","sample","Bees","","Andrea","Hymenoptera","Halictidae","Halictinae","Halictinae","Halictinae","Halictidae_diurnal","","","Paucartambo","Trocha Union","Peru","","20221205",NA,NA,NA,NA,NA,"","","181",1810,16.01035789,"-13.06972 S","-71.55544 W","Paucartambo","","Kosnipata","Steep, forest, low but mostly closed canopy",NA,NA,NA,NA,NA,"","","","","","","Halictidae_diurnal","","","",NA,"",9000,"Trocha Union","netting",NA,NA,NA,NA,"Halictidae_diurnal","Halictidae_diurnal","A4_181_20221205_01475",FALSE,FALSE
"A4.181.20221205.01476_S21","16S_AW_Butterfly_Peru_bees","A4_181_20221205_01476","Bees",NA,"A4_bees_4","E3",16,"1476","sample","Bees","","Andrea","Hymenoptera","Halictidae","Halictinae","Augochlorini","Augochloropsis","Augochloropsis","","","Paucartambo","Trocha Union","Peru","","20221205",NA,NA,NA,NA,NA,"","","181",1810,16.01035789,"-13.06972 S","-71.55544 W","Paucartambo","","Kosnipata","Steep, forest, low but mostly closed canopy",NA,NA,NA,NA,NA,"","","","","","","Halictidae_diurnal","","","",NA,"",9000,"Trocha Union","netting","","","",NA,"Augochloropsis","Augochloropsis","A4_181_20221205_01476",FALSE,FALSE
"A4.181.20221205.01477_S23","16S_AW_Butterfly_Peru_bees","A4_181_20221205_01477","Bees",NA,"A4_bees_4","E4",16,"1477","sample","Bees","","Andrea","Hymenoptera","Halictidae","Halictinae","Augochlorini","Augochloropsis","Augochloropsis","","","Paucartambo","Trocha Union","Peru","","20221205",NA,NA,NA,NA,NA,"","","181",1810,16.01035789,"-13.06972 S","-71.55544 W","Paucartambo","","Kosnipata","Steep, forest, low but mostly closed canopy",NA,NA,NA,NA,NA,"","","","","","","Halictidae_diurnal","","","",NA,"",9000,"Trocha Union","netting","","","",NA,"Augochloropsis","Augochloropsis","A4_181_20221205_01477",FALSE,FALSE
"A4.181.20221205.01478_S24","16S_AW_Butterfly_Peru_bees","A4_181_20221205_01478","Bees",NA,"A4_bees_4","E5",16,"1478","sample","Bees","","Andrea","Hymenoptera","Halictidae","Halictinae","Augochlorini","Augochloropsis","Augochloropsis","","","Paucartambo","Trocha Union","Peru","","20221205",NA,NA,NA,NA,NA,"","","181",1810,16.01035789,"-13.06972 S","-71.55544 W","Paucartambo","","Kosnipata","Steep, forest, low but mostly closed canopy",NA,NA,NA,NA,NA,"","","","","","","Halictidae_diurnal","","","",NA,"",9000,"Trocha Union","netting","Halictidae","Augochloropsis","","Augochloropsis","Augochloropsis","Augochloropsis","A4_181_20221205_01478",FALSE,FALSE
"A4.181.20221205.01479_S25","16S_AW_Butterfly_Peru_bees","A4_181_20221205_01479","Bees",NA,"A4_bees_4","E6",16,"1479","sample","Bees","","Andrea","Hymenoptera","Halictidae","Halictinae","Augochlorini","Neocorynura","Neocorynura","","","Paucartambo","Trocha Union","Peru","","20221205",NA,NA,NA,NA,NA,"","","181",1810,16.01035789,"-13.06972 S","-71.55544 W","Paucartambo","","Kosnipata","Steep, forest, low but mostly closed canopy",NA,NA,NA,NA,NA,"","","","","","","Halictidae_diurnal","","","",NA,"",9000,"Trocha Union","netting","","","",NA,"Neocorynura","Neocorynura","A4_181_20221205_01479",FALSE,FALSE
"A4.181.20221205.01480_S26","16S_AW_Butterfly_Peru_bees","A4_181_20221205_01480","Bees",NA,"A4_bees_4","E7",16,"1480","sample","Bees","","Andrea","Hymenoptera","Halictidae","Halictinae","Augochlorini","Neocorynura","Neocorynura","","","Paucartambo","Trocha Union","Peru","","20221205",NA,NA,NA,NA,NA,"","","181",1810,16.01035789,"-13.06972 S","-71.55544 W","Paucartambo","","Kosnipata","Steep, forest, low but mostly closed canopy",NA,NA,NA,NA,NA,"","","","","","","Halictidae_diurnal","","","",NA,"",9000,"Trocha Union","netting","","","",NA,"Neocorynura","Neocorynura","A4_181_20221205_01480",FALSE,FALSE
"A4.181.20221205.01481_S27","16S_AW_Butterfly_Peru_bees","A4_181_20221205_01481","Bees",NA,"A4_bees_4","E8",16,"1481","sample","Bees","","Andrea","Hymenoptera","Halictidae","Halictinae","Augochlorini","Neocorynura","Neocorynura","","","Paucartambo","Trocha Union","Peru","","20221205",NA,NA,NA,NA,NA,"","","181",1810,16.01035789,"-13.06972 S","-71.55544 W","Paucartambo","","Kosnipata","Steep, forest, low but mostly closed canopy",NA,NA,NA,NA,NA,"","","","","","","Halictidae_diurnal","","","",NA,"",9000,"Trocha Union","netting","","","",NA,"Neocorynura","Neocorynura","A4_181_20221205_01481",FALSE,FALSE
"A4.181.20221205.01482_S28","16S_AW_Butterfly_Peru_bees","A4_181_20221205_01482","Bees",NA,"A4_bees_4","E9",16,"1482","sample","Bees","","Andrea","Hymenoptera","Halictidae","Halictinae","Halictinae","Halictinae","Halictidae_diurnal","","","Paucartambo","Trocha Union","Peru","","20221205",NA,NA,NA,NA,NA,"","","181",1810,16.01035789,"-13.06972 S","-71.55544 W","Paucartambo","","Kosnipata","Steep, forest, low but mostly closed canopy",NA,NA,NA,NA,NA,"","","","","","","Halictidae_diurnal","","","",NA,"",9000,"Trocha Union","netting",NA,NA,NA,NA,"Halictidae_diurnal","Halictidae_diurnal","A4_181_20221205_01482",FALSE,FALSE
"A4.181.20221205.01483_S29","16S_AW_Butterfly_Peru_bees","A4_181_20221205_01483","Bees",NA,"A4_bees_4","E10",16,"1483","sample","Bees","","Andrea","Hymenoptera","Halictidae","Halictinae","Augochlorini","Neocorynura","Neocorynura","","","Paucartambo","Trocha Union","Peru","","20221205",NA,NA,NA,NA,NA,"","","181",1810,16.01035789,"-13.06972 S","-71.55544 W","Paucartambo","","Kosnipata","Steep, forest, low but mostly closed canopy",NA,NA,NA,NA,NA,"","","","","","","Halictidae_diurnal","","","",NA,"",9000,"Trocha Union","netting","","","",NA,"Neocorynura","Neocorynura","A4_181_20221205_01483",FALSE,FALSE
"A4.181.20221205.01484_S31","16S_AW_Butterfly_Peru_bees","A4_181_20221205_01484","Bees",NA,"A4_bees_4","E11",16,"1484","sample","Bees","","Andrea","Hymenoptera","Halictidae","Halictinae","Halictinae","Halictinae","Halictidae_diurnal","","","Paucartambo","Trocha Union","Peru","","20221205",NA,NA,NA,NA,NA,"","","181",1810,16.01035789,"-13.06972 S","-71.55544 W","Paucartambo","","Kosnipata","Steep, forest, low but mostly closed canopy",NA,NA,NA,NA,NA,"","","","","","","Halictidae_diurnal","","","",NA,"",9000,"Trocha Union","netting",NA,NA,NA,NA,"Halictidae_diurnal","Halictidae_diurnal","A4_181_20221205_01484",FALSE,FALSE
"A4.181.20221205.01485_S32","16S_AW_Butterfly_Peru_bees","A4_181_20221205_01485","Bees",NA,"A4_bees_4","E12",16,"1485","sample","Bees","","Andrea","Hymenoptera","Halictidae","Halictinae","Augochlorini","Neocorynura","Neocorynura","","","Paucartambo","Trocha Union","Peru","","20221205",NA,NA,NA,NA,NA,"","","181",1810,16.01035789,"-13.06972 S","-71.55544 W","Paucartambo","","Kosnipata","Steep, forest, low but mostly closed canopy",NA,NA,NA,NA,NA,"","","","","","","Halictidae_diurnal","","","",NA,"",9000,"Trocha Union","netting","","","",NA,"Neocorynura","Neocorynura","A4_181_20221205_01485",FALSE,FALSE
"A4.181.20221205.01486_S33","16S_AW_Butterfly_Peru_bees","A4_181_20221205_01486","Bees",NA,"A4_bees_4","F1",16,"1486","sample","Bees","","Andrea","Hymenoptera","Halictidae","Halictinae","Augochlorini","Neocorynura","Neocorynura","","","Paucartambo","Trocha Union","Peru","","20221205",NA,NA,NA,NA,NA,"","","181",1810,16.01035789,"-13.06972 S","-71.55544 W","Paucartambo","","Kosnipata","Steep, forest, low but mostly closed canopy",NA,NA,NA,NA,NA,"","","","","","","Halictidae_diurnal","","","",NA,"",9000,"Trocha Union","netting","","","",NA,"Neocorynura","Neocorynura","A4_181_20221205_01486",FALSE,FALSE
"A4.181.20221205.01487_S34","16S_AW_Butterfly_Peru_bees","A4_181_20221205_01487","Bees",NA,"A4_bees_4","F2",16,"1487","sample","Bees","","Andrea","Hymenoptera","Halictidae","Halictinae","Augochlorini","Neocorynura","Neocorynura","","","Paucartambo","Trocha Union","Peru","","20221205",NA,NA,NA,NA,NA,"","","181",1810,16.01035789,"-13.06972 S","-71.55544 W","Paucartambo","","Kosnipata","Steep, forest, low but mostly closed canopy",NA,NA,NA,NA,NA,"","","","","","","Halictidae_diurnal","","","",NA,"",9000,"Trocha Union","netting","","","",NA,"Neocorynura","Neocorynura","A4_181_20221205_01487",FALSE,FALSE
"A4.181.20221205.01488_S35","16S_AW_Butterfly_Peru_bees","A4_181_20221205_01488","Bees",NA,"A4_bees_4","F3",16,"1488","sample","Bees","","Andrea","Hymenoptera","Halictidae","Halictinae","Augochlorini","Neocorynura","Neocorynura","","","Paucartambo","Trocha Union","Peru","","20221205",NA,NA,NA,NA,NA,"","","181",1810,16.01035789,"-13.06972 S","-71.55544 W","Paucartambo","","Kosnipata","Steep, forest, low but mostly closed canopy",NA,NA,NA,NA,NA,"","","","","","","Halictidae_diurnal","","","",NA,"",9000,"Trocha Union","netting","","","",NA,"Neocorynura","Neocorynura","A4_181_20221205_01488",FALSE,FALSE
"A4.181.20221205.01489_S36","16S_AW_Butterfly_Peru_bees","A4_181_20221205_01489","Bees",NA,"A4_bees_4","F4",16,"1489","sample","Bees","","Andrea","Hymenoptera","Halictidae","Halictinae","Augochlorini","Neocorynura","Neocorynura","","","Paucartambo","Trocha Union","Peru","","20221205",NA,NA,NA,NA,NA,"","","181",1810,16.01035789,"-13.06972 S","-71.55544 W","Paucartambo","","Kosnipata","Steep, forest, low but mostly closed canopy",NA,NA,NA,NA,NA,"","","","","","","Halictidae_diurnal","","","",NA,"",9000,"Trocha Union","netting","","","",NA,"Neocorynura","Neocorynura","A4_181_20221205_01489",FALSE,FALSE
"A4.181.20221205.01490_S37","16S_AW_Butterfly_Peru_bees","A4_181_20221205_01490","Bees",NA,"A4_bees_4","F5",16,"1490","sample","Bees","","Andrea","Hymenoptera","Halictidae","Halictinae","Augochlorini","Neocorynura","Neocorynura","","","Paucartambo","Trocha Union","Peru","","20221205",NA,NA,NA,NA,NA,"","","181",1810,16.01035789,"-13.06972 S","-71.55544 W","Paucartambo","","Kosnipata","Steep, forest, low but mostly closed canopy",NA,NA,NA,NA,NA,"","","","","","","Halictidae_diurnal","","","",NA,"",9000,"Trocha Union","netting","","","",NA,"Neocorynura","Neocorynura","A4_181_20221205_01490",FALSE,FALSE
"A4.181.20221205.01491_S38","16S_AW_Butterfly_Peru_bees","A4_181_20221205_01491","Bees",NA,"A4_bees_4","F6",16,"1491","sample","Bees","","Andrea","Hymenoptera","Halictidae","Halictinae","Augochlorini","Neocorynura","Neocorynura","","","Paucartambo","Trocha Union","Peru","","20221205",NA,NA,NA,NA,NA,"","","181",1810,16.01035789,"-13.06972 S","-71.55544 W","Paucartambo","","Kosnipata","Steep, forest, low but mostly closed canopy",NA,NA,NA,NA,NA,"","","","","","","Halictidae_diurnal","","","",NA,"",9000,"Trocha Union","netting","","","",NA,"Neocorynura","Neocorynura","A4_181_20221205_01491",FALSE,FALSE
"A4.181.20221205.01492_S39","16S_AW_Butterfly_Peru_bees","A4_181_20221205_01492","Bees",NA,"A4_bees_4","F7",16,"1492","sample","Bees","","Andrea","Hymenoptera","Halictidae","Halictinae","Augochlorini","Neocorynura","Neocorynura","","","Paucartambo","Trocha Union","Peru","","20221205",NA,NA,NA,NA,NA,"","","181",1810,16.01035789,"-13.06972 S","-71.55544 W","Paucartambo","","Kosnipata","Steep, forest, low but mostly closed canopy",NA,NA,NA,NA,NA,"","","","","","","Halictidae_diurnal","","","",NA,"",9000,"Trocha Union","netting","","","",NA,"Neocorynura","Neocorynura","A4_181_20221205_01492",FALSE,FALSE
"A4.181.20221205.01493_S40","16S_AW_Butterfly_Peru_bees","A4_181_20221205_01493","Bees",NA,"A4_bees_4","F8",16,"1493","sample","Bees","","Andrea","Hymenoptera","Halictidae","Halictinae","Augochlorini","Neocorynura","Neocorynura","","","Paucartambo","Trocha Union","Peru","","20221205",NA,NA,NA,NA,NA,"","","181",1810,16.01035789,"-13.06972 S","-71.55544 W","Paucartambo","","Kosnipata","Steep, forest, low but mostly closed canopy",NA,NA,NA,NA,NA,"","","","","","","Halictidae_diurnal","","","",NA,"",9000,"Trocha Union","netting","","","",NA,"Neocorynura","Neocorynura","A4_181_20221205_01493",FALSE,FALSE
"A4.181.20221205.01494_S41","16S_AW_Butterfly_Peru_bees","A4_181_20221205_01494","Bees",NA,"A4_bees_4","F9",16,"1494","sample","Bees","","Andrea","Hymenoptera","Halictidae","Halictinae","Augochlorini","Neocorynura","Neocorynura","","","Paucartambo","Trocha Union","Peru","","20221205",NA,NA,NA,NA,NA,"","","181",1810,16.01035789,"-13.06972 S","-71.55544 W","Paucartambo","","Kosnipata","Steep, forest, low but mostly closed canopy",NA,NA,NA,NA,NA,"","","","","","","Halictidae_diurnal","","","",NA,"",9000,"Trocha Union","netting","","","",NA,"Neocorynura","Neocorynura","A4_181_20221205_01494",FALSE,FALSE
"A4.181.20221205.01495_S42","16S_AW_Butterfly_Peru_bees","A4_181_20221205_01495","Bees",NA,"A4_bees_4","F10",16,"1495","sample","Bees","","Andrea","Hymenoptera","Halictidae","Halictinae","Augochlorini","Neocorynura","Neocorynura","","","Paucartambo","Trocha Union","Peru","","20221205",NA,NA,NA,NA,NA,"","","181",1810,16.01035789,"-13.06972 S","-71.55544 W","Paucartambo","","Kosnipata","Steep, forest, low but mostly closed canopy",NA,NA,NA,NA,NA,"","","","","","","Halictidae_diurnal","","","",NA,"",9000,"Trocha Union","netting","","","",NA,"Neocorynura","Neocorynura","A4_181_20221205_01495",FALSE,FALSE
"A4.181.20221205.01497_S45","16S_AW_Butterfly_Peru_bees","A4_181_20221205_01497","Bees",NA,"A4_bees_4","F12",16,"1497","sample","Bees","","Andrea","Hymenoptera","Halictidae","Halictinae","Augochlorini","Augochlora","Augochlora","","","Paucartambo","Trocha Union","Peru","","20221205",NA,NA,NA,NA,NA,"","","181",1810,16.01035789,"-13.06972 S","-71.55544 W","Paucartambo","","Kosnipata","Steep, forest, low but mostly closed canopy",NA,NA,NA,NA,NA,"","","","","","","Halictidae_diurnal","","","",NA,"",9000,"Trocha Union","netting","Halictidae","","",NA,"Augochlora","Augochlora","A4_181_20221205_01497",FALSE,FALSE
"A4.181.20221205.01498_S46","16S_AW_Butterfly_Peru_bees","A4_181_20221205_01498","Bees",NA,"A4_bees_4","G1",16,"1498","sample","Bees","","Andrea","Hymenoptera","Halictidae","Halictinae","Augochlorini","Neocorynura","Neocorynura","","","Paucartambo","Trocha Union","Peru","","20221205",NA,NA,NA,NA,NA,"","","181",1810,16.01035789,"-13.06972 S","-71.55544 W","Paucartambo","","Kosnipata","Steep, forest, low but mostly closed canopy",NA,NA,NA,NA,NA,"","","","","","","Halictidae_diurnal","","","",NA,"",9000,"Trocha Union","netting","","","",NA,"Neocorynura","Neocorynura","A4_181_20221205_01498",FALSE,FALSE
"A4.181.20221205.01499_S47","16S_AW_Butterfly_Peru_bees","A4_181_20221205_01499","Bees",NA,"A4_bees_4","G2",16,"1499","sample","Bees","","Andrea","Hymenoptera","Halictidae","Halictinae","Augochlorini","Neocorynura","Neocorynura","","","Paucartambo","Trocha Union","Peru","","20221205",NA,NA,NA,NA,NA,"","","181",1810,16.01035789,"-13.06972 S","-71.55544 W","Paucartambo","","Kosnipata","Steep, forest, low but mostly closed canopy",NA,NA,NA,NA,NA,"","","","","","","Halictidae_diurnal","","","",NA,"",9000,"Trocha Union","netting","","","",NA,"Neocorynura","Neocorynura","A4_181_20221205_01499",FALSE,FALSE
"A4.181.20221205.01500_S48","16S_AW_Butterfly_Peru_bees","A4_181_20221205_01500","Bees",NA,"A4_bees_4","G3",16,"1500","sample","Bees","","Andrea","Hymenoptera","Halictidae","Halictinae","Augochlorini","Neocorynura","Neocorynura","","","Paucartambo","Trocha Union","Peru","","20221205",NA,NA,NA,NA,NA,"","","181",1810,16.01035789,"-13.06972 S","-71.55544 W","Paucartambo","","Kosnipata","Steep, forest, low but mostly closed canopy",NA,NA,NA,NA,NA,"","","","","","","Halictidae_diurnal","","","",NA,"",9000,"Trocha Union","netting","","","",NA,"Neocorynura","Neocorynura","A4_181_20221205_01500",FALSE,FALSE
"A4.181.20221205.01501_S49","16S_AW_Butterfly_Peru_bees","A4_181_20221205_01501","Bees",NA,"A4_bees_4","G4",16,"1501","sample","Bees","","Andrea","Hymenoptera","Halictidae","Halictinae","Augochlorini","Neocorynura","Neocorynura","","","Paucartambo","Trocha Union","Peru","","20221205",NA,NA,NA,NA,NA,"","","181",1810,16.01035789,"-13.06972 S","-71.55544 W","Paucartambo","","Kosnipata","Steep, forest, low but mostly closed canopy",NA,NA,NA,NA,NA,"","","","","","","Halictidae_diurnal","","","",NA,"",9000,"Trocha Union","netting","","","",NA,"Neocorynura","Neocorynura","A4_181_20221205_01501",FALSE,FALSE
"A4.181.20221205.01502_S50","16S_AW_Butterfly_Peru_bees","A4_181_20221205_01502","Bees",NA,"A4_bees_4","G5",16,"1502","sample","Bees","","Andrea","Hymenoptera","Halictidae","Halictinae","Augochlorini","Neocorynura","Neocorynura","","","Paucartambo","Trocha Union","Peru","","20221205",NA,NA,NA,NA,NA,"","","181",1810,16.01035789,"-13.06972 S","-71.55544 W","Paucartambo","","Kosnipata","Steep, forest, low but mostly closed canopy",NA,NA,NA,NA,NA,"","","","","","","Halictidae_diurnal","","","",NA,"",9000,"Trocha Union","netting","","","",NA,"Neocorynura","Neocorynura","A4_181_20221205_01502",FALSE,FALSE
"A4.181.20221205.01503_S51","16S_AW_Butterfly_Peru_bees","A4_181_20221205_01503","Bees",NA,"A4_bees_4","G6",16,"1503","sample","Bees","","Andrea","Hymenoptera","Halictidae","Halictinae","Augochlorini","Neocorynura","Neocorynura","","","Paucartambo","Trocha Union","Peru","","20221205",NA,NA,NA,NA,NA,"","","181",1810,16.01035789,"-13.06972 S","-71.55544 W","Paucartambo","","Kosnipata","Steep, forest, low but mostly closed canopy",NA,NA,NA,NA,NA,"","","","","","","Halictidae_diurnal","","","",NA,"",9000,"Trocha Union","netting","","","",NA,"Neocorynura","Neocorynura","A4_181_20221205_01503",FALSE,FALSE
"A4.181.20221205.01504_S52","16S_AW_Butterfly_Peru_bees","A4_181_20221205_01504","Bees",NA,"A4_bees_4","G7",16,"1504","sample","Bees","","Andrea","Hymenoptera","Halictidae","Halictinae","Augochlorini","Neocorynura","Neocorynura","","","Paucartambo","Trocha Union","Peru","","20221205",NA,NA,NA,NA,NA,"","","181",1810,16.01035789,"-13.06972 S","-71.55544 W","Paucartambo","","Kosnipata","Steep, forest, low but mostly closed canopy",NA,NA,NA,NA,NA,"","","","","","","Halictidae_diurnal","","","",NA,"",9000,"Trocha Union","netting","","","",NA,"Neocorynura","Neocorynura","A4_181_20221205_01504",FALSE,FALSE
"A4.181.20221205.01505_S53","16S_AW_Butterfly_Peru_bees","A4_181_20221205_01505","Bees",NA,"A4_bees_4","G8",16,"1505","sample","Bees","","Andrea","Hymenoptera","Halictidae","Halictinae","Augochlorini","Neocorynura","Neocorynura","","","Paucartambo","Trocha Union","Peru","","20221205",NA,NA,NA,NA,NA,"","","181",1810,16.01035789,"-13.06972 S","-71.55544 W","Paucartambo","","Kosnipata","Steep, forest, low but mostly closed canopy",NA,NA,NA,NA,NA,"","","","","","","Halictidae_diurnal","","","",NA,"",9000,"Trocha Union","netting","","","",NA,"Neocorynura","Neocorynura","A4_181_20221205_01505",FALSE,FALSE
"A4.181.20221205.01506_S54","16S_AW_Butterfly_Peru_bees","A4_181_20221205_01506","Bees",NA,"A4_bees_4","G9",16,"1506","sample","Bees","","Andrea","Hymenoptera","Halictidae","Halictinae","Augochlorini","Neocorynura","Neocorynura","","","Paucartambo","Trocha Union","Peru","","20221205",NA,NA,NA,NA,NA,"","","181",1810,16.01035789,"-13.06972 S","-71.55544 W","Paucartambo","","Kosnipata","Steep, forest, low but mostly closed canopy",NA,NA,NA,NA,NA,"","","","","","","Halictidae_diurnal","","","",NA,"",9000,"Trocha Union","netting","","","",NA,"Neocorynura","Neocorynura","A4_181_20221205_01506",FALSE,FALSE
"A4.181.20221205.01507_S55","16S_AW_Butterfly_Peru_bees","A4_181_20221205_01507","Bees",NA,"A4_bees_4","G10",16,"1507","sample","Bees","","Andrea","Hymenoptera","Halictidae","Halictinae","Augochlorini","Neocorynura","Neocorynura","","","Paucartambo","Trocha Union","Peru","","20221205",NA,NA,NA,NA,NA,"","","181",1810,16.01035789,"-13.06972 S","-71.55544 W","Paucartambo","","Kosnipata","Steep, forest, low but mostly closed canopy",NA,NA,NA,NA,NA,"","","","","","","Halictidae_diurnal","","","",NA,"",9000,"Trocha Union","netting","","","",NA,"Neocorynura","Neocorynura","A4_181_20221205_01507",FALSE,FALSE
"A4.181.20221205.01508_S56","16S_AW_Butterfly_Peru_bees","A4_181_20221205_01508","Bees",NA,"A4_bees_4","G11",16,"1508","sample","Bees","","Andrea","Hymenoptera","Halictidae","Halictinae","Augochlorini","Neocorynura","Neocorynura","","","Paucartambo","Trocha Union","Peru","","20221205",NA,NA,NA,NA,NA,"","","181",1810,16.01035789,"-13.06972 S","-71.55544 W","Paucartambo","","Kosnipata","Steep, forest, low but mostly closed canopy",NA,NA,NA,NA,NA,"","","","","","","Halictidae_diurnal","","","",NA,"",9000,"Trocha Union","netting","","","",NA,"Neocorynura","Neocorynura","A4_181_20221205_01508",FALSE,FALSE
"A4.181.20221205.01509_S58","16S_AW_Butterfly_Peru_bees","A4_181_20221205_01509","Bees",NA,"A4_bees_4","G12",16,"1509","sample","Bees","","Andrea","Hymenoptera","Halictidae","Halictinae","Augochlorini","Neocorynura","Neocorynura","","","Paucartambo","Trocha Union","Peru","","20221205",NA,NA,NA,NA,NA,"","","181",1810,16.01035789,"-13.06972 S","-71.55544 W","Paucartambo","","Kosnipata","Steep, forest, low but mostly closed canopy",NA,NA,NA,NA,NA,"","","","","","","Halictidae_diurnal","","","",NA,"",9000,"Trocha Union","netting","","","",NA,"Neocorynura","Neocorynura","A4_181_20221205_01509",FALSE,FALSE
"A4.181.20221205.01510_S59","16S_AW_Butterfly_Peru_bees","A4_181_20221205_01510","Bees",NA,"A4_bees_4","H1",16,"1510","sample","Bees","","Andrea","Hymenoptera","Halictidae","Halictinae","Augochlorini","Neocorynura","Neocorynura","","","Paucartambo","Trocha Union","Peru","","20221205",NA,NA,NA,NA,NA,"","","181",1810,16.01035789,"-13.06972 S","-71.55544 W","Paucartambo","","Kosnipata","Steep, forest, low but mostly closed canopy",NA,NA,NA,NA,NA,"","","","","","","Halictidae_diurnal","","","",NA,"",9000,"Trocha Union","netting","","","",NA,"Neocorynura","Neocorynura","A4_181_20221205_01510",FALSE,FALSE
"A4.181.20221205.01511_S60","16S_AW_Butterfly_Peru_bees","A4_181_20221205_01511","Bees",NA,"A4_bees_4","H2",16,"1511","sample","Bees","","Andrea","Hymenoptera","Halictidae","Halictinae","Augochlorini","Neocorynura","Neocorynura","","","Paucartambo","Trocha Union","Peru","","20221205",NA,NA,NA,NA,NA,"","","181",1810,16.01035789,"-13.06972 S","-71.55544 W","Paucartambo","","Kosnipata","Steep, forest, low but mostly closed canopy",NA,NA,NA,NA,NA,"","","","","","","Halictidae_diurnal","","","",NA,"",9000,"Trocha Union","netting","","","",NA,"Neocorynura","Neocorynura","A4_181_20221205_01511",FALSE,FALSE
"A4.181.20221205.01512_S61","16S_AW_Butterfly_Peru_bees","A4_181_20221205_01512","Bees",NA,"A4_bees_4","H3",16,"1512","sample","Bees","","Andrea","Hymenoptera","Halictidae","Halictinae","Halictinae","Halictinae","Halictidae_diurnal","","","Paucartambo","Trocha Union","Peru","","20221205",NA,NA,NA,NA,NA,"","","181",1810,16.01035789,"-13.06972 S","-71.55544 W","Paucartambo","","Kosnipata","Steep, forest, low but mostly closed canopy",NA,NA,NA,NA,NA,"","","","","","","Halictidae_diurnal","","","",NA,"",9000,"Trocha Union","netting",NA,NA,NA,NA,"Halictidae_diurnal","Halictidae_diurnal","A4_181_20221205_01512",FALSE,FALSE
"A4.181.20221205.01513_S62","16S_AW_Butterfly_Peru_bees","A4_181_20221205_01513","Bees",NA,"A4_bees_4","H4",16,"1513","sample","Bees","","Andrea","Hymenoptera","Halictidae","Halictinae","Halictinae","Halictinae","Halictidae_diurnal","","","Paucartambo","Trocha Union","Peru","","20221205",NA,NA,NA,NA,NA,"","","181",1810,16.01035789,"-13.06972 S","-71.55544 W","Paucartambo","","Kosnipata","Steep, forest, low but mostly closed canopy",NA,NA,NA,NA,NA,"","","","","","","Halictidae_diurnal","","","",NA,"",9000,"Trocha Union","netting",NA,NA,NA,NA,"Halictidae_diurnal","Halictidae_diurnal","A4_181_20221205_01513",FALSE,FALSE
"A4.181.20221205.01514_S63","16S_AW_Butterfly_Peru_bees","A4_181_20221205_01514","Bees",NA,"A4_bees_4","H5",16,"1514","sample","Bees","","Andrea","Hymenoptera","Halictidae","Halictinae","Augochlorini","Neocorynura","Neocorynura","","","Paucartambo","Trocha Union","Peru","","20221205",NA,NA,NA,NA,NA,"","","181",1810,16.01035789,"-13.06972 S","-71.55544 W","Paucartambo","","Kosnipata","Steep, forest, low but mostly closed canopy",NA,NA,NA,NA,NA,"","","","","","","Halictidae_diurnal","","","",NA,"",9000,"Trocha Union","netting","","","",NA,"Neocorynura","Neocorynura","A4_181_20221205_01514",FALSE,FALSE
"A4.181.20221205.01515_S65","16S_AW_Butterfly_Peru_bees","A4_181_20221205_01515","Bees",NA,"A4_bees_4","H6",16,"1515","sample","Bees","","Andrea","Hymenoptera","Halictidae","Halictinae","Augochlorini","Neocorynura","Neocorynura","","","Paucartambo","Trocha Union","Peru","","20221205",NA,NA,NA,NA,NA,"","","181",1810,16.01035789,"-13.06972 S","-71.55544 W","Paucartambo","","Kosnipata","Steep, forest, low but mostly closed canopy",NA,NA,NA,NA,NA,"","","","","","","Halictidae_diurnal","","","",NA,"",9000,"Trocha Union","netting",NA,NA,NA,NA,"Neocorynura","Neocorynura","A4_181_20221205_01515",FALSE,FALSE
"A4.181.20221205.01516_S66","16S_AW_Butterfly_Peru_bees","A4_181_20221205_01516","Bees",NA,"A4_bees_4","H7",16,"1516","sample","Bees","","Andrea","Hymenoptera","Halictidae","Halictinae","Augochlorini","Neocorynura","Neocorynura","","","Paucartambo","Trocha Union","Peru","","20221205",NA,NA,NA,NA,NA,"","","181",1810,16.01035789,"-13.06972 S","-71.55544 W","Paucartambo","","Kosnipata","Steep, forest, low but mostly closed canopy",NA,NA,NA,NA,NA,"","","","","","","Halictidae_diurnal","","","",NA,"",9000,"Trocha Union","netting","","","",NA,"Neocorynura","Neocorynura","A4_181_20221205_01516",FALSE,FALSE
"A4.181.20221205.01548_S193","16S_AW_Butterfly_Peru_bees","A4_181_20221205_01548","Bees",NA,"A4_bees_5","C4",17,"1548","sample","Bees","","Andrea","Hymenoptera","Apidae","Apinae","Euglossini","Euglossa","Euglossa","","","Paucartambo","Trocha Union","Peru","","20221205",NA,NA,NA,NA,NA,"","","181",1810,16.01035789,"-13.06972 S","-71.55544 W","Paucartambo","","Kosnipata","Steep, forest, low but mostly closed canopy",NA,NA,NA,NA,NA,"","","","","","","Euglossini","","","",NA,"",9000,"Trocha Union","netting","Apidae","Euglossa","Euglossa_dressleri","Euglossa","Euglossa","Euglossa","A4_181_20221205_01548",FALSE,FALSE
"A4.181.20221205.01549_S194","16S_AW_Butterfly_Peru_bees","A4_181_20221205_01549","Bees",NA,"A4_bees_5","C5",17,"1549","sample","Bees","","Andrea","Hymenoptera","Apidae","Apinae","Euglossini","Euglossa","Euglossa","","","Paucartambo","Trocha Union","Peru","","20221205",NA,NA,NA,NA,NA,"","","181",1810,16.01035789,"-13.06972 S","-71.55544 W","Paucartambo","","Kosnipata","Steep, forest, low but mostly closed canopy",NA,NA,NA,NA,NA,"","","","","","","Euglossini","","","",NA,"",9000,"Trocha Union","netting","Apidae","Euglossa","Euglossa_dressleri","Euglossa","Euglossa","Euglossa","A4_181_20221205_01549",FALSE,FALSE
"A4.181.20221205.01550_S196","16S_AW_Butterfly_Peru_bees","A4_181_20221205_01550","Bees",NA,"A4_bees_5","C6",17,"1550","sample","Bees","","Andrea","Hymenoptera","Apidae","Apinae","Euglossini","Euglossa","Euglossa","","","Paucartambo","Trocha Union","Peru","","20221205",NA,NA,NA,NA,NA,"","","181",1810,16.01035789,"-13.06972 S","-71.55544 W","Paucartambo","","Kosnipata","Steep, forest, low but mostly closed canopy",NA,NA,NA,NA,NA,"","","","","","","Euglossini","","","",NA,"",9000,"Trocha Union","netting","Apidae","Euglossa","Euglossa_dressleri","Euglossa","Euglossa","Euglossa","A4_181_20221205_01550",FALSE,FALSE
"A4.181.20221205.01551_S197","16S_AW_Butterfly_Peru_bees","A4_181_20221205_01551","Bees",NA,"A4_bees_5","C7",17,"1551","sample","Bees","","Andrea","Hymenoptera","Apidae","Apinae","Euglossini","Euglossa","Euglossa","","","Paucartambo","Trocha Union","Peru","","20221205",NA,NA,NA,NA,NA,"","","181",1810,16.01035789,"-13.06972 S","-71.55544 W","Paucartambo","","Kosnipata","Steep, forest, low but mostly closed canopy",NA,NA,NA,NA,NA,"","","","","","","Euglossini","","","",NA,"",9000,"Trocha Union","netting","Apidae","Euglossa","Euglossa_dressleri","Euglossa","Euglossa","Euglossa","A4_181_20221205_01551",FALSE,FALSE
"A4.200.20221205.01367_S98","16S_AW_Butterfly_Peru_bees","A4_200_20221205_01367","Bees",NA,"A4_bees_4","D1",15,"1367","sample","Bees","","Andrea","Hymenoptera","Apidae","Apinae","Euglossini","Euglossa","Euglossa","","","Paucartambo","Trocha Union","Peru","","20221205",NA,NA,NA,NA,NA,"","","200",2000,15.70223434,"-13.07377 S","-71.55938 W","Paucartambo","","Kosnipata","Steep, forest, low but mostly closed canopy",NA,NA,NA,NA,NA,"","","","","","","Euglossini","","","",NA,"",1000,"Trocha Union","netting","Apidae","Euglossa","Euglossa_dressleri","Euglossa","Euglossa","Euglossa","A4_200_20221205_01367",FALSE,FALSE
"A4.200.20221205.01368_S100","16S_AW_Butterfly_Peru_bees","A4_200_20221205_01368","Bees",NA,"A4_bees_4","D2",15,"1368","sample","Bees","","Andrea","Hymenoptera","Apidae","Apinae","Apini","Apis","Apis","","","Paucartambo","Trocha Union","Peru","","20221205",NA,NA,NA,NA,NA,"","","200",2000,15.70223434,"-13.07377 S","-71.55938 W","Paucartambo","","Kosnipata","Steep, forest, low but mostly closed canopy",NA,NA,NA,NA,NA,"","","","","","","Apis","","","",NA,"",1000,"Trocha Union","netting","Apidae","Apis","Apis melifera","Apis","Apis melifera","Apis","A4_200_20221205_01368",FALSE,FALSE
"A4.200.20221205.01369_S101","16S_AW_Butterfly_Peru_bees","A4_200_20221205_01369","Bees",NA,"A4_bees_4","D3",15,"1369","sample","Bees","","Andrea","Hymenoptera","Apidae","Apinae","Apini","Apis","Apis","","","Paucartambo","Trocha Union","Peru","","20221205",NA,NA,NA,NA,NA,"","","200",2000,15.70223434,"-13.07377 S","-71.55938 W","Paucartambo","","Kosnipata","Steep, forest, low but mostly closed canopy",NA,NA,NA,NA,NA,"","","","","","","Apis","","","",NA,"",1000,"Trocha Union","netting","Apidae","Apis","Apis melifera","Apis","Apis melifera","Apis","A4_200_20221205_01369",FALSE,FALSE
"A4.200.20221205.01370_S102","16S_AW_Butterfly_Peru_bees","A4_200_20221205_01370","Bees",NA,"A4_bees_4","D4",15,"1370","sample","Bees","","Andrea","Hymenoptera","Halictidae","Halictinae","Augochlorini","Neocorynura","Neocorynura","","","Paucartambo","Trocha Union","Peru","","20221205",NA,NA,NA,NA,NA,"","","200",2000,15.70223434,"-13.07377 S","-71.55938 W","Paucartambo","","Kosnipata","Steep, forest, low but mostly closed canopy",NA,NA,NA,NA,NA,"","","","","","","Halictidae_diurnal","","","",NA,"",1000,"Trocha Union","netting","","","",NA,"Neocorynura","Neocorynura","A4_200_20221205_01370",FALSE,FALSE
"A4.200.20221205.01552_S198","16S_AW_Butterfly_Peru_bees","A4_200_20221205_01552","Bees",NA,"A4_bees_5","C8",17,"1552","sample","Bees","","Andrea","Hymenoptera","Apidae","Apinae","Euglossini","Euglossa","Euglossa","","","Paucartambo","Trocha Union","Peru","","20221205",NA,NA,NA,NA,NA,"","","200",2000,15.70223434,"-13.07377 S","-71.55938 W","Paucartambo","","Kosnipata","Steep, forest, low but mostly closed canopy",NA,NA,NA,NA,NA,"","","","","","","Euglossini","","","",NA,"",9000,"Trocha Union","netting","Apidae","Euglossa","Euglossa_dressleri","Euglossa","Euglossa","Euglossa","A4_200_20221205_01552",FALSE,FALSE
"A4.200.20221205.01553_S199","16S_AW_Butterfly_Peru_bees","A4_200_20221205_01553","Bees",NA,"A4_bees_5","C9",17,"1553","sample","Bees","","Andrea","Hymenoptera","Apidae","Apinae","Euglossini","Euglossa","Euglossa","","","Paucartambo","Trocha Union","Peru","","20221205",NA,NA,NA,NA,NA,"","","200",2000,15.70223434,"-13.07377 S","-71.55938 W","Paucartambo","","Kosnipata","Steep, forest, low but mostly closed canopy",NA,NA,NA,NA,NA,"","","","","","","Euglossini","","","",NA,"",9000,"Trocha Union","netting","Apidae","Euglossa","Euglossa_dressleri","Euglossa","Euglossa","Euglossa","A4_200_20221205_01553",FALSE,FALSE
"A4.200.20221205.01554_S200","16S_AW_Butterfly_Peru_bees","A4_200_20221205_01554","Bees",NA,"A4_bees_5","C10",17,"1554","sample","Bees","","Andrea","Hymenoptera","Apidae","Apinae","Euglossini","Euglossa","Euglossa","","","Paucartambo","Trocha Union","Peru","","20221205",NA,NA,NA,NA,NA,"","","200",2000,15.70223434,"-13.07377 S","-71.55938 W","Paucartambo","","Kosnipata","Steep, forest, low but mostly closed canopy",NA,NA,NA,NA,NA,"","","","","","","Euglossini","","","",NA,"",9000,"Trocha Union","netting","Apidae","Euglossa","Euglossa_dressleri","Euglossa","Euglossa","Euglossa","A4_200_20221205_01554",FALSE,FALSE
"A4.200.20221205.01555_S201","16S_AW_Butterfly_Peru_bees","A4_200_20221205_01555","Bees",NA,"A4_bees_5","C11",17,"1555","sample","Bees","","Andrea","Hymenoptera","Apidae","Apinae","Euglossini","Euglossa","Euglossa","","","Paucartambo","Trocha Union","Peru","","20221205",NA,NA,NA,NA,NA,"","","200",2000,15.70223434,"-13.07377 S","-71.55938 W","Paucartambo","","Kosnipata","Steep, forest, low but mostly closed canopy",NA,NA,NA,NA,NA,"","","","","","","Euglossini","","","",NA,"",9000,"Trocha Union","netting","Apidae","Euglossa","Euglossa_dressleri","Euglossa","Euglossa","Euglossa","A4_200_20221205_01555",FALSE,FALSE
"A4.200.20221205.01556_S202","16S_AW_Butterfly_Peru_bees","A4_200_20221205_01556","Bees",NA,"A4_bees_5","C12",17,"1556","sample","Bees","","Andrea","Hymenoptera","Halictidae","Halictinae","Augochlorini","Neocorynura","Neocorynura","","","Paucartambo","Trocha Union","Peru","","20221205",NA,NA,NA,NA,NA,"","","200",2000,15.70223434,"-13.07377 S","-71.55938 W","Paucartambo","","Kosnipata","Steep, forest, low but mostly closed canopy",NA,NA,NA,NA,NA,"","","","","","","Halictidae_diurnal","","","",NA,"",9000,"Trocha Union","netting","","","",NA,"Neocorynura","Neocorynura","A4_200_20221205_01556",FALSE,FALSE
"A4.200.20221205.01557_S203","16S_AW_Butterfly_Peru_bees","A4_200_20221205_01557","Bees",NA,"A4_bees_5","D1",17,"1557","sample","Bees","","Andrea","Hymenoptera","Halictidae","Halictinae","Augochlorini","Neocorynura","Neocorynura","","","Paucartambo","Trocha Union","Peru","","20221205",NA,NA,NA,NA,NA,"","","200",2000,15.70223434,"-13.07377 S","-71.55938 W","Paucartambo","","Kosnipata","Steep, forest, low but mostly closed canopy",NA,NA,NA,NA,NA,"","","","","","","Halictidae_diurnal","","","",NA,"",9000,"Trocha Union","netting","","","",NA,"Neocorynura","Neocorynura","A4_200_20221205_01557",FALSE,FALSE
"A4.200.20221205.01558_S204","16S_AW_Butterfly_Peru_bees","A4_200_20221205_01558","Bees",NA,"A4_bees_5","D2",17,"1558","sample","Bees","","Andrea","Hymenoptera","Halictidae","Halictinae","Augochlorini","Neocorynura","Neocorynura","","","Paucartambo","Trocha Union","Peru","","20221205",NA,NA,NA,NA,NA,"","","200",2000,15.70223434,"-13.07377 S","-71.55938 W","Paucartambo","","Kosnipata","Steep, forest, low but mostly closed canopy",NA,NA,NA,NA,NA,"","","","","","","Halictidae_diurnal","","","",NA,"",9000,"Trocha Union","netting","","","",NA,"Neocorynura","Neocorynura","A4_200_20221205_01558",FALSE,FALSE
"A4.200.20221205.01559_S205","16S_AW_Butterfly_Peru_bees","A4_200_20221205_01559","Bees",NA,"A4_bees_5","D3",17,"1559","sample","Bees","","Andrea","Hymenoptera","Halictidae","Halictinae","Augochlorini","Neocorynura","Neocorynura","","","Paucartambo","Trocha Union","Peru","","20221205",NA,NA,NA,NA,NA,"","","200",2000,15.70223434,"-13.07377 S","-71.55938 W","Paucartambo","","Kosnipata","Steep, forest, low but mostly closed canopy",NA,NA,NA,NA,NA,"","","","","","","Halictidae_diurnal","","","",NA,"",9000,"Trocha Union","netting","","","",NA,"Neocorynura","Neocorynura","A4_200_20221205_01559",FALSE,FALSE
"A4.200.20221205.01560_S206","16S_AW_Butterfly_Peru_bees","A4_200_20221205_01560","Bees",NA,"A4_bees_5","D4",17,"1560","sample","Bees","","Andrea","Hymenoptera","Halictidae","Halictinae","Augochlorini","Neocorynura","Neocorynura","","","Paucartambo","Trocha Union","Peru","","20221205",NA,NA,NA,NA,NA,"","","200",2000,15.70223434,"-13.07377 S","-71.55938 W","Paucartambo","","Kosnipata","Steep, forest, low but mostly closed canopy",NA,NA,NA,NA,NA,"","","","","","","Halictidae_diurnal","","","",NA,"",9000,"Trocha Union","netting","","","",NA,"Neocorynura","Neocorynura","A4_200_20221205_01560",FALSE,FALSE
"A4.200.20221205.01561_S207","16S_AW_Butterfly_Peru_bees","A4_200_20221205_01561","Bees",NA,"A4_bees_5","D5",17,"1561","sample","Bees","","Andrea","Hymenoptera","Halictidae","Halictinae","Augochlorini","Augochloropsis","Augochloropsis","","","Paucartambo","Trocha Union","Peru","","20221205",NA,NA,NA,NA,NA,"","","200",2000,15.70223434,"-13.07377 S","-71.55938 W","Paucartambo","","Kosnipata","Steep, forest, low but mostly closed canopy",NA,NA,NA,NA,NA,"","","","","","","Halictidae_diurnal","","","",NA,"",9000,"Trocha Union","netting","","","",NA,"Augochloropsis","Augochloropsis","A4_200_20221205_01561",FALSE,FALSE
"A4.200.20221205.01562_S208","16S_AW_Butterfly_Peru_bees","A4_200_20221205_01562","Bees",NA,"A4_bees_5","D6",17,"1562","sample","Bees","","Andrea","Hymenoptera","Halictidae","Halictinae","Augochlorini","Augochloropsis","Augochloropsis","","","Paucartambo","Trocha Union","Peru","","20221205",NA,NA,NA,NA,NA,"","","200",2000,15.70223434,"-13.07377 S","-71.55938 W","Paucartambo","","Kosnipata","Steep, forest, low but mostly closed canopy",NA,NA,NA,NA,NA,"","","","","","","Halictidae_diurnal","","","",NA,"",9000,"Trocha Union","netting","","","",NA,"Augochloropsis","Augochloropsis","A4_200_20221205_01562",FALSE,FALSE
"A4.200.20221205.01563_S209","16S_AW_Butterfly_Peru_bees","A4_200_20221205_01563","Bees",NA,"A4_bees_5","D7",17,"1563","sample","Bees","","Andrea","Hymenoptera","Halictidae","Halictinae","Augochlorini","Augochloropsis","Augochloropsis","","","Paucartambo","Trocha Union","Peru","","20221205",NA,NA,NA,NA,NA,"","","200",2000,15.70223434,"-13.07377 S","-71.55938 W","Paucartambo","","Kosnipata","Steep, forest, low but mostly closed canopy",NA,NA,NA,NA,NA,"","","","","","","Halictidae_diurnal","","","",NA,"",9000,"Trocha Union","netting","","","",NA,"Augochloropsis","Augochloropsis","A4_200_20221205_01563",FALSE,FALSE
"A4.200.20221205.01564_S210","16S_AW_Butterfly_Peru_bees","A4_200_20221205_01564","Bees",NA,"A4_bees_5","D8",17,"1564","sample","Bees","","Andrea","Hymenoptera","Halictidae","Halictinae","Halictinae","Halictinae","Halictidae_diurnal","","","Paucartambo","Trocha Union","Peru","","20221205",NA,NA,NA,NA,NA,"","","200",2000,15.70223434,"-13.07377 S","-71.55938 W","Paucartambo","","Kosnipata","Steep, forest, low but mostly closed canopy",NA,NA,NA,NA,NA,"","","","","","","Halictidae_diurnal","","","",NA,"",9000,"Trocha Union","netting",NA,NA,NA,NA,"Halictidae_diurnal","Halictidae_diurnal","A4_200_20221205_01564",FALSE,FALSE
"A4.200.20221205.01569_S216","16S_AW_Butterfly_Peru_bees","A4_200_20221205_01569","Bees",NA,"A4_bees_5","E1",17,"1569","sample","Bees","","Andrea","Hymenoptera","Apidae","Apinae","Meliponini","Meliponini","Meliponini","","","Paucartambo","Trocha Union","Peru","","20221205",NA,NA,NA,NA,NA,"","","200",2000,15.70223434,"-13.07377 S","-71.55938 W","Paucartambo","","Kosnipata","Steep, forest, low but mostly closed canopy",NA,NA,NA,NA,NA,"","","","","","","Meliponini","","","",NA,"",9000,"Trocha Union","netting",NA,NA,NA,NA,"Meliponini","Meliponini","A4_200_20221205_01569",FALSE,FALSE
"A4.200.20221205.01570_S217","16S_AW_Butterfly_Peru_bees","A4_200_20221205_01570","Bees",NA,"A4_bees_5","E2",17,"1570","sample","Bees","","Andrea","Hymenoptera","Apidae","Apinae","Meliponini","Meliponini","Meliponini","","","Paucartambo","Trocha Union","Peru","","20221205",NA,NA,NA,NA,NA,"","","200",2000,15.70223434,"-13.07377 S","-71.55938 W","Paucartambo","","Kosnipata","Steep, forest, low but mostly closed canopy",NA,NA,NA,NA,NA,"","","","","","","Meliponini","","","",NA,"",9000,"Trocha Union","netting",NA,NA,NA,NA,"Meliponini","Meliponini","A4_200_20221205_01570",FALSE,FALSE
"A4.200.20221205.01571_S218","16S_AW_Butterfly_Peru_bees","A4_200_20221205_01571","Bees",NA,"A4_bees_5","E3",17,"1571","sample","Bees","","Andrea","Hymenoptera","Apidae","Apinae","Meliponini","Meliponini","Meliponini","","","Paucartambo","Trocha Union","Peru","","20221205",NA,NA,NA,NA,NA,"","","200",2000,15.70223434,"-13.07377 S","-71.55938 W","Paucartambo","","Kosnipata","Steep, forest, low but mostly closed canopy",NA,NA,NA,NA,NA,"","","","","","","Meliponini","","","",NA,"",9000,"Trocha Union","netting",NA,NA,NA,NA,"Meliponini","Meliponini","A4_200_20221205_01571",FALSE,FALSE
"A4.200.20221205.01572_S219","16S_AW_Butterfly_Peru_bees","A4_200_20221205_01572","Bees",NA,"A4_bees_5","E4",17,"1572","sample","Bees","","Andrea","Hymenoptera","Apidae","Apinae","Meliponini","Meliponini","Meliponini","","","Paucartambo","Trocha Union","Peru","","20221205",NA,NA,NA,NA,NA,"","","200",2000,15.70223434,"-13.07377 S","-71.55938 W","Paucartambo","","Kosnipata","Steep, forest, low but mostly closed canopy",NA,NA,NA,NA,NA,"","","","","","","Meliponini","","","",NA,"",9000,"Trocha Union","netting",NA,NA,NA,NA,"Meliponini","Meliponini","A4_200_20221205_01572",FALSE,FALSE
"A4.200.20221205.01573_S220","16S_AW_Butterfly_Peru_bees","A4_200_20221205_01573","Bees",NA,"A4_bees_5","E5",17,"1573","sample","Bees","","Andrea","Hymenoptera","Apidae","Apinae","Meliponini","Meliponini","Meliponini","","","Paucartambo","Trocha Union","Peru","","20221205",NA,NA,NA,NA,NA,"","","200",2000,15.70223434,"-13.07377 S","-71.55938 W","Paucartambo","","Kosnipata","Steep, forest, low but mostly closed canopy",NA,NA,NA,NA,NA,"","","","","","","Meliponini","","","",NA,"",9000,"Trocha Union","netting",NA,NA,NA,NA,"Meliponini","Meliponini","A4_200_20221205_01573",FALSE,FALSE
"A4.200.20221205.01574_S221","16S_AW_Butterfly_Peru_bees","A4_200_20221205_01574","Bees",NA,"A4_bees_5","E6",17,"1574","sample","Bees","","Andrea","Hymenoptera","Apidae","Apinae","Meliponini","Meliponini","Meliponini","","","Paucartambo","Trocha Union","Peru","","20221205",NA,NA,NA,NA,NA,"","","200",2000,15.70223434,"-13.07377 S","-71.55938 W","Paucartambo","","Kosnipata","Steep, forest, low but mostly closed canopy",NA,NA,NA,NA,NA,"","","","","","","Meliponini","","","",NA,"",9000,"Trocha Union","netting",NA,NA,NA,NA,"Meliponini","Meliponini","A4_200_20221205_01574",FALSE,FALSE
"A4.200.20221205.01575_S223","16S_AW_Butterfly_Peru_bees","A4_200_20221205_01575","Bees",NA,"A4_bees_5","E7",17,"1575","sample","Bees","","Andrea","Hymenoptera","Apidae","Apinae","Meliponini","Plebeia","Plebeia","","","Paucartambo","Trocha Union","Peru","","20221205",NA,NA,NA,NA,NA,"","","200",2000,15.70223434,"-13.07377 S","-71.55938 W","Paucartambo","","Kosnipata","Steep, forest, low but mostly closed canopy",NA,NA,NA,NA,NA,"","","","","","","Meliponini","","","",NA,"",9000,"Trocha Union","netting","Apidae","Plebeia","Plebeia_frontalis","Plebeia","Plebeia","Plebeia","A4_200_20221205_01575",FALSE,FALSE
"A4.200.20221205.01576_S224","16S_AW_Butterfly_Peru_bees","A4_200_20221205_01576","Bees",NA,"A4_bees_5","E8",17,"1576","sample","Bees","","Andrea","Hymenoptera","Apidae","Apinae","Apini","Apis","Apis","melifera melifera","","Paucartambo","Trocha Union","Peru","","20221205",NA,NA,NA,NA,NA,"","","200",2000,15.70223434,"-13.07377 S","-71.55938 W","Paucartambo","","Kosnipata","Steep, forest, low but mostly closed canopy",NA,NA,NA,NA,NA,"","","","","","","Apis","","","",NA,"",9000,"Trocha Union","netting","Apidae","Apis","Apis melifera","Apis","Apis melifera","Apis","A4_200_20221205_01576",FALSE,FALSE
"A4.200.20221205.01577_S225","16S_AW_Butterfly_Peru_bees","A4_200_20221205_01577","Bees",NA,"A4_bees_5","E9",17,"1577","sample","Bees","","Andrea","Hymenoptera","Halictidae","Halictinae","Halictinae","Halictinae","Halictidae_diurnal","","","Paucartambo","Trocha Union","Peru","","20221205",NA,NA,NA,NA,NA,"","","200",2000,15.70223434,"-13.07377 S","-71.55938 W","Paucartambo","","Kosnipata","Steep, forest, low but mostly closed canopy",NA,NA,NA,NA,NA,"","","","","","","Halictidae_diurnal","","","",NA,"",9000,"Trocha Union","netting",NA,NA,NA,NA,"Halictidae_diurnal","Halictidae_diurnal","A4_200_20221205_01577",FALSE,FALSE
"A4.200.20221205.01578_S226","16S_AW_Butterfly_Peru_bees","A4_200_20221205_01578","Bees",NA,"A4_bees_5","E10",17,"1578","sample","Bees","","Andrea","Hymenoptera","Halictidae","Halictinae","Augochlorini","Neocorynura","Neocorynura","","","Paucartambo","Trocha Union","Peru","","20221205",NA,NA,NA,NA,NA,"","","200",2000,15.70223434,"-13.07377 S","-71.55938 W","Paucartambo","","Kosnipata","Steep, forest, low but mostly closed canopy",NA,NA,NA,NA,NA,"","","","","","","Halictidae_diurnal","","","",NA,"",9000,"Trocha Union","netting","","","",NA,"Neocorynura","Neocorynura","A4_200_20221205_01578",FALSE,FALSE
"A4.200.20221205.01579_S227","16S_AW_Butterfly_Peru_bees","A4_200_20221205_01579","Bees",NA,"A4_bees_5","E11",17,"1579","sample","Bees","","Andrea","Hymenoptera","Halictidae","Halictinae","Halictinae","Halictinae","Halictidae_diurnal","","","Paucartambo","Trocha Union","Peru","","20221205",NA,NA,NA,NA,NA,"","","200",2000,15.70223434,"-13.07377 S","-71.55938 W","Paucartambo","","Kosnipata","Steep, forest, low but mostly closed canopy",NA,NA,NA,NA,NA,"","","","","","","Halictidae_diurnal","","","",NA,"",9000,"Trocha Union","netting",NA,NA,NA,NA,"Halictidae_diurnal","Halictidae_diurnal","A4_200_20221205_01579",FALSE,FALSE
"A4.224.20221205.01371_S103","16S_AW_Butterfly_Peru_bees","A4_224_20221205_01371","Bees",NA,"A4_bees_4","D5",15,"1371","sample","Bees","","Andrea","Hymenoptera","Apidae","Apinae","Apini","Apis","Apis","","","Paucartambo","Trocha Union","Peru","","20221205",NA,NA,NA,NA,NA,"","","224",2250,14.16904026,"-13.081 S","-71.566 W","Paucartambo","","Kosnipata","Steep, forest, low but mostly closed canopy, bushland",NA,NA,NA,NA,NA,"","","","","","","Apis","","","",NA,"",1200,"Trocha Union","netting","Apidae","Apis","Apis melifera","Apis","Apis melifera","Apis","A4_224_20221205_01371",FALSE,FALSE
"A4.224.20221207.01522_S72","16S_AW_Butterfly_Peru_bees","A4_224_20221207_01522","Bees",NA,"A4_bees_5","A2",17,"1522","sample","Bees","","Andrea","Hymenoptera","Apidae","Apinae","Apini","Apis","Apis","melifera melifera","","Paucartambo","Trocha Union","Peru","","20221207",NA,NA,NA,NA,NA,"","","224",2250,14.16904026,"-13.081 S","-71.566 W","Paucartambo","","Kosnipata","Steep, forest, low but mostly closed canopy, bushland",NA,NA,NA,NA,NA,"","","","","","","Apis","","","",NA,"",9000,"Trocha Union","netting","Apidae","Apis","Apis melifera","Apis","Apis melifera","Apis","A4_224_20221207_01522",FALSE,FALSE
"A4.224.20221207.01523_S74","16S_AW_Butterfly_Peru_bees","A4_224_20221207_01523","Bees",NA,"A4_bees_5","A3",17,"1523","sample","Bees","","Andrea","Hymenoptera","Apidae","Apinae","Apini","Apis","Apis","","","Paucartambo","Trocha Union","Peru","","20221207",NA,NA,NA,NA,NA,"","","224",2250,14.16904026,"-13.081 S","-71.566 W","Paucartambo","","Kosnipata","Steep, forest, low but mostly closed canopy, bushland",NA,NA,NA,NA,NA,"","","","","","","Apis","","","",NA,"",9000,"Trocha Union","netting","Apidae","Apis","Apis melifera","Apis","Apis melifera","Apis","A4_224_20221207_01523",FALSE,FALSE
"A4.224.20221207.01524_S75","16S_AW_Butterfly_Peru_bees","A4_224_20221207_01524","Bees",NA,"A4_bees_5","A4",17,"1524","sample","Bees","","Andrea","Hymenoptera","Apidae","Apinae","Euglossini","Euglossa","Euglossa","","","Paucartambo","Trocha Union","Peru","","20221207",NA,NA,NA,NA,NA,"","","224",2250,14.16904026,"-13.081 S","-71.566 W","Paucartambo","","Kosnipata","Steep, forest, low but mostly closed canopy, bushland",NA,NA,NA,NA,NA,"","","","","","","Euglossini","","","",NA,"",9000,"Trocha Union","netting","Apidae","Euglossa","Euglossa_ioprosopa","Euglossa","Euglossa","Euglossa","A4_224_20221207_01524",FALSE,FALSE
"A4.224.20221207.01525_S76","16S_AW_Butterfly_Peru_bees","A4_224_20221207_01525","Bees",NA,"A4_bees_5","A5",17,"1525","sample","Bees","","Andrea","Hymenoptera","Halictidae","Halictinae","Augochlorini","Neocorynura","Neocorynura","","","Paucartambo","Trocha Union","Peru","","20221207",NA,NA,NA,NA,NA,"","","224",2250,14.16904026,"-13.081 S","-71.566 W","Paucartambo","","Kosnipata","Steep, forest, low but mostly closed canopy, bushland",NA,NA,NA,NA,NA,"","","","","","","Halictidae_diurnal","","","",NA,"",9000,"Trocha Union","netting","","","",NA,"Neocorynura","Neocorynura","A4_224_20221207_01525",FALSE,FALSE
"A4.224.20221207.01526_S77","16S_AW_Butterfly_Peru_bees","A4_224_20221207_01526","Bees",NA,"A4_bees_5","A6",17,"1526","sample","Bees","","Andrea","Hymenoptera","Apidae","Apinae","Euglossini","Euglossa","Euglossa","","","Paucartambo","Trocha Union","Peru","","20221207",NA,NA,NA,NA,NA,"","","224",2250,14.16904026,"-13.081 S","-71.566 W","Paucartambo","","Kosnipata","Steep, forest, low but mostly closed canopy, bushland",NA,NA,NA,NA,NA,"","","","","","","Euglossini","","","",NA,"",9000,"Trocha Union","netting","Apidae","Euglossa","Euglossa_ioprosopa","Euglossa","Euglossa","Euglossa","A4_224_20221207_01526",FALSE,FALSE
"A4.224.20221207.01527_S78","16S_AW_Butterfly_Peru_bees","A4_224_20221207_01527","Bees",NA,"A4_bees_5","A7",17,"1527","sample","Bees","","Andrea","Hymenoptera","Apidae","Apinae","Euglossini","Euglossa","Euglossa","","","Paucartambo","Trocha Union","Peru","","20221207",NA,NA,NA,NA,NA,"","","224",2250,14.16904026,"-13.081 S","-71.566 W","Paucartambo","","Kosnipata","Steep, forest, low but mostly closed canopy, bushland",NA,NA,NA,NA,NA,"","","","","","","Euglossini","","","",NA,"",9000,"Trocha Union","netting","Apidae","Euglossa","Euglossa_dressleri","Euglossa","Euglossa","Euglossa","A4_224_20221207_01527",FALSE,FALSE
"A4.224.20221207.01528_S79","16S_AW_Butterfly_Peru_bees","A4_224_20221207_01528","Bees",NA,"A4_bees_5","A8",17,"1528","sample","Bees","","Andrea","Hymenoptera","Apidae","Apinae","Euglossini","Euglossa","Euglossa","","","Paucartambo","Trocha Union","Peru","","20221207",NA,NA,NA,NA,NA,"","","224",2250,14.16904026,"-13.081 S","-71.566 W","Paucartambo","","Kosnipata","Steep, forest, low but mostly closed canopy, bushland",NA,NA,NA,NA,NA,"","","","","","","Euglossini","","","",NA,"",9000,"Trocha Union","netting","Apidae","Euglossa","Euglossa_dressleri","Euglossa","Euglossa","Euglossa","A4_224_20221207_01528",FALSE,FALSE
"A4.224.20221207.01529_S80","16S_AW_Butterfly_Peru_bees","A4_224_20221207_01529","Bees",NA,"A4_bees_5","A9",17,"1529","sample","Bees","","Andrea","Hymenoptera","Apidae","Apinae","Apini","Apis","Apis","","","Paucartambo","Trocha Union","Peru","","20221207",NA,NA,NA,NA,NA,"","","224",2250,14.16904026,"-13.081 S","-71.566 W","Paucartambo","","Kosnipata","Steep, forest, low but mostly closed canopy, bushland",NA,NA,NA,NA,NA,"","","","","","","Apis","","","",NA,"",9000,"Trocha Union","netting","Apidae","Apis","Apis melifera","Apis","Apis melifera","Apis","A4_224_20221207_01529",FALSE,FALSE
"A4.224.20221207.01530_S81","16S_AW_Butterfly_Peru_bees","A4_224_20221207_01530","Bees",NA,"A4_bees_5","A10",17,"1530","sample","Bees","","Andrea","Hymenoptera","Apidae","Apinae","Apini","Apis","Apis","","","Paucartambo","Trocha Union","Peru","","20221207",NA,NA,NA,NA,NA,"","","224",2250,14.16904026,"-13.081 S","-71.566 W","Paucartambo","","Kosnipata","Steep, forest, low but mostly closed canopy, bushland",NA,NA,NA,NA,NA,"","","","","","","Apis","","","",NA,"",9000,"Trocha Union","netting","Apidae","Apis","Apis melifera","Apis","Apis melifera","Apis","A4_224_20221207_01530",FALSE,FALSE
"A4.224.20221207.01531_S82","16S_AW_Butterfly_Peru_bees","A4_224_20221207_01531","Bees",NA,"A4_bees_5","A11",17,"1531","sample","Bees","","Andrea","Hymenoptera","Apidae","Apinae","Apini","Apis","Apis","","","Paucartambo","Trocha Union","Peru","","20221207",NA,NA,NA,NA,NA,"","","224",2250,14.16904026,"-13.081 S","-71.566 W","Paucartambo","","Kosnipata","Steep, forest, low but mostly closed canopy, bushland",NA,NA,NA,NA,NA,"","","","","","","Apis","","","",NA,"",9000,"Trocha Union","netting","Apidae","Apis","Apis melifera","Apis","Apis melifera","Apis","A4_224_20221207_01531",FALSE,FALSE
"A4.224.20221207.01532_S83","16S_AW_Butterfly_Peru_bees","A4_224_20221207_01532","Bees",NA,"A4_bees_5","A12",17,"1532","sample","Bees","","Andrea","Hymenoptera","Apidae","Apinae","Apini","Apis","Apis","","","Paucartambo","Trocha Union","Peru","","20221207",NA,NA,NA,NA,NA,"","","224",2250,14.16904026,"-13.081 S","-71.566 W","Paucartambo","","Kosnipata","Steep, forest, low but mostly closed canopy, bushland",NA,NA,NA,NA,NA,"","","","","","","Apis","","","",NA,"",9000,"Trocha Union","netting","Apidae","Apis","Apis melifera","Apis","Apis melifera","Apis","A4_224_20221207_01532",FALSE,FALSE
"A4.224.20221207.01533_S84","16S_AW_Butterfly_Peru_bees","A4_224_20221207_01533","Bees",NA,"A4_bees_5","B1",17,"1533","sample","Bees","","Andrea","Hymenoptera","Halictidae","Halictinae","Augochlorini","Neocorynura","Neocorynura","","","Paucartambo","Trocha Union","Peru","","20221207",NA,NA,NA,NA,NA,"","","224",2250,14.16904026,"-13.081 S","-71.566 W","Paucartambo","","Kosnipata","Steep, forest, low but mostly closed canopy, bushland",NA,NA,NA,NA,NA,"","","","","","","Halictidae_diurnal","","","",NA,"",9000,"Trocha Union","netting","","","",NA,"Neocorynura","Neocorynura","A4_224_20221207_01533",FALSE,FALSE
"A4.224.20221207.01534_S85","16S_AW_Butterfly_Peru_bees","A4_224_20221207_01534","Bees",NA,"A4_bees_5","B2",17,"1534","sample","Bees","","Andrea","Hymenoptera","Halictidae","Halictinae","Augochlorini","Neocorynura","Neocorynura","","","Paucartambo","Trocha Union","Peru","","20221207",NA,NA,NA,NA,NA,"","","224",2250,14.16904026,"-13.081 S","-71.566 W","Paucartambo","","Kosnipata","Steep, forest, low but mostly closed canopy, bushland",NA,NA,NA,NA,NA,"","","","","","","Halictidae_diurnal","","","",NA,"",9000,"Trocha Union","netting","","","",NA,"Neocorynura","Neocorynura","A4_224_20221207_01534",FALSE,FALSE
"A4.224.20221207.01535_S86","16S_AW_Butterfly_Peru_bees","A4_224_20221207_01535","Bees",NA,"A4_bees_5","B3",17,"1535","sample","Bees","","Andrea","Hymenoptera","Halictidae","Halictinae","Augochlorini","Neocorynura","Neocorynura","","","Paucartambo","Trocha Union","Peru","","20221207",NA,NA,NA,NA,NA,"","","224",2250,14.16904026,"-13.081 S","-71.566 W","Paucartambo","","Kosnipata","Steep, forest, low but mostly closed canopy, bushland",NA,NA,NA,NA,NA,"","","","","","","Halictidae_diurnal","","","",NA,"",9000,"Trocha Union","netting","","","",NA,"Neocorynura","Neocorynura","A4_224_20221207_01535",FALSE,FALSE
"A4.224.20221207.01536_S87","16S_AW_Butterfly_Peru_bees","A4_224_20221207_01536","Bees",NA,"A4_bees_5","B4",17,"1536","sample","Bees","","Andrea","Hymenoptera","Halictidae","Halictinae","Augochlorini","Neocorynura","Neocorynura","","","Paucartambo","Trocha Union","Peru","","20221207",NA,NA,NA,NA,NA,"","","224",2250,14.16904026,"-13.081 S","-71.566 W","Paucartambo","","Kosnipata","Steep, forest, low but mostly closed canopy, bushland",NA,NA,NA,NA,NA,"","","","","","","Halictidae_diurnal","","","",NA,"",9000,"Trocha Union","netting","","","",NA,"Neocorynura","Neocorynura","A4_224_20221207_01536",FALSE,FALSE
"A4.224.20221207.01537_S88","16S_AW_Butterfly_Peru_bees","A4_224_20221207_01537","Bees",NA,"A4_bees_5","B5",17,"1537","sample","Bees","","Andrea","Hymenoptera","Halictidae","Halictinae","Augochlorini","Neocorynura","Neocorynura","","","Paucartambo","Trocha Union","Peru","","20221207",NA,NA,NA,NA,NA,"","","224",2250,14.16904026,"-13.081 S","-71.566 W","Paucartambo","","Kosnipata","Steep, forest, low but mostly closed canopy, bushland",NA,NA,NA,NA,NA,"","","","","","","Halictidae_diurnal","","","",NA,"",9000,"Trocha Union","netting","","","",NA,"Neocorynura","Neocorynura","A4_224_20221207_01537",FALSE,FALSE
"A4.224.20221207.01538_S89","16S_AW_Butterfly_Peru_bees","A4_224_20221207_01538","Bees",NA,"A4_bees_5","B6",17,"1538","sample","Bees","","Andrea","Hymenoptera","Halictidae","Halictinae","Augochlorini","Neocorynura","Neocorynura","","","Paucartambo","Trocha Union","Peru","","20221207",NA,NA,NA,NA,NA,"","","224",2250,14.16904026,"-13.081 S","-71.566 W","Paucartambo","","Kosnipata","Steep, forest, low but mostly closed canopy, bushland",NA,NA,NA,NA,NA,"","","","","","","Halictidae_diurnal","","","",NA,"",9000,"Trocha Union","netting","","","",NA,"Neocorynura","Neocorynura","A4_224_20221207_01538",FALSE,FALSE
"A4.224.20221207.01539_S90","16S_AW_Butterfly_Peru_bees","A4_224_20221207_01539","Bees",NA,"A4_bees_5","B7",17,"1539","sample","Bees","","Andrea","Hymenoptera","Halictidae","Halictinae","Augochlorini","Neocorynura","Neocorynura","","","Paucartambo","Trocha Union","Peru","","20221207",NA,NA,NA,NA,NA,"","","224",2250,14.16904026,"-13.081 S","-71.566 W","Paucartambo","","Kosnipata","Steep, forest, low but mostly closed canopy, bushland",NA,NA,NA,NA,NA,"","","","","","","Halictidae_diurnal","","","",NA,"",9000,"Trocha Union","netting","","","",NA,"Neocorynura","Neocorynura","A4_224_20221207_01539",FALSE,FALSE
"A4.224.20221207.01540_S91","16S_AW_Butterfly_Peru_bees","A4_224_20221207_01540","Bees",NA,"A4_bees_5","B8",17,"1540","sample","Bees","","Andrea","Hymenoptera","Apidae","Apinae","Meliponini","Plebeia","Plebeia","","","Paucartambo","Trocha Union","Peru","","20221207",NA,NA,NA,NA,NA,"","","224",2250,14.16904026,"-13.081 S","-71.566 W","Paucartambo","","Kosnipata","Steep, forest, low but mostly closed canopy, bushland",NA,NA,NA,NA,NA,"","","","","","","Meliponini","","","",NA,"",9000,"Trocha Union","netting","Apidae","Plebeia","Plebeia_frontalis","Plebeia","Plebeia","Plebeia","A4_224_20221207_01540",FALSE,FALSE
"A4.224.20221207.01541_S92","16S_AW_Butterfly_Peru_bees","A4_224_20221207_01541","Bees",NA,"A4_bees_5","B9",17,"1541","sample","Bees","","Andrea","Hymenoptera","Apidae","Apinae","Meliponini","Plebeia","Plebeia","","","Paucartambo","Trocha Union","Peru","","20221207",NA,NA,NA,NA,NA,"","","224",2250,14.16904026,"-13.081 S","-71.566 W","Paucartambo","","Kosnipata","Steep, forest, low but mostly closed canopy, bushland",NA,NA,NA,NA,NA,"","","","","","","Meliponini","","","",NA,"",9000,"Trocha Union","netting","Apidae","Plebeia","Plebeia_frontalis","Plebeia","Plebeia","Plebeia","A4_224_20221207_01541",FALSE,FALSE
"A4.224.20221207.01542_S93","16S_AW_Butterfly_Peru_bees","A4_224_20221207_01542","Bees",NA,"A4_bees_5","B10",17,"1542","sample","Bees","","Andrea","Hymenoptera","Apidae","Apinae","Meliponini","Plebeia","Plebeia","","","Paucartambo","Trocha Union","Peru","","20221207",NA,NA,NA,NA,NA,"","","224",2250,14.16904026,"-13.081 S","-71.566 W","Paucartambo","","Kosnipata","Steep, forest, low but mostly closed canopy, bushland",NA,NA,NA,NA,NA,"","","","","","","Meliponini","","","",NA,"",9000,"Trocha Union","netting","Apidae","Plebeia","Plebeia_frontalis","Plebeia","Plebeia","Plebeia","A4_224_20221207_01542",FALSE,FALSE
"A4.224.20221207.01543_S94","16S_AW_Butterfly_Peru_bees","A4_224_20221207_01543","Bees",NA,"A4_bees_5","B11",17,"1543","sample","Bees","","Andrea","Hymenoptera","Apidae","Apinae","Meliponini","Plebeia","Plebeia","","","Paucartambo","Trocha Union","Peru","","20221207",NA,NA,NA,NA,NA,"","","224",2250,14.16904026,"-13.081 S","-71.566 W","Paucartambo","","Kosnipata","Steep, forest, low but mostly closed canopy, bushland",NA,NA,NA,NA,NA,"","","","","","","Meliponini","","","",NA,"",9000,"Trocha Union","netting","Apidae","Plebeia","Plebeia_frontalis","Plebeia","Plebeia","Plebeia","A4_224_20221207_01543",FALSE,FALSE
"A4.224.20221207.01544_S95","16S_AW_Butterfly_Peru_bees","A4_224_20221207_01544","Bees",NA,"A4_bees_5","B12",17,"1544","sample","Bees","","Andrea","Hymenoptera","Apidae","Apinae","Meliponini","Plebeia","Plebeia","","","Paucartambo","Trocha Union","Peru","","20221207",NA,NA,NA,NA,NA,"","","224",2250,14.16904026,"-13.081 S","-71.566 W","Paucartambo","","Kosnipata","Steep, forest, low but mostly closed canopy, bushland",NA,NA,NA,NA,NA,"","","","","","","Meliponini","","","",NA,"",9000,"Trocha Union","netting","Apidae","Plebeia","Plebeia_frontalis","Plebeia","Plebeia","Plebeia","A4_224_20221207_01544",FALSE,FALSE
"A4.224.20221207.01565_S211","16S_AW_Butterfly_Peru_bees","A4_224_20221207_01565","Bees",NA,"A4_bees_5","D9",17,"1565","sample","Bees","","Andrea","Hymenoptera","Halictidae","Halictinae","Augochlorini","Neocorynura","Neocorynura","","","Paucartambo","Trocha Union","Peru","","20221207",NA,NA,NA,NA,NA,"","","224",2250,14.16904026,"-13.081 S","-71.566 W","Paucartambo","","Kosnipata","Steep, forest, low but mostly closed canopy, bushland",NA,NA,NA,NA,NA,"","","","","","","Halictidae_diurnal","","","",NA,"",9000,"Trocha Union","netting","","","",NA,"Neocorynura","Neocorynura","A4_224_20221207_01565",FALSE,FALSE
"A4.224.20221207.01566_S212","16S_AW_Butterfly_Peru_bees","A4_224_20221207_01566","Bees",NA,"A4_bees_5","D10",17,"1566","sample","Bees","","Andrea","Hymenoptera","Halictidae","Halictinae","Augochlorini","Neocorynura","Neocorynura","","","Paucartambo","Trocha Union","Peru","","20221207",NA,NA,NA,NA,NA,"","","224",2250,14.16904026,"-13.081 S","-71.566 W","Paucartambo","","Kosnipata","Steep, forest, low but mostly closed canopy, bushland",NA,NA,NA,NA,NA,"","","","","","","Halictidae_diurnal","","","",NA,"",9000,"Trocha Union","netting","","","",NA,"Neocorynura","Neocorynura","A4_224_20221207_01566",FALSE,FALSE
"A4.224.20221207.01567_S213","16S_AW_Butterfly_Peru_bees","A4_224_20221207_01567","Bees",NA,"A4_bees_5","D11",17,"1567","sample","Bees","","Andrea","Hymenoptera","Halictidae","Halictinae","Augochlorini","Neocorynura","Neocorynura","","","Paucartambo","Trocha Union","Peru","","20221207",NA,NA,NA,NA,NA,"","","224",2250,14.16904026,"-13.081 S","-71.566 W","Paucartambo","","Kosnipata","Steep, forest, low but mostly closed canopy, bushland",NA,NA,NA,NA,NA,"","","","","","","Halictidae_diurnal","","","",NA,"",9000,"Trocha Union","netting","","","",NA,"Neocorynura","Neocorynura","A4_224_20221207_01567",FALSE,FALSE
"A4.224.20221207.01568_S215","16S_AW_Butterfly_Peru_bees","A4_224_20221207_01568","Bees",NA,"A4_bees_5","D12",17,"1568","sample","Bees","","Andrea","Hymenoptera","Halictidae","Halictinae","Augochlorini","Neocorynura","Neocorynura","","","Paucartambo","Trocha Union","Peru","","20221207",NA,NA,NA,NA,NA,"","","224",2250,14.16904026,"-13.081 S","-71.566 W","Paucartambo","","Kosnipata","Steep, forest, low but mostly closed canopy, bushland",NA,NA,NA,NA,NA,"","","","","","","Halictidae_diurnal","","","",NA,"",9000,"Trocha Union","netting","","","",NA,"Neocorynura","Neocorynura","A4_224_20221207_01568",FALSE,FALSE
"A4.23.20221126.01071_S135","16S_AW_Butterfly_Peru_bees","A4_23_20221126_01071","Bees",NA,"A4_bees_3","C2",12,"1071","sample","Bees","","Andrea","Hymenoptera","Apidae","Apinae","Euglossini","Eulaema","Eulaema","bombiformis","","Madre de Dios","Los Amigos Biological field station","Peru","","20221126",NA,NA,NA,NA,NA,"","","23",230,23.81623777,"-12.570795 S","-70.09245 W","Madre de Dios","","Manu"," mature forest, closed canopy, big trees",NA,NA,NA,NA,NA,"","","","","","","Euglossini","","","",NA,"",8000,"Los Amigos Biological field station","netting","Apidae","Eulaema","Eulaema_meriana","Eulaema","Eulaema","Eulaema","A4_23_20221126_01071",FALSE,FALSE
"A4.23.20221126.01072_S136","16S_AW_Butterfly_Peru_bees","A4_23_20221126_01072","Bees",NA,"A4_bees_3","C3",12,"1072","sample","Bees","","Andrea","Hymenoptera","Apidae","Apinae","Euglossini","Euglossa","Euglossa","","","Madre de Dios","Los Amigos Biological field station","Peru","","20221126",NA,NA,NA,NA,NA,"","","23",230,23.81623777,"-12.570795 S","-70.09245 W","Madre de Dios","","Manu"," mature forest, closed canopy, big trees",NA,NA,NA,NA,NA,"","","","","","","Euglossini","","","",NA,"",8000,"Los Amigos Biological field station","netting","Apidae","Euglossa","Euglossa_variabilis","Euglossa","Euglossa","Euglossa","A4_23_20221126_01072",FALSE,FALSE
"A4.23.20221126.01102_S147","16S_AW_Butterfly_Peru_bees","A4_23_20221126_01102","Bees",NA,"A4_bees_3","E9",12,"1102","sample","Bees","","Andrea","Hymenoptera","Halictidae","Halictinae","Augochlorini","Megalopta","Megalopta","","","Madre de Dios","Los Amigos Biological field station","Peru","","20221126",NA,NA,NA,NA,NA,"","","23",230,23.81623777,"-12.570795 S","-70.09245 W","Madre de Dios","","Manu"," mature forest, closed canopy, big trees",NA,NA,NA,NA,NA,"","","","","","","Halictidae_nocturnal","","","",NA,"",1900,"Los Amigos Biological field station","Light trap","","","","Megalopta","Megalopta","Megalopta","A4_23_20221126_01102",FALSE,FALSE
"A4.23.20221126.01103_S148","16S_AW_Butterfly_Peru_bees","A4_23_20221126_01103","Bees",NA,"A4_bees_3","E10",12,"1103","sample","Bees","","Andrea","Hymenoptera","Halictidae","Halictinae","Augochlorini","Megalopta","Megalopta","","","Madre de Dios","Los Amigos Biological field station","Peru","","20221126",NA,NA,NA,NA,NA,"","","23",230,23.81623777,"-12.570795 S","-70.09245 W","Madre de Dios","","Manu"," mature forest, closed canopy, big trees",NA,NA,NA,NA,NA,"","","","","","","Halictidae_nocturnal","","","",NA,"",1900,"Los Amigos Biological field station","Light trap","","","","Megalopta","Megalopta","Megalopta","A4_23_20221126_01103",FALSE,FALSE
"A4.23.20221126.01181_S224","16S_AW_Butterfly_Peru_bees","A4_23_20221126_01181","Bees",NA,"A4_bees_4","D5",13,"1181","sample","Bees","","Andrea","Hymenoptera","Apidae","Apinae","Euglossini","Eulaema","Eufriesea","bombiformis","","Madre de Dios","Los Amigos Biological field station","Peru","","20221126",NA,NA,NA,NA,NA,"","","23",230,23.81623777,"-12.570795 S","-70.09245 W","Madre de Dios","","Manu"," mature forest, closed canopy, big trees",NA,NA,NA,NA,NA,"","","","","","","Euglossini","","","",NA,"",9000,"Los Amigos Biological field station","netting","Apidae","Eufriesea","Eufriesea_ornata","Eufriesea","Eufriesea","Eufriesea","A4_23_20221126_01181",FALSE,FALSE
"A4.23.20221126.01182_S225","16S_AW_Butterfly_Peru_bees","A4_23_20221126_01182","Bees",NA,"A4_bees_4","D6",13,"1182","sample","Bees","","Andrea","Hymenoptera","Apidae","Apinae","Euglossini","Eulaema","Eufriesea","bombiformis","","Madre de Dios","Los Amigos Biological field station","Peru","","20221126",NA,NA,NA,NA,NA,"","","23",230,23.81623777,"-12.570795 S","-70.09245 W","Madre de Dios","","Manu"," mature forest, closed canopy, big trees",NA,NA,NA,NA,NA,"","","","","","","Euglossini","","","",NA,"",9000,"Los Amigos Biological field station","netting","Apidae","Eufriesea","Eufriesea_ornata","Eufriesea","Eufriesea","Eufriesea","A4_23_20221126_01182",FALSE,FALSE
"A4.23.20221126.01183_S226","16S_AW_Butterfly_Peru_bees","A4_23_20221126_01183","Bees",NA,"A4_bees_4","D7",13,"1183","sample","Bees","","Andrea","Hymenoptera","Apidae","Apinae","Euglossini","Eulaema","Eulaema","bombiformis","","Madre de Dios","Los Amigos Biological field station","Peru","","20221126",NA,NA,NA,NA,NA,"","","23",230,23.81623777,"-12.570795 S","-70.09245 W","Madre de Dios","","Manu"," mature forest, closed canopy, big trees",NA,NA,NA,NA,NA,"","","","","","","Euglossini","","","",NA,"",9000,"Los Amigos Biological field station","netting","Apidae","Eulaema","Eulaema_meriana","Eulaema","Eulaema","Eulaema","A4_23_20221126_01183",FALSE,FALSE
"A4.23.20221126.01184_S227","16S_AW_Butterfly_Peru_bees","A4_23_20221126_01184","Bees",NA,"A4_bees_4","D8",13,"1184","sample","Bees","","Andrea","Hymenoptera","Apidae","Apinae","Euglossini","Exaerete","Exaerete","","","Madre de Dios","Los Amigos Biological field station","Peru","","20221126",NA,NA,NA,NA,NA,"","","23",230,23.81623777,"-12.570795 S","-70.09245 W","Madre de Dios","","Manu"," mature forest, closed canopy, big trees",NA,NA,NA,NA,NA,"","","","","","","Euglossini","","","",NA,"",9000,"Los Amigos Biological field station","netting","Apidae","Exaerete","Exaerete_frontalis","Exaerete","Exaerete","Exaerete","A4_23_20221126_01184",FALSE,FALSE
"A4.23.20221126.01186_S229","16S_AW_Butterfly_Peru_bees","A4_23_20221126_01186","Bees",NA,"A4_bees_4","D10",13,"1186","sample","Bees","","Andrea","Hymenoptera","Apidae","Apinae","Euglossini","Eufriesea","Eufriesea","","","Madre de Dios","Los Amigos Biological field station","Peru","","20221126",NA,NA,NA,NA,NA,"","","23",230,23.81623777,"-12.570795 S","-70.09245 W","Madre de Dios","","Manu"," mature forest, closed canopy, big trees",NA,NA,NA,NA,NA,"","","","","","","Euglossini","","","",NA,"",9000,"Los Amigos Biological field station","netting","","Eufriesea","Eufriesea_dressleri","Eufriesea","Eufriesea","Eufriesea","A4_23_20221126_01186",FALSE,FALSE
"A4.23.20221126.01187_S230","16S_AW_Butterfly_Peru_bees","A4_23_20221126_01187","Bees",NA,"A4_bees_4","D11",13,"1187","sample","Bees","","Andrea","Hymenoptera","Apidae","Apinae","Euglossini","Euglossa","Euglossa","","","Madre de Dios","Los Amigos Biological field station","Peru","","20221126",NA,NA,NA,NA,NA,"","","23",230,23.81623777,"-12.570795 S","-70.09245 W","Madre de Dios","","Manu"," mature forest, closed canopy, big trees",NA,NA,NA,NA,NA,"","","","","","","Euglossini","","","",NA,"",9000,"Los Amigos Biological field station","netting","Apidae","Euglossa","Euglossa_variabilis","Euglossa","Euglossa","Euglossa","A4_23_20221126_01187",FALSE,FALSE
"A4.23.20221126.01188_S231","16S_AW_Butterfly_Peru_bees","A4_23_20221126_01188","Bees",NA,"A4_bees_4","D12",13,"1188","sample","Bees","","Andrea","Hymenoptera","Apidae","Apinae","Euglossini","Euglossa","Euglossa","","","Madre de Dios","Los Amigos Biological field station","Peru","","20221126",NA,NA,NA,NA,NA,"","","23",230,23.81623777,"-12.570795 S","-70.09245 W","Madre de Dios","","Manu"," mature forest, closed canopy, big trees",NA,NA,NA,NA,NA,"","","","","","","Euglossini","","","",NA,"",9000,"Los Amigos Biological field station","netting","Apidae","Euglossa","Euglossa_bursigera","Euglossa","Euglossa","Euglossa","A4_23_20221126_01188",FALSE,FALSE
"A4.23.20221126.01189_S232","16S_AW_Butterfly_Peru_bees","A4_23_20221126_01189","Bees",NA,"A4_bees_4","E1",13,"1189","sample","Bees","","Andrea","Hymenoptera","Apidae","Apinae","Euglossini","Euglossa","Euglossa","","","Madre de Dios","Los Amigos Biological field station","Peru","","20221126",NA,NA,NA,NA,NA,"","","23",230,23.81623777,"-12.570795 S","-70.09245 W","Madre de Dios","","Manu"," mature forest, closed canopy, big trees",NA,NA,NA,NA,NA,"","","","","","","Euglossini","","","",NA,"",9000,"Los Amigos Biological field station","netting","Apidae","Euglossa","Euglossa_variabilis","Euglossa","Euglossa","Euglossa","A4_23_20221126_01189",FALSE,FALSE
"A4.23.20221126.01190_S233","16S_AW_Butterfly_Peru_bees","A4_23_20221126_01190","Bees",NA,"A4_bees_4","E2",13,"1190","sample","Bees","","Andrea","Hymenoptera","Apidae","Apinae","Euglossini","Euglossa","Euglossa","","","Madre de Dios","Los Amigos Biological field station","Peru","","20221126",NA,NA,NA,NA,NA,"","","23",230,23.81623777,"-12.570795 S","-70.09245 W","Madre de Dios","","Manu"," mature forest, closed canopy, big trees",NA,NA,NA,NA,NA,"","","","","","","Euglossini","","","",NA,"",9000,"Los Amigos Biological field station","netting","Apidae","Euglossa","Euglossa_gaianii","Euglossa","Euglossa","Euglossa","A4_23_20221126_01190",FALSE,FALSE
"A4.23.20221126.01191_S234","16S_AW_Butterfly_Peru_bees","A4_23_20221126_01191","Bees",NA,"A4_bees_4","E3",13,"1191","sample","Bees","","Andrea","Hymenoptera","Apidae","Apinae","Euglossini","Euglossa","Euglossa","","","Madre de Dios","Los Amigos Biological field station","Peru","","20221126",NA,NA,NA,NA,NA,"","","23",230,23.81623777,"-12.570795 S","-70.09245 W","Madre de Dios","","Manu"," mature forest, closed canopy, big trees",NA,NA,NA,NA,NA,"","","","","","","Euglossini","","","",NA,"",9000,"Los Amigos Biological field station","netting","Apidae","Euglossa","Euglossa_ignita","Euglossa","Euglossa","Euglossa","A4_23_20221126_01191",FALSE,FALSE
"A4.23.20221126.01192_S236","16S_AW_Butterfly_Peru_bees","A4_23_20221126_01192","Bees",NA,"A4_bees_4","E4",13,"1192","sample","Bees","","Andrea","Hymenoptera","Apidae","Apinae","Euglossini","Euglossa","Euglossa","","","Madre de Dios","Los Amigos Biological field station","Peru","","20221126",NA,NA,NA,NA,NA,"","","23",230,23.81623777,"-12.570795 S","-70.09245 W","Madre de Dios","","Manu"," mature forest, closed canopy, big trees",NA,NA,NA,NA,NA,"","","","","","","Euglossini","","","",NA,"",9000,"Los Amigos Biological field station","netting","Apidae","Euglossa","Euglossa_cognata","Euglossa","Euglossa","Euglossa","A4_23_20221126_01192",FALSE,FALSE
"A4.23.20221126.01193_S237","16S_AW_Butterfly_Peru_bees","A4_23_20221126_01193","Bees",NA,"A4_bees_4","E5",13,"1193","sample","Bees","","Andrea","Hymenoptera","Apidae","Apinae","Euglossini","Euglossa","Euglossa","","","Madre de Dios","Los Amigos Biological field station","Peru","","20221126",NA,NA,NA,NA,NA,"","","23",230,23.81623777,"-12.570795 S","-70.09245 W","Madre de Dios","","Manu"," mature forest, closed canopy, big trees",NA,NA,NA,NA,NA,"","","","","","","Euglossini","","","",NA,"",9000,"Los Amigos Biological field station","netting","Apidae","Euglossa","Euglossa_mixta","Euglossa","Euglossa","Euglossa","A4_23_20221126_01193",FALSE,FALSE
"A4.23.20221126.01194_S238","16S_AW_Butterfly_Peru_bees","A4_23_20221126_01194","Bees",NA,"A4_bees_4","E6",13,"1194","sample","Bees","","Andrea","Hymenoptera","Apidae","Apinae","Euglossini","Euglossa","Euglossa","","","Madre de Dios","Los Amigos Biological field station","Peru","","20221126",NA,NA,NA,NA,NA,"","","23",230,23.81623777,"-12.570795 S","-70.09245 W","Madre de Dios","","Manu"," mature forest, closed canopy, big trees",NA,NA,NA,NA,NA,"","","","","","","Euglossini","","","",NA,"",9000,"Los Amigos Biological field station","netting","Apidae","Euglossa","Euglossa_cognata","Euglossa","Euglossa","Euglossa","A4_23_20221126_01194",FALSE,FALSE
"A4.23.20221126.01195_S239","16S_AW_Butterfly_Peru_bees","A4_23_20221126_01195","Bees",NA,"A4_bees_4","E7",13,"1195","sample","Bees","","Andrea","Hymenoptera","Apidae","Apinae","Euglossini","Euglossa","Euglossa","","","Madre de Dios","Los Amigos Biological field station","Peru","","20221126",NA,NA,NA,NA,NA,"","","23",230,23.81623777,"-12.570795 S","-70.09245 W","Madre de Dios","","Manu"," mature forest, closed canopy, big trees",NA,NA,NA,NA,NA,"","","","","","","Euglossini","","","",NA,"",9000,"Los Amigos Biological field station","netting","Apidae","Euglossa","Euglossa_cognata","Euglossa","Euglossa","Euglossa","A4_23_20221126_01195",FALSE,FALSE
"A4.23.20221126.01196_S240","16S_AW_Butterfly_Peru_bees","A4_23_20221126_01196","Bees",NA,"A4_bees_4","E8",13,"1196","sample","Bees","","Andrea","Hymenoptera","Apidae","Apinae","Meliponini","Plebeia","Plebeia","","","Madre de Dios","Los Amigos Biological field station","Peru","","20221126",NA,NA,NA,NA,NA,"","","23",230,23.81623777,"-12.570795 S","-70.09245 W","Madre de Dios","","Manu"," mature forest, closed canopy, big trees",NA,NA,NA,NA,NA,"","","","","","","Meliponini","","","",NA,"",9000,"Los Amigos Biological field station","netting","Apidae","Plebeia","Plebeia_flavocincta","Plebeia","Plebeia","Plebeia","A4_23_20221126_01196",FALSE,FALSE
"A4.23.20221126.01197_S241","16S_AW_Butterfly_Peru_bees","A4_23_20221126_01197","Bees",NA,"A4_bees_4","E9",13,"1197","sample","Bees","","Andrea","Hymenoptera","Apidae","Apinae","Meliponini","Plebeia","Plebeia","","","Madre de Dios","Los Amigos Biological field station","Peru","","20221126",NA,NA,NA,NA,NA,"","","23",230,23.81623777,"-12.570795 S","-70.09245 W","Madre de Dios","","Manu"," mature forest, closed canopy, big trees",NA,NA,NA,NA,NA,"","","","","","","Meliponini","","","",NA,"",9000,"Los Amigos Biological field station","netting","Apidae","Plebeia","Plebeia_flavocincta","Plebeia","Plebeia","Plebeia","A4_23_20221126_01197",FALSE,FALSE
"A4.23.20221126.01198_S242","16S_AW_Butterfly_Peru_bees","A4_23_20221126_01198","Bees",NA,"A4_bees_4","E10",13,"1198","sample","Bees","","Andrea","Hymenoptera","Apidae","Apinae","Meliponini","Plebeia","Plebeia","","","Madre de Dios","Los Amigos Biological field station","Peru","","20221126",NA,NA,NA,NA,NA,"","","23",230,23.81623777,"-12.570795 S","-70.09245 W","Madre de Dios","","Manu"," mature forest, closed canopy, big trees",NA,NA,NA,NA,NA,"","","","","","","Meliponini","","","",NA,"",9000,"Los Amigos Biological field station","netting","Apidae","Plebeia","Plebeia_flavocincta","Plebeia","Plebeia","Plebeia","A4_23_20221126_01198",FALSE,FALSE
"A4.23.20221126.01199_S243","16S_AW_Butterfly_Peru_bees","A4_23_20221126_01199","Bees",NA,"A4_bees_4","E11",13,"1199","sample","Bees","","Andrea","Hymenoptera","Apidae","Apinae","Meliponini","Plebeia","Plebeia","","","Madre de Dios","Los Amigos Biological field station","Peru","","20221126",NA,NA,NA,NA,NA,"","","23",230,23.81623777,"-12.570795 S","-70.09245 W","Madre de Dios","","Manu"," mature forest, closed canopy, big trees",NA,NA,NA,NA,NA,"","","","","","","Meliponini","","","",NA,"",9000,"Los Amigos Biological field station","netting","Apidae","Plebeia","Plebeia_frontalis","Plebeia","Plebeia","Plebeia","A4_23_20221126_01199",FALSE,FALSE
"A4.23.20221126.01200_S244","16S_AW_Butterfly_Peru_bees","A4_23_20221126_01200","Bees",NA,"A4_bees_4","E12",13,"1200","sample","Bees","","Andrea","Hymenoptera","Apidae","Apinae","Meliponini","Plebeia","Plebeia","","","Madre de Dios","Los Amigos Biological field station","Peru","","20221126",NA,NA,NA,NA,NA,"","","23",230,23.81623777,"-12.570795 S","-70.09245 W","Madre de Dios","","Manu"," mature forest, closed canopy, big trees",NA,NA,NA,NA,NA,"","","","","","","Meliponini","","","",NA,"",9000,"Los Amigos Biological field station","netting","Apidae","Plebeia","","Plebeia","Plebeia","Plebeia","A4_23_20221126_01200",FALSE,FALSE
"A4.23.20221126.01201_S245","16S_AW_Butterfly_Peru_bees","A4_23_20221126_01201","Bees",NA,"A4_bees_4","F1",13,"1201","sample","Bees","","Andrea","Hymenoptera","Apidae","Apinae","Meliponini","Plebeia","Plebeia","","","Madre de Dios","Los Amigos Biological field station","Peru","","20221126",NA,NA,NA,NA,NA,"","","23",230,23.81623777,"-12.570795 S","-70.09245 W","Madre de Dios","","Manu"," mature forest, closed canopy, big trees",NA,NA,NA,NA,NA,"","","","","","","Meliponini","","","",NA,"",9000,"Los Amigos Biological field station","netting","Apidae","Plebeia","Plebeia_flavocincta","Plebeia","Plebeia","Plebeia","A4_23_20221126_01201",FALSE,FALSE
"A4.23.20221126.01202_S246","16S_AW_Butterfly_Peru_bees","A4_23_20221126_01202","Bees",NA,"A4_bees_4","F2",13,"1202","sample","Bees","","Andrea","Hymenoptera","Apidae","Apinae","Meliponini","Plebeia","Plebeia","","","Madre de Dios","Los Amigos Biological field station","Peru","","20221126",NA,NA,NA,NA,NA,"","","23",230,23.81623777,"-12.570795 S","-70.09245 W","Madre de Dios","","Manu"," mature forest, closed canopy, big trees",NA,NA,NA,NA,NA,"","","","","","","Meliponini","","","",NA,"",9000,"Los Amigos Biological field station","netting","Apidae","Plebeia","Plebeia_BOL01","Plebeia","Plebeia","Plebeia","A4_23_20221126_01202",FALSE,FALSE
"A4.23.20221126.01203_S247","16S_AW_Butterfly_Peru_bees","A4_23_20221126_01203","Bees",NA,"A4_bees_4","F3",13,"1203","sample","Bees","","Andrea","Hymenoptera","Apidae","Apinae","Meliponini","Plebeia","Plebeia","","","Madre de Dios","Los Amigos Biological field station","Peru","","20221126",NA,NA,NA,NA,NA,"","","23",230,23.81623777,"-12.570795 S","-70.09245 W","Madre de Dios","","Manu"," mature forest, closed canopy, big trees",NA,NA,NA,NA,NA,"","","","","","","Meliponini","","","",NA,"",9000,"Los Amigos Biological field station","netting","Apidae","Plebeia","Plebeia_BOL01","Plebeia","Plebeia","Plebeia","A4_23_20221126_01203",FALSE,FALSE
"A4.23.20221126.01204_S248","16S_AW_Butterfly_Peru_bees","A4_23_20221126_01204","Bees",NA,"A4_bees_4","F4",13,"1204","sample","Bees","","Andrea","Hymenoptera","Apidae","Apinae","Meliponini","Plebeia","Plebeia","","","Madre de Dios","Los Amigos Biological field station","Peru","","20221126",NA,NA,NA,NA,NA,"","","23",230,23.81623777,"-12.570795 S","-70.09245 W","Madre de Dios","","Manu"," mature forest, closed canopy, big trees",NA,NA,NA,NA,NA,"","","","","","","Meliponini","","","",NA,"",9000,"Los Amigos Biological field station","netting","Apidae","Plebeia","Plebeia_BOL01","Plebeia","Plebeia","Plebeia","A4_23_20221126_01204",FALSE,FALSE
"A4.23.20221126.01205_S250","16S_AW_Butterfly_Peru_bees","A4_23_20221126_01205","Bees",NA,"A4_bees_4","F5",13,"1205","sample","Bees","","Andrea","Hymenoptera","Apidae","Apinae","Meliponini","Plebeia","Plebeia","","","Madre de Dios","Los Amigos Biological field station","Peru","","20221126",NA,NA,NA,NA,NA,"","","23",230,23.81623777,"-12.570795 S","-70.09245 W","Madre de Dios","","Manu"," mature forest, closed canopy, big trees",NA,NA,NA,NA,NA,"","","","","","","Meliponini","","","",NA,"",9000,"Los Amigos Biological field station","netting","Apidae","Plebeia","Plebeia_BOL01","Plebeia","Plebeia","Plebeia","A4_23_20221126_01205",FALSE,FALSE
"A4.23.20221126.01209_S254","16S_AW_Butterfly_Peru_bees","A4_23_20221126_01209","Bees",NA,"A4_bees_4","F9",13,"1209","sample","Bees","","Andrea","Hymenoptera","Apidae","Apinae","Meliponini","Ptilotrigona","Ptilotrigona","","","Madre de Dios","Los Amigos Biological field station","Peru","","20221126",NA,NA,NA,NA,NA,"","","23",230,23.81623777,"-12.570795 S","-70.09245 W","Madre de Dios","","Manu"," mature forest, closed canopy, big trees",NA,NA,NA,NA,NA,"","","","","","","Meliponini","","","",NA,"",9000,"Los Amigos Biological field station","netting","Apidae","Ptilotrigona","","Ptilotrigona","Ptilotrigona","Ptilotrigona","A4_23_20221126_01209",FALSE,FALSE
"A4.23.20221126.01210_S255","16S_AW_Butterfly_Peru_bees","A4_23_20221126_01210","Bees",NA,"A4_bees_4","F10",13,"1210","sample","Bees","","Andrea","Hymenoptera","Apidae","Apinae","Meliponini","Trigona","Trigona","","","Madre de Dios","Los Amigos Biological field station","Peru","","20221126",NA,NA,NA,NA,NA,"","","23",230,23.81623777,"-12.570795 S","-70.09245 W","Madre de Dios","","Manu"," mature forest, closed canopy, big trees",NA,NA,NA,NA,NA,"","","","","","","Meliponini","","","",NA,"",9000,"Los Amigos Biological field station","netting","Apidae","Frieseomelitta","Frieseomelitta_flavicornis","Frieseomelitta","Trigona","Trigona","A4_23_20221126_01210",FALSE,FALSE
"A4.23.20221126.01211_S257","16S_AW_Butterfly_Peru_bees","A4_23_20221126_01211","Bees",NA,"A4_bees_4","F11",13,"1211","sample","Bees","","Andrea","Hymenoptera","Halictidae","Halictinae","Halictinae","Halictinae","Halictidae_diurnal","","","Madre de Dios","Los Amigos Biological field station","Peru","","20221126",NA,NA,NA,NA,NA,"","","23",230,23.81623777,"-12.570795 S","-70.09245 W","Madre de Dios","","Manu"," mature forest, closed canopy, big trees",NA,NA,NA,NA,NA,"","","","","","","Halictidae_diurnal","","","",NA,"",9000,"Los Amigos Biological field station","netting",NA,NA,NA,NA,"Halictidae_diurnal","Halictidae_diurnal","A4_23_20221126_01211",FALSE,FALSE
"A4.25.20221124.01340_S372","16S_AW_Butterfly_Peru_bees","A4_25_20221124_01340","Bees",NA,"A4_bees_4","A10",15,"1340","sample","Bees","","Andrea","Hymenoptera","Apidae","Apinae","Meliponini","Scaptotrigona","Scaptotrigona","","","Madre de Dios","Los Amigos Biological field station","Peru","","20221124",NA,NA,NA,NA,NA,"","","25",250,23.85607989,"-12.55099 S","-70.09736 W","Madre de Dios","","Manu"," mature forest, closed canopy, big trees",NA,NA,NA,NA,NA,"","","","","","","Meliponini","","","",NA,"",1400,"Los Amigos Biological field station","pitfull","Apidae","Scaptotrigona","Scaptotrigona_postica","Scaptotrigona","Scaptotrigona postica","Scaptotrigona","A4_25_20221124_01340",FALSE,FALSE
"A4.25.20221125.01065_S131","16S_AW_Butterfly_Peru_bees","A4_25_20221125_01065","Bees",NA,"A4_bees_3","B8",12,"1065","sample","Bees","","Andrea","Hymenoptera","Apidae","Apinae","Euglossini","Eulaema","Eulaema","bombiformis","","Madre de Dios","Los Amigos Biological field station","Peru","","20221125",NA,NA,NA,NA,NA,"","","25",250,23.85607989,"-12.55099 S","-70.09736 W","Madre de Dios","","Manu"," mature forest, closed canopy, big trees",NA,NA,NA,NA,NA,"","","","","","","Euglossini","","","",NA,"",8000,"Los Amigos Biological field station","netting","Apidae","Eulaema","Eulaema_atleticana","Eulaema","Eulaema","Eulaema","A4_25_20221125_01065",FALSE,FALSE
"A4.25.20221125.01066_S132","16S_AW_Butterfly_Peru_bees","A4_25_20221125_01066","Bees",NA,"A4_bees_3","B9",12,"1066","sample","Bees","","Andrea","Hymenoptera","Apidae","Apinae","Euglossini","Euglossa","Euglossa","","","Madre de Dios","Los Amigos Biological field station","Peru","","20221125",NA,NA,NA,NA,NA,"","","25",250,23.85607989,"-12.55099 S","-70.09736 W","Madre de Dios","","Manu"," mature forest, closed canopy, big trees",NA,NA,NA,NA,NA,"","","","","","","Euglossini","","","",NA,"",8000,"Los Amigos Biological field station","netting","Apidae","Euglossa","Euglossa_cognata","Euglossa","Euglossa","Euglossa","A4_25_20221125_01066",FALSE,FALSE
"A4.25.20221125.01067_S133","16S_AW_Butterfly_Peru_bees","A4_25_20221125_01067","Bees",NA,"A4_bees_3","B10",12,"1067","sample","Bees","","Andrea","Hymenoptera","Apidae","Apinae","Meliponini","Trigona","Trigona","","","Madre de Dios","Los Amigos Biological field station","Peru","","20221125",NA,NA,NA,NA,NA,"","","25",250,23.85607989,"-12.55099 S","-70.09736 W","Madre de Dios","","Manu"," mature forest, closed canopy, big trees",NA,NA,NA,NA,NA,"","","","","","","Meliponini","","","",NA,"",8000,"Los Amigos Biological field station","netting","Apidae","Trigona","Trigona_amalthea","Trigona","Trigona","Trigona","A4_25_20221125_01067",FALSE,FALSE
"A4.25.20221125.01068_S134","16S_AW_Butterfly_Peru_bees","A4_25_20221125_01068","Bees",NA,"A4_bees_3","B11",12,"1068","sample","Bees","","Andrea","Hymenoptera","Apidae","Apinae","Meliponini","Trigona","Trigona","","","Madre de Dios","Los Amigos Biological field station","Peru","","20221125",NA,NA,NA,NA,NA,"","","25",250,23.85607989,"-12.55099 S","-70.09736 W","Madre de Dios","","Manu"," mature forest, closed canopy, big trees",NA,NA,NA,NA,NA,"","","","","","","Meliponini","","","",NA,"",8000,"Los Amigos Biological field station","netting","Apidae","Trigona","Trigona_williana","Trigona","Trigona","Trigona","A4_25_20221125_01068",FALSE,FALSE
"A4.25.20221125.01215_S258","16S_AW_Butterfly_Peru_bees","A4_25_20221125_01215","Bees",NA,"A4_bees_4","G3",13,"1215","sample","Bees","","Andrea","Hymenoptera","Apidae","Apinae","Euglossini","Euglossa","Euglossa","","","Madre de Dios","Los Amigos Biological field station","Peru","","20221125",NA,NA,NA,NA,NA,"","","25",250,23.85607989,"-12.55099 S","-70.09736 W","Madre de Dios","","Manu"," mature forest, closed canopy, big trees",NA,NA,NA,NA,NA,"","","","","","","Euglossini","","","",NA,"",9000,"Los Amigos Biological field station","netting","Apidae","Euglossa","Euglossa_analis","Euglossa","Euglossa","Euglossa","A4_25_20221125_01215",FALSE,FALSE
"A4.25.20221125.01216_S259","16S_AW_Butterfly_Peru_bees","A4_25_20221125_01216","Bees",NA,"A4_bees_4","G4",13,"1216","sample","Bees","","Andrea","Hymenoptera","Apidae","Apinae","Euglossini","Eulaema","Eulaema","bombiformis","","Madre de Dios","Los Amigos Biological field station","Peru","","20221125",NA,NA,NA,NA,NA,"","","25",250,23.85607989,"-12.55099 S","-70.09736 W","Madre de Dios","","Manu"," mature forest, closed canopy, big trees",NA,NA,NA,NA,NA,"","","","","","","Euglossini","","","",NA,"",9000,"Los Amigos Biological field station","netting","Apidae","Eulaema","Eulaema_meriana","Eulaema","Eulaema","Eulaema","A4_25_20221125_01216",FALSE,FALSE
"A4.25.20221125.01217_S260","16S_AW_Butterfly_Peru_bees","A4_25_20221125_01217","Bees",NA,"A4_bees_4","G5",13,"1217","sample","Bees","","Andrea","Hymenoptera","Apidae","Apinae","Euglossini","Eulaema","Eufriesea","bombiformis","","Madre de Dios","Los Amigos Biological field station","Peru","","20221125",NA,NA,NA,NA,NA,"","","25",250,23.85607989,"-12.55099 S","-70.09736 W","Madre de Dios","","Manu"," mature forest, closed canopy, big trees",NA,NA,NA,NA,NA,"","","","","","","Euglossini","","","",NA,"",9000,"Los Amigos Biological field station","netting","Apidae","Eufriesea","Eufriesea_ornata","Eufriesea","Eufriesea","Eufriesea","A4_25_20221125_01217",FALSE,FALSE
"A4.25.20221125.01218_S261","16S_AW_Butterfly_Peru_bees","A4_25_20221125_01218","Bees",NA,"A4_bees_4","G6",13,"1218","sample","Bees","","Andrea","Hymenoptera","Apidae","Apinae","Euglossini","Euglossa","Euglossa","","","Madre de Dios","Los Amigos Biological field station","Peru","","20221125",NA,NA,NA,NA,NA,"","","25",250,23.85607989,"-12.55099 S","-70.09736 W","Madre de Dios","","Manu"," mature forest, closed canopy, big trees",NA,NA,NA,NA,NA,"","","","","","","Euglossini","","","",NA,"",9000,"Los Amigos Biological field station","netting","Apidae","Euglossa","Euglossa_analis","Euglossa","Euglossa","Euglossa","A4_25_20221125_01218",FALSE,FALSE
"A4.25.20221125.01219_S262","16S_AW_Butterfly_Peru_bees","A4_25_20221125_01219","Bees",NA,"A4_bees_4","G7",13,"1219","sample","Bees","","Andrea","Hymenoptera","Apidae","Apinae","Euglossini","Euglossa","Euglossa","","","Madre de Dios","Los Amigos Biological field station","Peru","","20221125",NA,NA,NA,NA,NA,"","","25",250,23.85607989,"-12.55099 S","-70.09736 W","Madre de Dios","","Manu"," mature forest, closed canopy, big trees",NA,NA,NA,NA,NA,"","","","","","","Euglossini","","","",NA,"",9000,"Los Amigos Biological field station","netting","Apidae","Euglossa","Euglossa_cognata","Euglossa","Euglossa","Euglossa","A4_25_20221125_01219",FALSE,FALSE
"A4.25.20221125.01220_S263","16S_AW_Butterfly_Peru_bees","A4_25_20221125_01220","Bees",NA,"A4_bees_4","G8",13,"1220","sample","Bees","","Andrea","Hymenoptera","Apidae","Apinae","Euglossini","Euglossa","Euglossa","","","Madre de Dios","Los Amigos Biological field station","Peru","","20221125",NA,NA,NA,NA,NA,"","","25",250,23.85607989,"-12.55099 S","-70.09736 W","Madre de Dios","","Manu"," mature forest, closed canopy, big trees",NA,NA,NA,NA,NA,"","","","","","","Euglossini","","","",NA,"",9000,"Los Amigos Biological field station","netting","Apidae","Euglossa","Euglossa_cognata","Euglossa","Euglossa","Euglossa","A4_25_20221125_01220",FALSE,FALSE
"A4.25.20221125.01221_S264","16S_AW_Butterfly_Peru_bees","A4_25_20221125_01221","Bees",NA,"A4_bees_4","G9",13,"1221","sample","Bees","","Andrea","Hymenoptera","Apidae","Apinae","Euglossini","Euglossa","Euglossa","","","Madre de Dios","Los Amigos Biological field station","Peru","","20221125",NA,NA,NA,NA,NA,"","","25",250,23.85607989,"-12.55099 S","-70.09736 W","Madre de Dios","","Manu"," mature forest, closed canopy, big trees",NA,NA,NA,NA,NA,"","","","","","","Euglossini","","","",NA,"",9000,"Los Amigos Biological field station","netting","Apidae","Euglossa","Euglossa_variabilis","Euglossa","Euglossa","Euglossa","A4_25_20221125_01221",FALSE,FALSE
"A4.25.20221125.01222_S266","16S_AW_Butterfly_Peru_bees","A4_25_20221125_01222","Bees",NA,"A4_bees_4","G10",13,"1222","sample","Bees","","Andrea","Hymenoptera","Apidae","Apinae","Euglossini","Euglossa","Euglossa","","","Madre de Dios","Los Amigos Biological field station","Peru","","20221125",NA,NA,NA,NA,NA,"","","25",250,23.85607989,"-12.55099 S","-70.09736 W","Madre de Dios","","Manu"," mature forest, closed canopy, big trees",NA,NA,NA,NA,NA,"","","","","","","Euglossini","","","",NA,"",9000,"Los Amigos Biological field station","netting","Apidae","Euglossa","Euglossa_rugilabris","Euglossa","Euglossa","Euglossa","A4_25_20221125_01222",FALSE,FALSE
"A4.25.20221125.01223_S267","16S_AW_Butterfly_Peru_bees","A4_25_20221125_01223","Bees",NA,"A4_bees_4","G11",13,"1223","sample","Bees","","Andrea","Hymenoptera","Apidae","Apinae","Euglossini","Euglossa","Euglossa","","","Madre de Dios","Los Amigos Biological field station","Peru","","20221125",NA,NA,NA,NA,NA,"","","25",250,23.85607989,"-12.55099 S","-70.09736 W","Madre de Dios","","Manu"," mature forest, closed canopy, big trees",NA,NA,NA,NA,NA,"","","","","","","Euglossini","","","",NA,"",9000,"Los Amigos Biological field station","netting","Apidae","Euglossa","Euglossa_variabilis","Euglossa","Euglossa","Euglossa","A4_25_20221125_01223",FALSE,FALSE
"A4.25.20221125.01224_S268","16S_AW_Butterfly_Peru_bees","A4_25_20221125_01224","Bees",NA,"A4_bees_4","G12",13,"1224","sample","Bees","","Andrea","Hymenoptera","Apidae","Apinae","Euglossini","Euglossa","Euglossa","","","Madre de Dios","Los Amigos Biological field station","Peru","","20221125",NA,NA,NA,NA,NA,"","","25",250,23.85607989,"-12.55099 S","-70.09736 W","Madre de Dios","","Manu"," mature forest, closed canopy, big trees",NA,NA,NA,NA,NA,"","","","","","","Euglossini","","","",NA,"",9000,"Los Amigos Biological field station","netting","Apidae","Euglossa","Euglossa_variabilis","Euglossa","Euglossa","Euglossa","A4_25_20221125_01224",FALSE,FALSE
"A4.25.20221125.01225_S269","16S_AW_Butterfly_Peru_bees","A4_25_20221125_01225","Bees",NA,"A4_bees_4","H1",13,"1225","sample","Bees","","Andrea","Hymenoptera","Apidae","Apinae","Euglossini","Euglossa","Euglossa","","","Madre de Dios","Los Amigos Biological field station","Peru","","20221125",NA,NA,NA,NA,NA,"","","25",250,23.85607989,"-12.55099 S","-70.09736 W","Madre de Dios","","Manu"," mature forest, closed canopy, big trees",NA,NA,NA,NA,NA,"","","","","","","Euglossini","","","",NA,"",9000,"Los Amigos Biological field station","netting","Apidae","Euglossa","Euglossa_variabilis","Euglossa","Euglossa","Euglossa","A4_25_20221125_01225",FALSE,FALSE
"A4.25.20221125.01226_S270","16S_AW_Butterfly_Peru_bees","A4_25_20221125_01226","Bees",NA,"A4_bees_4","H2",13,"1226","sample","Bees","","Andrea","Hymenoptera","Apidae","Apinae","Meliponini","Plebeia","Plebeia","","","Madre de Dios","Los Amigos Biological field station","Peru","","20221125",NA,NA,NA,NA,NA,"","","25",250,23.85607989,"-12.55099 S","-70.09736 W","Madre de Dios","","Manu"," mature forest, closed canopy, big trees",NA,NA,NA,NA,NA,"","","","","","","Meliponini","","","",NA,"",9000,"Los Amigos Biological field station","netting","Apidae","Plebeia","Plebeia_frontalis","Plebeia","Plebeia","Plebeia","A4_25_20221125_01226",FALSE,FALSE
"A4.25.20221125.01227_S271","16S_AW_Butterfly_Peru_bees","A4_25_20221125_01227","Bees",NA,"A4_bees_4","H3",13,"1227","sample","Bees","","Andrea","Hymenoptera","Apidae","Apinae","Meliponini","Plebeia","Plebeia","","","Madre de Dios","Los Amigos Biological field station","Peru","","20221125",NA,NA,NA,NA,NA,"","","25",250,23.85607989,"-12.55099 S","-70.09736 W","Madre de Dios","","Manu"," mature forest, closed canopy, big trees",NA,NA,NA,NA,NA,"","","","","","","Meliponini","","","",NA,"",9000,"Los Amigos Biological field station","netting","Apidae","Plebeia","Plebeia_frontalis","Plebeia","Plebeia","Plebeia","A4_25_20221125_01227",FALSE,FALSE
"A4.25.20221125.01228_S272","16S_AW_Butterfly_Peru_bees","A4_25_20221125_01228","Bees",NA,"A4_bees_4","H4",13,"1228","sample","Bees","","Andrea","Hymenoptera","Apidae","Apinae","Meliponini","Plebeia","Plebeia","","","Madre de Dios","Los Amigos Biological field station","Peru","","20221125",NA,NA,NA,NA,NA,"","","25",250,23.85607989,"-12.55099 S","-70.09736 W","Madre de Dios","","Manu"," mature forest, closed canopy, big trees",NA,NA,NA,NA,NA,"","","","","","","Meliponini","","","",NA,"",9000,"Los Amigos Biological field station","netting","Apidae","Plebeia","Plebeia_frontalis","Plebeia","Plebeia","Plebeia","A4_25_20221125_01228",FALSE,FALSE
"A4.25.20221125.01229_S273","16S_AW_Butterfly_Peru_bees","A4_25_20221125_01229","Bees",NA,"A4_bees_4","H5",13,"1229","sample","Bees","","Andrea","Hymenoptera","Apidae","Apinae","Meliponini","Plebeia","Plebeia","","","Madre de Dios","Los Amigos Biological field station","Peru","","20221125",NA,NA,NA,NA,NA,"","","25",250,23.85607989,"-12.55099 S","-70.09736 W","Madre de Dios","","Manu"," mature forest, closed canopy, big trees",NA,NA,NA,NA,NA,"","","","","","","Meliponini","","","",NA,"",9000,"Los Amigos Biological field station","netting","Apidae","Plebeia","Plebeia_frontalis","Plebeia","Plebeia","Plebeia","A4_25_20221125_01229",FALSE,FALSE
"A4.25.20221125.01230_S274","16S_AW_Butterfly_Peru_bees","A4_25_20221125_01230","Bees",NA,"A4_bees_4","H6",13,"1230","sample","Bees","","Andrea","Hymenoptera","Apidae","Apinae","Meliponini","Plebeia","Plebeia","","","Madre de Dios","Los Amigos Biological field station","Peru","","20221125",NA,NA,NA,NA,NA,"","","25",250,23.85607989,"-12.55099 S","-70.09736 W","Madre de Dios","","Manu"," mature forest, closed canopy, big trees",NA,NA,NA,NA,NA,"","","","","","","Meliponini","","","",NA,"",9000,"Los Amigos Biological field station","netting","Apidae","Plebeia","Plebeia_frontalis","Plebeia","Plebeia","Plebeia","A4_25_20221125_01230",FALSE,FALSE
"A4.25.20221125.01231_S275","16S_AW_Butterfly_Peru_bees","A4_25_20221125_01231","Bees",NA,"A4_bees_4","H7",13,"1231","sample","Bees","","Andrea","Hymenoptera","Apidae","Apinae","Meliponini","Plebeia","Plebeia","","","Madre de Dios","Los Amigos Biological field station","Peru","","20221125",NA,NA,NA,NA,NA,"","","25",250,23.85607989,"-12.55099 S","-70.09736 W","Madre de Dios","","Manu"," mature forest, closed canopy, big trees",NA,NA,NA,NA,NA,"","","","","","","Meliponini","","","",NA,"",9000,"Los Amigos Biological field station","netting","Apidae","Plebeia","Plebeia_BOL01","Plebeia","Plebeia","Plebeia","A4_25_20221125_01231",FALSE,FALSE
"A4.25.20221125.01232_S276","16S_AW_Butterfly_Peru_bees","A4_25_20221125_01232","Bees",NA,"A4_bees_4","H8",13,"1232","sample","Bees","","Andrea","Hymenoptera","Apidae","Apinae","Meliponini","Plebeia","Plebeia","","","Madre de Dios","Los Amigos Biological field station","Peru","","20221125",NA,NA,NA,NA,NA,"","","25",250,23.85607989,"-12.55099 S","-70.09736 W","Madre de Dios","","Manu"," mature forest, closed canopy, big trees",NA,NA,NA,NA,NA,"","","","","","","Meliponini","","","",NA,"",9000,"Los Amigos Biological field station","netting","Apidae","Plebeia","","Plebeia","Plebeia","Plebeia","A4_25_20221125_01232",FALSE,FALSE
"A4.25.20221125.01233_S277","16S_AW_Butterfly_Peru_bees","A4_25_20221125_01233","Bees",NA,"A4_bees_4","H9",13,"1233","sample","Bees","","Andrea","Hymenoptera","Apidae","Apinae","Meliponini","Plebeia","Plebeia","","","Madre de Dios","Los Amigos Biological field station","Peru","","20221125",NA,NA,NA,NA,NA,"","","25",250,23.85607989,"-12.55099 S","-70.09736 W","Madre de Dios","","Manu"," mature forest, closed canopy, big trees",NA,NA,NA,NA,NA,"","","","","","","Meliponini","","","",NA,"",9000,"Los Amigos Biological field station","netting","Apidae","Plebeia","","Plebeia","Plebeia","Plebeia","A4_25_20221125_01233",FALSE,FALSE
"A4.25.20221125.01234_S278","16S_AW_Butterfly_Peru_bees","A4_25_20221125_01234","Bees",NA,"A4_bees_4","H10",13,"1234","sample","Bees","","Andrea","Hymenoptera","Apidae","Apinae","Meliponini","Plebeia","Plebeia","","","Madre de Dios","Los Amigos Biological field station","Peru","","20221125",NA,NA,NA,NA,NA,"","","25",250,23.85607989,"-12.55099 S","-70.09736 W","Madre de Dios","","Manu"," mature forest, closed canopy, big trees",NA,NA,NA,NA,NA,"","","","","","","Meliponini","","","",NA,"",9000,"Los Amigos Biological field station","netting","Apidae","Plebeia","Plebeia_BOL01","Plebeia","Plebeia","Plebeia","A4_25_20221125_01234",FALSE,FALSE
"A4.25.20221125.01235_S279","16S_AW_Butterfly_Peru_bees","A4_25_20221125_01235","Bees",NA,"A4_bees_4","H11",13,"1235","sample","Bees","","Andrea","Hymenoptera","Apidae","Apinae","Meliponini","Plebeia","Plebeia","","","Madre de Dios","Los Amigos Biological field station","Peru","","20221125",NA,NA,NA,NA,NA,"","","25",250,23.85607989,"-12.55099 S","-70.09736 W","Madre de Dios","","Manu"," mature forest, closed canopy, big trees",NA,NA,NA,NA,NA,"","","","","","","Meliponini","","","",NA,"",9000,"Los Amigos Biological field station","netting","Apidae","Plebeia","","Plebeia","Plebeia","Plebeia","A4_25_20221125_01235",FALSE,FALSE
"A4.25.20221125.01236_S280","16S_AW_Butterfly_Peru_bees","A4_25_20221125_01236","Bees",NA,"A4_bees_4","A1",14,"1236","sample","Bees","","Andrea","Hymenoptera","Apidae","Apinae","Meliponini","Scaura","Scaura","","","Madre de Dios","Los Amigos Biological field station","Peru","","20221125",NA,NA,NA,NA,NA,"","","25",250,23.85607989,"-12.55099 S","-70.09736 W","Madre de Dios","","Manu"," mature forest, closed canopy, big trees",NA,NA,NA,NA,NA,"","","","","","","Meliponini","","","",NA,"",9000,"Los Amigos Biological field station","netting","Apidae","Scaura","Scaura_latitarsis","Scaura","Scaura latitarsis","Scaura","A4_25_20221125_01236",FALSE,FALSE
"A4.25.20221125.01237_S281","16S_AW_Butterfly_Peru_bees","A4_25_20221125_01237","Bees",NA,"A4_bees_4","A2",14,"1237","sample","Bees","","Andrea","Hymenoptera","Apidae","Apinae","Meliponini","Plebeia","Plebeia","","","Madre de Dios","Los Amigos Biological field station","Peru","","20221125",NA,NA,NA,NA,NA,"","","25",250,23.85607989,"-12.55099 S","-70.09736 W","Madre de Dios","","Manu"," mature forest, closed canopy, big trees",NA,NA,NA,NA,NA,"","","","","","","Meliponini","","","",NA,"",9000,"Los Amigos Biological field station","netting","Apidae","Plebeia","Plebeia_flavocincta","Plebeia","Plebeia","Plebeia","A4_25_20221125_01237",FALSE,FALSE
"A4.25.20221125.01238_S282","16S_AW_Butterfly_Peru_bees","A4_25_20221125_01238","Bees",NA,"A4_bees_4","A3",14,"1238","sample","Bees","","Andrea","Hymenoptera","Apidae","Apinae","Meliponini","Tetragona","Tetragona","","","Madre de Dios","Los Amigos Biological field station","Peru","","20221125",NA,NA,NA,NA,NA,"","","25",250,23.85607989,"-12.55099 S","-70.09736 W","Madre de Dios","","Manu"," mature forest, closed canopy, big trees",NA,NA,NA,NA,NA,"","","","","","","Meliponini","","","",NA,"",9000,"Los Amigos Biological field station","netting","Apidae","","",NA,"Tetragona","Tetragona","A4_25_20221125_01238",FALSE,FALSE
"A4.25.20221125.01239_S283","16S_AW_Butterfly_Peru_bees","A4_25_20221125_01239","Bees",NA,"A4_bees_4","A4",14,"1239","sample","Bees","","Andrea","Hymenoptera","Apidae","Apinae","Meliponini","Tetragona","Tetragona","","","Madre de Dios","Los Amigos Biological field station","Peru","","20221125",NA,NA,NA,NA,NA,"","","25",250,23.85607989,"-12.55099 S","-70.09736 W","Madre de Dios","","Manu"," mature forest, closed canopy, big trees",NA,NA,NA,NA,NA,"","","","","","","Meliponini","","","",NA,"",9000,"Los Amigos Biological field station","netting","Apidae","","",NA,"Tetragona","Tetragona","A4_25_20221125_01239",FALSE,FALSE
"A4.25.20221125.01240_S284","16S_AW_Butterfly_Peru_bees","A4_25_20221125_01240","Bees",NA,"A4_bees_4","A5",14,"1240","sample","Bees","","Andrea","Hymenoptera","Apidae","Apinae","Meliponini","Meliponini","Meliponini","","","Madre de Dios","Los Amigos Biological field station","Peru","","20221125",NA,NA,NA,NA,NA,"","","25",250,23.85607989,"-12.55099 S","-70.09736 W","Madre de Dios","","Manu"," mature forest, closed canopy, big trees",NA,NA,NA,NA,NA,"","","","","","","Meliponini","","","",NA,"",9000,"Los Amigos Biological field station","netting",NA,NA,NA,NA,"Meliponini","Meliponini","A4_25_20221125_01240",FALSE,FALSE
"A4.25.20221125.01241_S285","16S_AW_Butterfly_Peru_bees","A4_25_20221125_01241","Bees",NA,"A4_bees_4","A6",14,"1241","sample","Bees","","Andrea","Hymenoptera","Apidae","Apinae","Meliponini","Trigona","Trigona","","","Madre de Dios","Los Amigos Biological field station","Peru","","20221125",NA,NA,NA,NA,NA,"","","25",250,23.85607989,"-12.55099 S","-70.09736 W","Madre de Dios","","Manu"," mature forest, closed canopy, big trees",NA,NA,NA,NA,NA,"","","","","","","Meliponini","","","",NA,"",9000,"Los Amigos Biological field station","netting","Apidae","Oxytrigona","","Oxytrigona","Trigona","Trigona","A4_25_20221125_01241",FALSE,FALSE
"A4.25.20221125.01242_S286","16S_AW_Butterfly_Peru_bees","A4_25_20221125_01242","Bees",NA,"A4_bees_4","A7",14,"1242","sample","Bees","","Andrea","Hymenoptera","Apidae","Apinae","Meliponini","Trigona","Trigona","","","Madre de Dios","Los Amigos Biological field station","Peru","","20221125",NA,NA,NA,NA,NA,"","","25",250,23.85607989,"-12.55099 S","-70.09736 W","Madre de Dios","","Manu"," mature forest, closed canopy, big trees",NA,NA,NA,NA,NA,"","","","","","","Meliponini","","","",NA,"",9000,"Los Amigos Biological field station","netting","Apidae","Oxytrigona","","Oxytrigona","Trigona","Trigona","A4_25_20221125_01242",FALSE,FALSE
"A4.25.20221125.01243_S287","16S_AW_Butterfly_Peru_bees","A4_25_20221125_01243","Bees",NA,"A4_bees_4","A8",14,"1243","sample","Bees","","Andrea","Hymenoptera","Apidae","Apinae","Meliponini","Trigona","Trigona","","","Madre de Dios","Los Amigos Biological field station","Peru","","20221125",NA,NA,NA,NA,NA,"","","25",250,23.85607989,"-12.55099 S","-70.09736 W","Madre de Dios","","Manu"," mature forest, closed canopy, big trees",NA,NA,NA,NA,NA,"","","","","","","Meliponini","","","",NA,"",9000,"Los Amigos Biological field station","netting","Apidae","Trigona","","Trigona","Trigona","Trigona","A4_25_20221125_01243",FALSE,FALSE
"A4.25.20221125.01245_S290","16S_AW_Butterfly_Peru_bees","A4_25_20221125_01245","Bees",NA,"A4_bees_4","A10",14,"1245","sample","Bees","","Andrea","Hymenoptera","Apidae","Apinae","Meliponini","Meliponini","Meliponini","","","Madre de Dios","Los Amigos Biological field station","Peru","","20221125",NA,NA,NA,NA,NA,"","","25",250,23.85607989,"-12.55099 S","-70.09736 W","Madre de Dios","","Manu"," mature forest, closed canopy, big trees",NA,NA,NA,NA,NA,"","","","","","","Meliponini","","","",NA,"",9000,"Los Amigos Biological field station","netting",NA,NA,NA,NA,"Meliponini","Meliponini","A4_25_20221125_01245",FALSE,FALSE
"A4.25.20221125.01248_S294","16S_AW_Butterfly_Peru_bees","A4_25_20221125_01248","Bees",NA,"A4_bees_4","B1",14,"1248","sample","Bees","","Andrea","Hymenoptera","Apidae","Apinae","Meliponini","Meliponini","Meliponini","","","Madre de Dios","Los Amigos Biological field station","Peru","","20221125",NA,NA,NA,NA,NA,"","","25",250,23.85607989,"-12.55099 S","-70.09736 W","Madre de Dios","","Manu"," mature forest, closed canopy, big trees",NA,NA,NA,NA,NA,"","","","","","","Meliponini","","","",NA,"",9000,"Los Amigos Biological field station","netting",NA,NA,NA,NA,"Meliponini","Meliponini","A4_25_20221125_01248",FALSE,FALSE
"A4.25.20221125.01249_S295","16S_AW_Butterfly_Peru_bees","A4_25_20221125_01249","Bees",NA,"A4_bees_4","B2",14,"1249","sample","Bees","","Andrea","Hymenoptera","Apidae","Apinae","Meliponini","Trigona","Trigona","","","Madre de Dios","Los Amigos Biological field station","Peru","","20221125",NA,NA,NA,NA,NA,"","","25",250,23.85607989,"-12.55099 S","-70.09736 W","Madre de Dios","","Manu"," mature forest, closed canopy, big trees",NA,NA,NA,NA,NA,"","","","","","","Meliponini","","","",NA,"",9000,"Los Amigos Biological field station","netting","Apidae","Trigona","","Trigona","Trigona","Trigona","A4_25_20221125_01249",FALSE,FALSE
"A4.25.20221125.01250_S296","16S_AW_Butterfly_Peru_bees","A4_25_20221125_01250","Bees",NA,"A4_bees_4","B3",14,"1250","sample","Bees","","Andrea","Hymenoptera","Apidae","Apinae","Meliponini","Trigona","Trigona","","","Madre de Dios","Los Amigos Biological field station","Peru","","20221125",NA,NA,NA,NA,NA,"","","25",250,23.85607989,"-12.55099 S","-70.09736 W","Madre de Dios","","Manu"," mature forest, closed canopy, big trees",NA,NA,NA,NA,NA,"","","","","","","Meliponini","","","",NA,"",9000,"Los Amigos Biological field station","netting","Apidae","Trigona","","Trigona","Trigona","Trigona","A4_25_20221125_01250",FALSE,FALSE
"A4.25.20221125.01251_S297","16S_AW_Butterfly_Peru_bees","A4_25_20221125_01251","Bees",NA,"A4_bees_4","B4",14,"1251","sample","Bees","","Andrea","Hymenoptera","Apidae","Apinae","Meliponini","Partamona","Partamona","","","Madre de Dios","Los Amigos Biological field station","Peru","","20221125",NA,NA,NA,NA,NA,"","","25",250,23.85607989,"-12.55099 S","-70.09736 W","Madre de Dios","","Manu"," mature forest, closed canopy, big trees",NA,NA,NA,NA,NA,"","","","","","","Meliponini","","","",NA,"",9000,"Los Amigos Biological field station","netting","Apidae","Melipona","Melipona_quadrifasciata","Melipona","Partamona","Partamona","A4_25_20221125_01251",FALSE,FALSE
"A4.25.20221125.01252_S298","16S_AW_Butterfly_Peru_bees","A4_25_20221125_01252","Bees",NA,"A4_bees_4","B5",14,"1252","sample","Bees","","Andrea","Hymenoptera","Apidae","Apinae","Meliponini","Partamona","Partamona","","","Madre de Dios","Los Amigos Biological field station","Peru","","20221125",NA,NA,NA,NA,NA,"","","25",250,23.85607989,"-12.55099 S","-70.09736 W","Madre de Dios","","Manu"," mature forest, closed canopy, big trees",NA,NA,NA,NA,NA,"","","","","","","Meliponini","","","",NA,"",9000,"Los Amigos Biological field station","netting","Apidae","Melipona","Melipona_quadrifasciata","Melipona","Partamona","Partamona","A4_25_20221125_01252",FALSE,FALSE
"A4.25.20221125.01255_S301","16S_AW_Butterfly_Peru_bees","A4_25_20221125_01255","Bees",NA,"A4_bees_4","B8",14,"1255","sample","Bees","","Andrea","Hymenoptera","Apidae","Apinae","Meliponini","Trigona","Trigona","","","Madre de Dios","Los Amigos Biological field station","Peru","","20221125",NA,NA,NA,NA,NA,"","","25",250,23.85607989,"-12.55099 S","-70.09736 W","Madre de Dios","","Manu"," mature forest, closed canopy, big trees",NA,NA,NA,NA,NA,"","","","","","","Meliponini","","","",NA,"",9000,"Los Amigos Biological field station","netting","Apidae","","",NA,"Trigona","Trigona","A4_25_20221125_01255",FALSE,FALSE
"A4.25.20221125.01256_S302","16S_AW_Butterfly_Peru_bees","A4_25_20221125_01256","Bees",NA,"A4_bees_4","B9",14,"1256","sample","Bees","","Andrea","Hymenoptera","Apidae","Apinae","Meliponini","Trigona","Trigona","","","Madre de Dios","Los Amigos Biological field station","Peru","","20221125",NA,NA,NA,NA,NA,"","","25",250,23.85607989,"-12.55099 S","-70.09736 W","Madre de Dios","","Manu"," mature forest, closed canopy, big trees",NA,NA,NA,NA,NA,"","","","","","","Meliponini","","","",NA,"",9000,"Los Amigos Biological field station","netting","Apidae","Trigona","","Trigona","Trigona","Trigona","A4_25_20221125_01256",FALSE,FALSE
"A4.25.20221125.01257_S303","16S_AW_Butterfly_Peru_bees","A4_25_20221125_01257","Bees",NA,"A4_bees_4","B10",14,"1257","sample","Bees","","Andrea","Hymenoptera","Apidae","Apinae","Meliponini","Trigona","Trigona","","","Madre de Dios","Los Amigos Biological field station","Peru","","20221125",NA,NA,NA,NA,NA,"","","25",250,23.85607989,"-12.55099 S","-70.09736 W","Madre de Dios","","Manu"," mature forest, closed canopy, big trees",NA,NA,NA,NA,NA,"","","","","","","Meliponini","","","",NA,"",9000,"Los Amigos Biological field station","netting","Apidae","Trigona","","Trigona","Trigona","Trigona","A4_25_20221125_01257",FALSE,FALSE
"A4.25.20221125.01258_S304","16S_AW_Butterfly_Peru_bees","A4_25_20221125_01258","Bees",NA,"A4_bees_4","B11",14,"1258","sample","Bees","","Andrea","Hymenoptera","Apidae","Apinae","Meliponini","Trigona","Trigona","","","Madre de Dios","Los Amigos Biological field station","Peru","","20221125",NA,NA,NA,NA,NA,"","","25",250,23.85607989,"-12.55099 S","-70.09736 W","Madre de Dios","","Manu"," mature forest, closed canopy, big trees",NA,NA,NA,NA,NA,"","","","","","","Meliponini","","","",NA,"",9000,"Los Amigos Biological field station","netting","Apidae","","",NA,"Trigona","Trigona","A4_25_20221125_01258",FALSE,FALSE
"A4.25.20221125.01259_S305","16S_AW_Butterfly_Peru_bees","A4_25_20221125_01259","Bees",NA,"A4_bees_4","B12",14,"1259","sample","Bees","","Andrea","Hymenoptera","Apidae","Apinae","Meliponini","Trigona","Trigona","","","Madre de Dios","Los Amigos Biological field station","Peru","","20221125",NA,NA,NA,NA,NA,"","","25",250,23.85607989,"-12.55099 S","-70.09736 W","Madre de Dios","","Manu"," mature forest, closed canopy, big trees",NA,NA,NA,NA,NA,"","","","","","","Meliponini","","","",NA,"",9000,"Los Amigos Biological field station","netting","Apidae","Trigona","","Trigona","Trigona","Trigona","A4_25_20221125_01259",FALSE,FALSE
"A4.25.20221125.01260_S306","16S_AW_Butterfly_Peru_bees","A4_25_20221125_01260","Bees",NA,"A4_bees_4","C1",14,"1260","sample","Bees","","Andrea","Hymenoptera","Apidae","Apinae","Meliponini","Trigona","Trigona","","","Madre de Dios","Los Amigos Biological field station","Peru","","20221125",NA,NA,NA,NA,NA,"","","25",250,23.85607989,"-12.55099 S","-70.09736 W","Madre de Dios","","Manu"," mature forest, closed canopy, big trees",NA,NA,NA,NA,NA,"","","","","","","Meliponini","","","",NA,"",9000,"Los Amigos Biological field station","netting","Apidae","Trigona","","Trigona","Trigona","Trigona","A4_25_20221125_01260",FALSE,FALSE
"A4.25.20221125.01261_S307","16S_AW_Butterfly_Peru_bees","A4_25_20221125_01261","Bees",NA,"A4_bees_4","C2",14,"1261","sample","Bees","","Andrea","Hymenoptera","Halictidae","Halictinae","Augochlorini","Neocorynura","Neocorynura","","","Madre de Dios","Los Amigos Biological field station","Peru","","20221125",NA,NA,NA,NA,NA,"","","25",250,23.85607989,"-12.55099 S","-70.09736 W","Madre de Dios","","Manu"," mature forest, closed canopy, big trees",NA,NA,NA,NA,NA,"","","","","","","Halictidae_diurnal","","","",NA,"",9000,"Los Amigos Biological field station","netting","","","",NA,"Neocorynura","Neocorynura","A4_25_20221125_01261",FALSE,FALSE
"A4.25.20221127.01114_S152","16S_AW_Butterfly_Peru_bees","A4_25_20221127_01114","Bees",NA,"A4_bees_3","F9",12,"1114","sample","Bees","","Andrea","Hymenoptera","Halictidae","Halictinae","Augochlorini","Megalopta","Megalopta","","","Madre de Dios","Los Amigos Biological field station","Peru","","20221127",NA,NA,NA,NA,NA,"","","25",250,23.85607989,"-12.55099 S","-70.09736 W","Madre de Dios","","Manu"," mature forest, closed canopy, big trees",NA,NA,NA,NA,NA,"","","","","","","Halictidae_nocturnal","","","",NA,"",1900,"Los Amigos Biological field station","Light trap",NA,NA,NA,"Megalopta","Megalopta","Megalopta","A4_25_20221127_01114",FALSE,FALSE
"A4.25.20221127.01115_S154","16S_AW_Butterfly_Peru_bees","A4_25_20221127_01115","Bees",NA,"A4_bees_3","F10",12,"1115","sample","Bees","","Andrea","Hymenoptera","Halictidae","Halictinae","Augochlorini","Megalopta","Megalopta","","","Madre de Dios","Los Amigos Biological field station","Peru","","20221127",NA,NA,NA,NA,NA,"","","25",250,23.85607989,"-12.55099 S","-70.09736 W","Madre de Dios","","Manu"," mature forest, closed canopy, big trees",NA,NA,NA,NA,NA,"","","","","","","Halictidae_nocturnal","","","",NA,"",1900,"Los Amigos Biological field station","Light trap","","","","Megalopta","Megalopta","Megalopta","A4_25_20221127_01115",FALSE,FALSE
"A4.25.20221127.01116_S155","16S_AW_Butterfly_Peru_bees","A4_25_20221127_01116","Bees",NA,"A4_bees_3","F11",12,"1116","sample","Bees","","Andrea","Hymenoptera","Halictidae","Halictinae","Augochlorini","Megalopta","Megalopta","","","Madre de Dios","Los Amigos Biological field station","Peru","","20221127",NA,NA,NA,NA,NA,"","","25",250,23.85607989,"-12.55099 S","-70.09736 W","Madre de Dios","","Manu"," mature forest, closed canopy, big trees",NA,NA,NA,NA,NA,"","","","","","","Halictidae_nocturnal","","","",NA,"",1900,"Los Amigos Biological field station","Light trap","","","","Megalopta","Megalopta","Megalopta","A4_25_20221127_01116",FALSE,FALSE
"A4.250.20221006.00250_S7","16S_AW_Butterfly_Peru_bees","A4_250_20221006_00250","Bees",NA,"A4_bees_1","F4",2,"250","sample","Bees","","Andrea","Hymenoptera","Apidae","Apinae","Bombini","Bombus","Bombus","","","Paucartambo","Wayqecha","Peru","","20221006",NA,NA,NA,NA,NA,"","","250",2250,13.46072373,"-13.16773 S","-71.5876 W","Paucartambo","","Kosnipata","Steep, forest, low but mostly closed canopy, bushland",NA,NA,NA,NA,NA,"","","","","","","Bombus","","","",NA,"",9000,"Wayqecha","netting","Apidae","Bombus","Bombus hortulanus","Bombus","Bombus hortulanus","Bombus","A4_250_20221006_00250",FALSE,FALSE
"A4.250.20221006.00251_S14","16S_AW_Butterfly_Peru_bees","A4_250_20221006_00251","Bees",NA,"A4_bees_1","F12",2,"251","sample","Bees","","Andrea","Hymenoptera","Apidae","Apinae","Apini","Apis","Apis","melifera ligustica","","Paucartambo","Wayqecha","Peru","","20221006",NA,NA,NA,NA,NA,"","","250",2250,13.46072373,"-13.16773 S","-71.5876 W","Paucartambo","","Kosnipata","Steep, forest, low but mostly closed canopy, bushland",NA,NA,NA,NA,NA,"","","","","","","Apis","","","",NA,"",9000,"Wayqecha","netting","Apidae","Apis","Apis melifera","Apis","Apis melifera","Apis","A4_250_20221006_00251",FALSE,FALSE
"A4.250.20221006.00252_S8","16S_AW_Butterfly_Peru_bees","A4_250_20221006_00252","Bees",NA,"A4_bees_1","F5",2,"252","sample","Bees","","Andrea","Hymenoptera","Apidae","Apinae","Bombini","Bombus","Bombus","","","Paucartambo","Wayqecha","Peru","","20221006",NA,NA,NA,NA,NA,"","","250",2250,13.46072373,"-13.16773 S","-71.5876 W","Paucartambo","","Kosnipata","Steep, forest, low but mostly closed canopy, bushland",NA,NA,NA,NA,NA,"","","","","","","Bombus","","","",NA,"",9000,"Wayqecha","netting","Apidae","Bombus","Bombus hortulanus","Bombus","Bombus hortulanus","Bombus","A4_250_20221006_00252",FALSE,FALSE
"A4.250.20221006.00253_S9","16S_AW_Butterfly_Peru_bees","A4_250_20221006_00253","Bees",NA,"A4_bees_1","F6",2,"253","sample","Bees","","Andrea","Hymenoptera","Apidae","Apinae","Bombini","Bombus","Bombus","","","Paucartambo","Wayqecha","Peru","","20221006",NA,NA,NA,NA,NA,"","","250",2250,13.46072373,"-13.16773 S","-71.5876 W","Paucartambo","","Kosnipata","Steep, forest, low but mostly closed canopy, bushland",NA,NA,NA,NA,NA,"","","","","","","Bombus","","","",NA,"",9000,"Wayqecha","netting","Apidae","Bombus","Bombus hortulanus","Bombus","Bombus hortulanus","Bombus","A4_250_20221006_00253",FALSE,FALSE
"A4.250.20221006.00254_S13","16S_AW_Butterfly_Peru_bees","A4_250_20221006_00254","Bees",NA,"A4_bees_1","F11",2,"254","sample","Bees","","Andrea","Hymenoptera","Halictidae","Halictinae","Augochlorini","Caenohalictus","Caenohalictus","","","Paucartambo","Wayqecha","Peru","","20221006",NA,NA,NA,NA,NA,"","","250",2250,13.46072373,"-13.16773 S","-71.5876 W","Paucartambo","","Kosnipata","Steep, forest, low but mostly closed canopy, bushland",NA,NA,NA,NA,NA,"","","","","","","Halictidae_diurnal","","","",NA,"",9000,"Wayqecha","netting","","","",NA,"Caenohalictus","Caenohalictus","A4_250_20221006_00254",FALSE,FALSE
"A4.250.20221006.00262_S315","16S_AW_Butterfly_Peru_bees","A4_250_20221006_00262","Bees",NA,"A4_bees_1","H7",1,"262","sample","Bees","","Andrea","Hymenoptera","Apidae","Apinae","Bombini","Bombus","Bombus","","","Paucartambo","Wayqecha","Peru","","20221006",NA,NA,NA,NA,NA,"","","250",2250,13.46072373,"-13.16773 S","-71.5876 W","Paucartambo","","Kosnipata","Steep, forest, low but mostly closed canopy, bushland",NA,NA,NA,NA,NA,"","","","","","","Bombus","","","",NA,"",1200,"Wayqecha","netting","Apidae","Bombus","Bombus hortulanus","Bombus","Bombus hortulanus","Bombus","A4_250_20221006_00262",FALSE,FALSE
"A4.250.20221006.00263_S316","16S_AW_Butterfly_Peru_bees","A4_250_20221006_00263","Bees",NA,"A4_bees_1","H8",1,"263","sample","Bees","","Andrea","Hymenoptera","Apidae","Apinae","Bombini","Bombus","Bombus","","","Paucartambo","Wayqecha","Peru","","20221006",NA,NA,NA,NA,NA,"","","250",2250,13.46072373,"-13.16773 S","-71.5876 W","Paucartambo","","Kosnipata","Steep, forest, low but mostly closed canopy, bushland",NA,NA,NA,NA,NA,"","","","","","","Bombus","","","",NA,"",1200,"Wayqecha","netting","Apidae","Bombus","Bombus hortulanus","Bombus","Bombus hortulanus","Bombus","A4_250_20221006_00263",FALSE,FALSE
"A4.250.20221008.00273_S322","16S_AW_Butterfly_Peru_bees","A4_250_20221008_00273","Bees",NA,"A4_bees_1","D6",2,"273","sample","Bees","","Andrea","Hymenoptera","Apidae","Apinae","Meliponini","Plebeia","Plebeia","","","Paucartambo","Wayqecha","Peru","","20221008",NA,NA,NA,NA,NA,"","","250",2250,13.46072373,"-13.16773 S","-71.5876 W","Paucartambo","","Kosnipata","Steep, forest, low but mostly closed canopy, bushland",NA,NA,NA,NA,NA,"","","","","","","Meliponini","","","",NA,"",1200,"Wayqecha","netting","Apidae","Plebeia","Plebeia_frontalis","Plebeia","Plebeia","Plebeia","A4_250_20221008_00273",FALSE,FALSE
"A4.265.20221006.00257_S10","16S_AW_Butterfly_Peru_bees","A4_265_20221006_00257","Bees",NA,"A4_bees_1","F7",2,"257","sample","Bees","","Andrea","Hymenoptera","Apidae","Apinae","Bombini","Bombus","Bombus","","","Paucartambo","Wayqecha","Peru","","20221006",NA,NA,NA,NA,NA,"","","265",2650,12.9859659,"-13,17507 S","-71,58149W","Paucartambo","","Kosnipata","Steep, forest, low but mostly closed canopy, bushland",NA,NA,NA,NA,NA,"","","","","","","Bombus","","","",NA,"",1200,"Wayqecha","netting","Apidae","Bombus","Bombus hortulanus","Bombus","Bombus hortulanus","Bombus","A4_265_20221006_00257",FALSE,FALSE
"A4.265.20221006.00258_S11","16S_AW_Butterfly_Peru_bees","A4_265_20221006_00258","Bees",NA,"A4_bees_1","F8",2,"258","sample","Bees","","Andrea","Hymenoptera","Apidae","Apinae","Bombini","Bombus","Bombus","","","Paucartambo","Wayqecha","Peru","","20221006",NA,NA,NA,NA,NA,"","","265",2650,12.9859659,"-13,17507 S","-71,58149W","Paucartambo","","Kosnipata","Steep, forest, low but mostly closed canopy, bushland",NA,NA,NA,NA,NA,"","","","","","","Bombus","","","",NA,"",1200,"Wayqecha","netting","Apidae","Bombus","Bombus hortulanus","Bombus","Bombus hortulanus","Bombus","A4_265_20221006_00258",FALSE,FALSE
"A4.265.20221006.00259_S15","16S_AW_Butterfly_Peru_bees","A4_265_20221006_00259","Bees",NA,"A4_bees_1","G1",2,"259","sample","Bees","","Andrea","Hymenoptera","Apidae","Apinae","Apini","Apis","Apis","melifera ligustica","","Paucartambo","Wayqecha","Peru","","20221006",NA,NA,NA,NA,NA,"","","265",2650,12.9859659,"-13,17507 S","-71,58149W","Paucartambo","","Kosnipata","Steep, forest, low but mostly closed canopy, bushland",NA,NA,NA,NA,NA,"","","","","","","Apis","","","",NA,"",1200,"Wayqecha","netting","Apidae","Apis","Apis melifera","Apis","Apis melifera","Apis","A4_265_20221006_00259",FALSE,FALSE
"A4.265.20221006.00260_S16","16S_AW_Butterfly_Peru_bees","A4_265_20221006_00260","Bees",NA,"A4_bees_1","G2",2,"260","sample","Bees","","Andrea","Hymenoptera","Apidae","Apinae","Apini","Apis","Apis","melifera ligustica","","Paucartambo","Wayqecha","Peru","","20221006",NA,NA,NA,NA,NA,"","","265",2650,12.9859659,"-13,17507 S","-71,58149W","Paucartambo","","Kosnipata","Steep, forest, low but mostly closed canopy, bushland",NA,NA,NA,NA,NA,"","","","","","","Apis","","","",NA,"",1200,"Wayqecha","netting","Apidae","Apis","Apis melifera","Apis","Apis melifera","Apis","A4_265_20221006_00260",FALSE,FALSE
"A4.265.20221006.00261_S314","16S_AW_Butterfly_Peru_bees","A4_265_20221006_00261","Bees",NA,"A4_bees_1","H6",1,"261","sample","Bees","","Andrea","Hymenoptera","Apidae","Apinae","Apini","Apis","Apis","melifera ligustica","","Paucartambo","Wayqecha","Peru","","20221006",NA,NA,NA,NA,NA,"","","265",2650,12.9859659,"-13,17507 S","-71,58149W","Paucartambo","","Kosnipata","Steep, forest, low but mostly closed canopy, bushland",NA,NA,NA,NA,NA,"","","","","","","Apis","","","",NA,"",1200,"Wayqecha","netting","Apidae","Apis","Apis melifera","Apis","Apis melifera","Apis","A4_265_20221006_00261",FALSE,FALSE
"A4.265.20221008.00272_S321","16S_AW_Butterfly_Peru_bees","A4_265_20221008_00272","Bees",NA,"A4_bees_1","D5",2,"272","sample","Bees","","Andrea","Hymenoptera","Apidae","Apinae","Bombini","Bombus","Bombus","","","Paucartambo","Wayqecha","Peru","","20221008",NA,NA,NA,NA,NA,"","","265",2650,12.9859659,"-13,17507 S","-71,58149W","Paucartambo","","Kosnipata","Steep, forest, low but mostly closed canopy, bushland",NA,NA,NA,NA,NA,"","","","","","","Bombus","","","",NA,"",1100,"Wayqecha","netting","Apidae","Bombus","Bombus hortulanus","Bombus","Bombus hortulanus","Bombus","A4_265_20221008_00272",FALSE,FALSE
"A4.265.20221013.00346_S19","16S_AW_Butterfly_Peru_bees","A4_265_20221013_00346","Bees",NA,"A4_bees_1","F1",4,"346","sample","Bees","","Andrea","Hymenoptera","Apidae","Apinae","Bombini","Bombus","Bombus","","","Paucartambo","Wayqecha","Peru","","20221013",NA,NA,NA,NA,NA,"","","265",2650,12.9859659,"-13,17507 S","-71,58149W","Paucartambo","","Kosnipata","Steep, forest, low but mostly closed canopy, bushland",NA,NA,NA,NA,NA,"","","","","","","Bombus","","","",NA,"",1000,"Wayqecha","netting","Apidae","Bombus","Bombus hortulanus","Bombus","Bombus hortulanus","Bombus","A4_265_20221013_00346",FALSE,FALSE
"A4.265.20221013.00348_S21","16S_AW_Butterfly_Peru_bees","A4_265_20221013_00348","Bees",NA,"A4_bees_1","F3",4,"348","sample","Bees","","Andrea","Hymenoptera","Apidae","Apinae","Bombini","Bombus","Bombus","","","Paucartambo","Wayqecha","Peru","","20221013",NA,NA,NA,NA,NA,"","","265",2650,12.9859659,"-13,17507 S","-71,58149W","Paucartambo","","Kosnipata","Steep, forest, low but mostly closed canopy, bushland",NA,NA,NA,NA,NA,"","","","","","","Bombus","","","",NA,"",1000,"Wayqecha","netting","Apidae","Bombus","Bombus hortulanus","Bombus","Bombus hortulanus","Bombus","A4_265_20221013_00348",FALSE,FALSE
"A4.265.20221013.00349_S23","16S_AW_Butterfly_Peru_bees","A4_265_20221013_00349","Bees",NA,"A4_bees_1","F4",4,"349","sample","Bees","","Andrea","Hymenoptera","Apidae","Apinae","Bombini","Bombus","Bombus","","","Paucartambo","Wayqecha","Peru","","20221013",NA,NA,NA,NA,NA,"","","265",2650,12.9859659,"-13,17507 S","-71,58149W","Paucartambo","","Kosnipata","Steep, forest, low but mostly closed canopy, bushland",NA,NA,NA,NA,NA,"","","","","","","Bombus","","","",NA,"",1000,"Wayqecha","netting","Apidae","Bombus","Bombus hortulanus","Bombus","Bombus hortulanus","Bombus","A4_265_20221013_00349",FALSE,FALSE
"A4.280.20221005.00240_S311","16S_AW_Butterfly_Peru_bees","A4_280_20221005_00240","Bees",NA,"A4_bees_1","H1",1,"240","sample","Bees","","Andrea","Hymenoptera","Apidae","Apinae","Apini","Apis","Apis","melifera ligustica","","Paucartambo","Wayqecha","Peru","","20221005",NA,NA,NA,NA,NA,"","","280",2800,11.18559326,"-13,17486 S","-71,59527 W","Paucartambo","","Kosnipata","Steep, forest, low but mostly closed canopy, nebular forest",NA,NA,NA,NA,NA,"","","","","","","Apis","","","",NA,"",8000,"Wayqecha","netting","Apidae","Apis","Apis melifera","Apis","Apis melifera","Apis","A4_280_20221005_00240",FALSE,FALSE
"A4.280.20221005.00241_S302","16S_AW_Butterfly_Peru_bees","A4_280_20221005_00241","Bees",NA,"A4_bees_1","G4",1,"241","sample","Bees","","Andrea","Hymenoptera","Apidae","Apinae","Bombini","Bombus","Apis","","","Paucartambo","Wayqecha","Peru","","20221005",NA,NA,NA,NA,NA,"","","280",2800,11.18559326,"-13,17486 S","-71,59527 W","Paucartambo","","Kosnipata","Steep, forest, low but mostly closed canopy, nebular forest",NA,NA,NA,NA,NA,"","","","","","","Apis","","","",NA,"",8000,"Wayqecha","netting","","","","Bombus","Apis","Apis","A4_280_20221005_00241",FALSE,FALSE
"A4.280.20221005.00242_S312","16S_AW_Butterfly_Peru_bees","A4_280_20221005_00242","Bees",NA,"A4_bees_1","H2",1,"242","sample","Bees","","Andrea","Hymenoptera","Apidae","Apinae","Apini","Apis","Apis","melifera melifera","","Paucartambo","Wayqecha","Peru","","20221005",NA,NA,NA,NA,NA,"","","280",2800,11.18559326,"-13,17486 S","-71,59527 W","Paucartambo","","Kosnipata","Steep, forest, low but mostly closed canopy, nebular forest",NA,NA,NA,NA,NA,"","","","","","","Apis","","","",NA,"",8000,"Wayqecha","netting","Apidae","Apis","Apis melifera","Apis","Apis melifera","Apis","A4_280_20221005_00242",FALSE,FALSE
"A4.280.20221005.00246_S299","16S_AW_Butterfly_Peru_bees","A4_280_20221005_00246","Bees",NA,"A4_bees_1","G1",1,"246","sample","Bees","","Andrea","Hymenoptera","Apidae","Apinae","Apini","Apis","Apis","melifera melifera","","Paucartambo","Wayqecha","Peru","","20221005",NA,NA,NA,NA,NA,"","","280",2800,11.18559326,"-13,17486 S","-71,59527 W","Paucartambo","","Kosnipata","Steep, forest, low but mostly closed canopy, nebular forest",NA,NA,NA,NA,NA,"","","","","","","Apis","","","",NA,"",8000,"Wayqecha","netting","Apidae","Apis","Apis melifera","Apis","Apis melifera","Apis","A4_280_20221005_00246",FALSE,FALSE
"A4.280.20221005.00248_S301","16S_AW_Butterfly_Peru_bees","A4_280_20221005_00248","Bees",NA,"A4_bees_1","G3",1,"248","sample","Bees","","Andrea","Hymenoptera","Apidae","Apinae","Apini","Apis","Apis","melifera melifera","","Paucartambo","Wayqecha","Peru","","20221005",NA,NA,NA,NA,NA,"","","280",2800,11.18559326,"-13,17486 S","-71,59527 W","Paucartambo","","Kosnipata","Steep, forest, low but mostly closed canopy, nebular forest",NA,NA,NA,NA,NA,"","","","","","","Apis","","","",NA,"",8000,"Wayqecha","netting","Apidae","Apis","Apis melifera","Apis","Apis melifera","Apis","A4_280_20221005_00248",FALSE,FALSE
"A4.29.20221124.01057_S127","16S_AW_Butterfly_Peru_bees","A4_29_20221124_01057","Bees",NA,"A4_bees_3","A12",12,"1057","sample","Bees","","Andrea","Hymenoptera","Apidae","Apinae","Euglossini","Eulaema","Euglossa","bombiformis","","Madre de Dios","Los Amigos Biological field station","Peru","","20221124",NA,NA,NA,NA,NA,"","","29",290,24.20851892,"-12.56257 S","-70.09663 W","Madre de Dios","","Manu"," mature forest, closed canopy, big trees",NA,NA,NA,NA,NA,"","","","","","","Euglossini","","","",NA,"",8000,"Los Amigos Biological field station","netting","Apidae","Euglossa","Euglossa_amazonica","Euglossa","Euglossa","Euglossa","A4_29_20221124_01057",FALSE,FALSE
"A4.29.20221124.01058_S128","16S_AW_Butterfly_Peru_bees","A4_29_20221124_01058","Bees",NA,"A4_bees_3","B1",12,"1058","sample","Bees","","Andrea","Hymenoptera","Apidae","Apinae","Euglossini","Euglossa","Euglossa","","","Madre de Dios","Los Amigos Biological field station","Peru","","20221124",NA,NA,NA,NA,NA,"","","29",290,24.20851892,"-12.56257 S","-70.09663 W","Madre de Dios","","Manu"," mature forest, closed canopy, big trees",NA,NA,NA,NA,NA,"","","","","","","Euglossini","","","",NA,"",8000,"Los Amigos Biological field station","netting","Apidae","Euglossa","Euglossa_variabilis","Euglossa","Euglossa","Euglossa","A4_29_20221124_01058",FALSE,FALSE
"A4.29.20221124.01059_S129","16S_AW_Butterfly_Peru_bees","A4_29_20221124_01059","Bees",NA,"A4_bees_3","B2",12,"1059","sample","Bees","","Andrea","Hymenoptera","Apidae","Apinae","Euglossini","Euglossa","Euglossa","","","Madre de Dios","Los Amigos Biological field station","Peru","","20221124",NA,NA,NA,NA,NA,"","","29",290,24.20851892,"-12.56257 S","-70.09663 W","Madre de Dios","","Manu"," mature forest, closed canopy, big trees",NA,NA,NA,NA,NA,"","","","","","","Euglossini","","","",NA,"",8000,"Los Amigos Biological field station","netting","Apidae","Euglossa","Euglossa_cognata","Euglossa","Euglossa","Euglossa","A4_29_20221124_01059",FALSE,FALSE
"A4.29.20221124.01060_S130","16S_AW_Butterfly_Peru_bees","A4_29_20221124_01060","Bees",NA,"A4_bees_3","B3",12,"1060","sample","Bees","","Andrea","Hymenoptera","Apidae","Apinae","Meliponini","Trigona","Trigona","","","Madre de Dios","Los Amigos Biological field station","Peru","","20221124",NA,NA,NA,NA,NA,"","","29",290,24.20851892,"-12.56257 S","-70.09663 W","Madre de Dios","","Manu"," mature forest, closed canopy, big trees",NA,NA,NA,NA,NA,"","","","","","","Meliponini","","","",NA,"",8000,"Los Amigos Biological field station","netting","Apidae","Trigona","","Trigona","Trigona","Trigona","A4_29_20221124_01060",FALSE,FALSE
"A4.29.20221124.01263_S308","16S_AW_Butterfly_Peru_bees","A4_29_20221124_01263","Bees",NA,"A4_bees_4","C4",14,"1263","sample","Bees","","Andrea","Hymenoptera","Apidae","Apinae","Euglossini","Eulaema","Eulaema","bombiformis","","Madre de Dios","Los Amigos Biological field station","Peru","","20221124",NA,NA,NA,NA,NA,"","","29",290,24.20851892,"-12.56257 S","-70.09663 W","Madre de Dios","","Manu"," mature forest, closed canopy, big trees",NA,NA,NA,NA,NA,"","","","","","","Euglossini","","","",NA,"",9000,"Los Amigos Biological field station","netting",NA,NA,NA,"Eulaema","Eulaema","Eulaema","A4_29_20221124_01263",FALSE,FALSE
"A4.29.20221124.01264_S309","16S_AW_Butterfly_Peru_bees","A4_29_20221124_01264","Bees",NA,"A4_bees_4","C5",14,"1264","sample","Bees","","Andrea","Hymenoptera","Apidae","Apinae","Euglossini","Eulaema","Eulaema","bombiformis","","Madre de Dios","Los Amigos Biological field station","Peru","","20221124",NA,NA,NA,NA,NA,"","","29",290,24.20851892,"-12.56257 S","-70.09663 W","Madre de Dios","","Manu"," mature forest, closed canopy, big trees",NA,NA,NA,NA,NA,"","","","","","","Euglossini","","","",NA,"",9000,"Los Amigos Biological field station","netting","Apidae","Eulaema","Eulaema_meriana","Eulaema","Eulaema","Eulaema","A4_29_20221124_01264",FALSE,FALSE
"A4.29.20221124.01265_S311","16S_AW_Butterfly_Peru_bees","A4_29_20221124_01265","Bees",NA,"A4_bees_4","C6",14,"1265","sample","Bees","","Andrea","Hymenoptera","Apidae","Apinae","Euglossini","Eulaema","Eulaema","bombiformis","","Madre de Dios","Los Amigos Biological field station","Peru","","20221124",NA,NA,NA,NA,NA,"","","29",290,24.20851892,"-12.56257 S","-70.09663 W","Madre de Dios","","Manu"," mature forest, closed canopy, big trees",NA,NA,NA,NA,NA,"","","","","","","Euglossini","","","",NA,"",9000,"Los Amigos Biological field station","netting",NA,NA,NA,"Eulaema","Eulaema","Eulaema","A4_29_20221124_01265",FALSE,FALSE
"A4.29.20221124.01266_S312","16S_AW_Butterfly_Peru_bees","A4_29_20221124_01266","Bees",NA,"A4_bees_4","C7",14,"1266","sample","Bees","","Andrea","Hymenoptera","Apidae","Apinae","Euglossini","Eulaema","Eulaema","bombiformis","","Madre de Dios","Los Amigos Biological field station","Peru","","20221124",NA,NA,NA,NA,NA,"","","29",290,24.20851892,"-12.56257 S","-70.09663 W","Madre de Dios","","Manu"," mature forest, closed canopy, big trees",NA,NA,NA,NA,NA,"","","","","","","Euglossini","","","",NA,"",9000,"Los Amigos Biological field station","netting","Apidae","Eulaema","Eulaema_meriana","Eulaema","Eulaema","Eulaema","A4_29_20221124_01266",FALSE,FALSE
"A4.29.20221124.01268_S314","16S_AW_Butterfly_Peru_bees","A4_29_20221124_01268","Bees",NA,"A4_bees_4","C9",14,"1268","sample","Bees","","Andrea","Hymenoptera","Apidae","Apinae","Euglossini","Eufriesea","Eufriesea","","","Madre de Dios","Los Amigos Biological field station","Peru","","20221124",NA,NA,NA,NA,NA,"","","29",290,24.20851892,"-12.56257 S","-70.09663 W","Madre de Dios","","Manu"," mature forest, closed canopy, big trees",NA,NA,NA,NA,NA,"","","","","","","Euglossini","","","",NA,"",9000,"Los Amigos Biological field station","netting","Apidae","Eufriesea","Eufriesea_pulchra","Eufriesea","Eufriesea","Eufriesea","A4_29_20221124_01268",FALSE,FALSE
"A4.29.20221124.01269_S315","16S_AW_Butterfly_Peru_bees","A4_29_20221124_01269","Bees",NA,"A4_bees_4","C10",14,"1269","sample","Bees","","Andrea","Hymenoptera","Apidae","Apinae","Euglossini","Eufriesea","Eufriesea","","","Madre de Dios","Los Amigos Biological field station","Peru","","20221124",NA,NA,NA,NA,NA,"","","29",290,24.20851892,"-12.56257 S","-70.09663 W","Madre de Dios","","Manu"," mature forest, closed canopy, big trees",NA,NA,NA,NA,NA,"","","","","","","Euglossini","","","",NA,"",9000,"Los Amigos Biological field station","netting","Apidae","Eufriesea","Eufriesea_pulchra","Eufriesea","Eufriesea","Eufriesea","A4_29_20221124_01269",FALSE,FALSE
"A4.29.20221124.01270_S316","16S_AW_Butterfly_Peru_bees","A4_29_20221124_01270","Bees",NA,"A4_bees_4","C11",14,"1270","sample","Bees","","Andrea","Hymenoptera","Apidae","Apinae","Euglossini","Euglossa","Euglossa","","","Madre de Dios","Los Amigos Biological field station","Peru","","20221124",NA,NA,NA,NA,NA,"","","29",290,24.20851892,"-12.56257 S","-70.09663 W","Madre de Dios","","Manu"," mature forest, closed canopy, big trees",NA,NA,NA,NA,NA,"","","","","","","Euglossini","","","",NA,"",9000,"Los Amigos Biological field station","netting",NA,NA,NA,"Euglossa","Euglossa","Euglossa","A4_29_20221124_01270",FALSE,FALSE
"A4.29.20221124.01271_S317","16S_AW_Butterfly_Peru_bees","A4_29_20221124_01271","Bees",NA,"A4_bees_4","C12",14,"1271","sample","Bees","","Andrea","Hymenoptera","Apidae","Apinae","Euglossini","Euglossa","Euglossa","","","Madre de Dios","Los Amigos Biological field station","Peru","","20221124",NA,NA,NA,NA,NA,"","","29",290,24.20851892,"-12.56257 S","-70.09663 W","Madre de Dios","","Manu"," mature forest, closed canopy, big trees",NA,NA,NA,NA,NA,"","","","","","","Euglossini","","","",NA,"",9000,"Los Amigos Biological field station","netting","Apidae","Euglossa","Euglossa_cognata","Euglossa","Euglossa","Euglossa","A4_29_20221124_01271",FALSE,FALSE
"A4.29.20221124.01272_S319","16S_AW_Butterfly_Peru_bees","A4_29_20221124_01272","Bees",NA,"A4_bees_4","D1",14,"1272","sample","Bees","","Andrea","Hymenoptera","Apidae","Apinae","Euglossini","Euglossa","Euglossa","","","Madre de Dios","Los Amigos Biological field station","Peru","","20221124",NA,NA,NA,NA,NA,"","","29",290,24.20851892,"-12.56257 S","-70.09663 W","Madre de Dios","","Manu"," mature forest, closed canopy, big trees",NA,NA,NA,NA,NA,"","","","","","","Euglossini","","","",NA,"",9000,"Los Amigos Biological field station","netting","Apidae","Euglossa","Euglossa_variabilis","Euglossa","Euglossa","Euglossa","A4_29_20221124_01272",FALSE,FALSE
"A4.29.20221124.01273_S320","16S_AW_Butterfly_Peru_bees","A4_29_20221124_01273","Bees",NA,"A4_bees_4","D2",14,"1273","sample","Bees","","Andrea","Hymenoptera","Apidae","Apinae","Euglossini","Euglossa","Euglossa","","","Madre de Dios","Los Amigos Biological field station","Peru","","20221124",NA,NA,NA,NA,NA,"","","29",290,24.20851892,"-12.56257 S","-70.09663 W","Madre de Dios","","Manu"," mature forest, closed canopy, big trees",NA,NA,NA,NA,NA,"","","","","","","Euglossini","","","",NA,"",9000,"Los Amigos Biological field station","netting","Apidae","Euglossa","Euglossa_rugilabris","Euglossa","Euglossa","Euglossa","A4_29_20221124_01273",FALSE,FALSE
"A4.29.20221124.01274_S321","16S_AW_Butterfly_Peru_bees","A4_29_20221124_01274","Bees",NA,"A4_bees_4","D3",14,"1274","sample","Bees","","Andrea","Hymenoptera","Apidae","Apinae","Euglossini","Euglossa","Euglossa","","","Madre de Dios","Los Amigos Biological field station","Peru","","20221124",NA,NA,NA,NA,NA,"","","29",290,24.20851892,"-12.56257 S","-70.09663 W","Madre de Dios","","Manu"," mature forest, closed canopy, big trees",NA,NA,NA,NA,NA,"","","","","","","Euglossini","","","",NA,"",9000,"Los Amigos Biological field station","netting","Apidae","Euglossa","Euglossa_variabilis","Euglossa","Euglossa","Euglossa","A4_29_20221124_01274",FALSE,FALSE
"A4.29.20221124.01275_S322","16S_AW_Butterfly_Peru_bees","A4_29_20221124_01275","Bees",NA,"A4_bees_4","D4",14,"1275","sample","Bees","","Andrea","Hymenoptera","Apidae","Apinae","Euglossini","Euglossa","Euglossa","","","Madre de Dios","Los Amigos Biological field station","Peru","","20221124",NA,NA,NA,NA,NA,"","","29",290,24.20851892,"-12.56257 S","-70.09663 W","Madre de Dios","","Manu"," mature forest, closed canopy, big trees",NA,NA,NA,NA,NA,"","","","","","","Euglossini","","","",NA,"",9000,"Los Amigos Biological field station","netting","Apidae","Euglossa","Euglossa_variabilis","Euglossa","Euglossa","Euglossa","A4_29_20221124_01275",FALSE,FALSE
"A4.29.20221124.01276_S323","16S_AW_Butterfly_Peru_bees","A4_29_20221124_01276","Bees",NA,"A4_bees_4","D5",14,"1276","sample","Bees","","Andrea","Hymenoptera","Apidae","Apinae","Euglossini","Euglossa","Euglossa","","","Madre de Dios","Los Amigos Biological field station","Peru","","20221124",NA,NA,NA,NA,NA,"","","29",290,24.20851892,"-12.56257 S","-70.09663 W","Madre de Dios","","Manu"," mature forest, closed canopy, big trees",NA,NA,NA,NA,NA,"","","","","","","Euglossini","","","",NA,"",9000,"Los Amigos Biological field station","netting","Apidae","Euglossa","Euglossa_variabilis","Euglossa","Euglossa","Euglossa","A4_29_20221124_01276",FALSE,FALSE
"A4.29.20221124.01277_S324","16S_AW_Butterfly_Peru_bees","A4_29_20221124_01277","Bees",NA,"A4_bees_4","D6",14,"1277","sample","Bees","","Andrea","Hymenoptera","Apidae","Apinae","Euglossini","Euglossa","Euglossa","","","Madre de Dios","Los Amigos Biological field station","Peru","","20221124",NA,NA,NA,NA,NA,"","","29",290,24.20851892,"-12.56257 S","-70.09663 W","Madre de Dios","","Manu"," mature forest, closed canopy, big trees",NA,NA,NA,NA,NA,"","","","","","","Euglossini","","","",NA,"",9000,"Los Amigos Biological field station","netting","Apidae","Euglossa","Euglossa_mixta","Euglossa","Euglossa","Euglossa","A4_29_20221124_01277",FALSE,FALSE
"A4.29.20221124.01278_S325","16S_AW_Butterfly_Peru_bees","A4_29_20221124_01278","Bees",NA,"A4_bees_4","D7",14,"1278","sample","Bees","","Andrea","Hymenoptera","Apidae","Apinae","Euglossini","Euglossa","Euglossa","","","Madre de Dios","Los Amigos Biological field station","Peru","","20221124",NA,NA,NA,NA,NA,"","","29",290,24.20851892,"-12.56257 S","-70.09663 W","Madre de Dios","","Manu"," mature forest, closed canopy, big trees",NA,NA,NA,NA,NA,"","","","","","","Euglossini","","","",NA,"",9000,"Los Amigos Biological field station","netting","Apidae","Euglossa","Euglossa_variabilis","Euglossa","Euglossa","Euglossa","A4_29_20221124_01278",FALSE,FALSE
"A4.29.20221124.01279_S326","16S_AW_Butterfly_Peru_bees","A4_29_20221124_01279","Bees",NA,"A4_bees_4","D8",14,"1279","sample","Bees","","Andrea","Hymenoptera","Apidae","Apinae","Euglossini","Euglossa","Euglossa","","","Madre de Dios","Los Amigos Biological field station","Peru","","20221124",NA,NA,NA,NA,NA,"","","29",290,24.20851892,"-12.56257 S","-70.09663 W","Madre de Dios","","Manu"," mature forest, closed canopy, big trees",NA,NA,NA,NA,NA,"","","","","","","Euglossini","","","",NA,"",9000,"Los Amigos Biological field station","netting","Apidae","Euglossa","Euglossa_mixta","Euglossa","Euglossa","Euglossa","A4_29_20221124_01279",FALSE,FALSE
"A4.29.20221124.01280_S327","16S_AW_Butterfly_Peru_bees","A4_29_20221124_01280","Bees",NA,"A4_bees_4","D9",14,"1280","sample","Bees","","Andrea","Hymenoptera","Apidae","Apinae","Euglossini","Euglossa","Euglossa","","","Madre de Dios","Los Amigos Biological field station","Peru","","20221124",NA,NA,NA,NA,NA,"","","29",290,24.20851892,"-12.56257 S","-70.09663 W","Madre de Dios","","Manu"," mature forest, closed canopy, big trees",NA,NA,NA,NA,NA,"","","","","","","Euglossini","","","",NA,"",9000,"Los Amigos Biological field station","netting","Apidae","Euglossa","Euglossa_mixta","Euglossa","Euglossa","Euglossa","A4_29_20221124_01280",FALSE,FALSE
"A4.29.20221124.01281_S328","16S_AW_Butterfly_Peru_bees","A4_29_20221124_01281","Bees",NA,"A4_bees_4","D10",14,"1281","sample","Bees","","Andrea","Hymenoptera","Apidae","Apinae","Meliponini","Trigona","Trigona","","","Madre de Dios","Los Amigos Biological field station","Peru","","20221124",NA,NA,NA,NA,NA,"","","29",290,24.20851892,"-12.56257 S","-70.09663 W","Madre de Dios","","Manu"," mature forest, closed canopy, big trees",NA,NA,NA,NA,NA,"","","","","","","Meliponini","","","",NA,"",9000,"Los Amigos Biological field station","netting","Apidae","Trigona","Trigona_NA","Trigona","Trigona","Trigona","A4_29_20221124_01281",FALSE,FALSE
"A4.29.20221124.01282_S329","16S_AW_Butterfly_Peru_bees","A4_29_20221124_01282","Bees",NA,"A4_bees_4","D11",14,"1282","sample","Bees","","Andrea","Hymenoptera","Apidae","Apinae","Meliponini","Meliponini","Meliponini","","","Madre de Dios","Los Amigos Biological field station","Peru","","20221124",NA,NA,NA,NA,NA,"","","29",290,24.20851892,"-12.56257 S","-70.09663 W","Madre de Dios","","Manu"," mature forest, closed canopy, big trees",NA,NA,NA,NA,NA,"","","","","","","Meliponini","","","",NA,"",9000,"Los Amigos Biological field station","netting",NA,NA,NA,NA,"Meliponini","Meliponini","A4_29_20221124_01282",FALSE,FALSE
"A4.29.20221124.01283_S330","16S_AW_Butterfly_Peru_bees","A4_29_20221124_01283","Bees",NA,"A4_bees_4","D12",14,"1283","sample","Bees","","Andrea","Hymenoptera","Apidae","Apinae","Meliponini","Meliponini","Meliponini","","","Madre de Dios","Los Amigos Biological field station","Peru","","20221124",NA,NA,NA,NA,NA,"","","29",290,24.20851892,"-12.56257 S","-70.09663 W","Madre de Dios","","Manu"," mature forest, closed canopy, big trees",NA,NA,NA,NA,NA,"","","","","","","Meliponini","","","",NA,"",9000,"Los Amigos Biological field station","netting",NA,NA,NA,NA,"Meliponini","Meliponini","A4_29_20221124_01283",FALSE,FALSE
"A4.29.20221124.01285_S333","16S_AW_Butterfly_Peru_bees","A4_29_20221124_01285","Bees",NA,"A4_bees_4","E2",14,"1285","sample","Bees","","Andrea","Hymenoptera","Apidae","Apinae","Meliponini","Trigona","Trigona","","","Madre de Dios","Los Amigos Biological field station","Peru","","20221124",NA,NA,NA,NA,NA,"","","29",290,24.20851892,"-12.56257 S","-70.09663 W","Madre de Dios","","Manu"," mature forest, closed canopy, big trees",NA,NA,NA,NA,NA,"","","","","","","Meliponini","","","",NA,"",9000,"Los Amigos Biological field station","netting","Apidae","Oxytrigona","","Oxytrigona","Trigona","Trigona","A4_29_20221124_01285",FALSE,FALSE
"A4.29.20221124.01286_S334","16S_AW_Butterfly_Peru_bees","A4_29_20221124_01286","Bees",NA,"A4_bees_4","E3",14,"1286","sample","Bees","","Andrea","Hymenoptera","Apidae","Apinae","Meliponini","Partamona","Partamona","","","Madre de Dios","Los Amigos Biological field station","Peru","","20221124",NA,NA,NA,NA,NA,"","","29",290,24.20851892,"-12.56257 S","-70.09663 W","Madre de Dios","","Manu"," mature forest, closed canopy, big trees",NA,NA,NA,NA,NA,"","","","","","","Meliponini","","","",NA,"",9000,"Los Amigos Biological field station","netting","Apidae","Partamona","","Partamona","Partamona","Partamona","A4_29_20221124_01286",FALSE,FALSE
"A4.29.20221124.01287_S335","16S_AW_Butterfly_Peru_bees","A4_29_20221124_01287","Bees",NA,"A4_bees_4","E4",14,"1287","sample","Bees","","Andrea","Hymenoptera","Apidae","Apinae","Meliponini","Trigona","Trigona","","","Madre de Dios","Los Amigos Biological field station","Peru","","20221124",NA,NA,NA,NA,NA,"","","29",290,24.20851892,"-12.56257 S","-70.09663 W","Madre de Dios","","Manu"," mature forest, closed canopy, big trees",NA,NA,NA,NA,NA,"","","","","","","Meliponini","","","",NA,"",9000,"Los Amigos Biological field station","netting","Apidae","Frieseomelitta","Frieseomelitta_flavicornis","Frieseomelitta","Trigona","Trigona","A4_29_20221124_01287",FALSE,FALSE
"A4.29.20221124.01288_S336","16S_AW_Butterfly_Peru_bees","A4_29_20221124_01288","Bees",NA,"A4_bees_4","E5",14,"1288","sample","Bees","","Andrea","Hymenoptera","Apidae","Apinae","Meliponini","Trigona","Trigona","","","Madre de Dios","Los Amigos Biological field station","Peru","","20221124",NA,NA,NA,NA,NA,"","","29",290,24.20851892,"-12.56257 S","-70.09663 W","Madre de Dios","","Manu"," mature forest, closed canopy, big trees",NA,NA,NA,NA,NA,"","","","","","","Meliponini","","","",NA,"",9000,"Los Amigos Biological field station","netting","Apidae","Frieseomelitta","Frieseomelitta_flavicornis","Frieseomelitta","Trigona","Trigona","A4_29_20221124_01288",FALSE,FALSE
"A4.29.20221124.01289_S337","16S_AW_Butterfly_Peru_bees","A4_29_20221124_01289","Bees",NA,"A4_bees_4","E6",14,"1289","sample","Bees","","Andrea","Hymenoptera","Apidae","Apinae","Meliponini","Scaptotrigona","Scaptotrigona","","","Madre de Dios","Los Amigos Biological field station","Peru","","20221124",NA,NA,NA,NA,NA,"","","29",290,24.20851892,"-12.56257 S","-70.09663 W","Madre de Dios","","Manu"," mature forest, closed canopy, big trees",NA,NA,NA,NA,NA,"","","","","","","Meliponini","","","",NA,"",9000,"Los Amigos Biological field station","netting","Apidae","Scaptotrigona","Scaptotrigona_xanthotricha","Scaptotrigona","Scaptotrigona","Scaptotrigona","A4_29_20221124_01289",FALSE,FALSE
"A4.29.20221124.01290_S338","16S_AW_Butterfly_Peru_bees","A4_29_20221124_01290","Bees",NA,"A4_bees_4","E7",14,"1290","sample","Bees","","Andrea","Hymenoptera","Apidae","Apinae","Meliponini","Scaptotrigona","Scaptotrigona","","","Madre de Dios","Los Amigos Biological field station","Peru","","20221124",NA,NA,NA,NA,NA,"","","29",290,24.20851892,"-12.56257 S","-70.09663 W","Madre de Dios","","Manu"," mature forest, closed canopy, big trees",NA,NA,NA,NA,NA,"","","","","","","Meliponini","","","",NA,"",9000,"Los Amigos Biological field station","netting","Apidae","Scaptotrigona","Scaptotrigona_mexicana","Scaptotrigona","Scaptotrigona","Scaptotrigona","A4_29_20221124_01290",FALSE,FALSE
"A4.29.20221124.01291_S339","16S_AW_Butterfly_Peru_bees","A4_29_20221124_01291","Bees",NA,"A4_bees_4","E8",14,"1291","sample","Bees","","Andrea","Hymenoptera","Apidae","Apinae","Meliponini","Trigona","Trigona","","","Madre de Dios","Los Amigos Biological field station","Peru","","20221124",NA,NA,NA,NA,NA,"","","29",290,24.20851892,"-12.56257 S","-70.09663 W","Madre de Dios","","Manu"," mature forest, closed canopy, big trees",NA,NA,NA,NA,NA,"","","","","","","Meliponini","","","",NA,"",9000,"Los Amigos Biological field station","netting","Apidae","Trigona","","Trigona","Trigona","Trigona","A4_29_20221124_01291",FALSE,FALSE
"A4.29.20221124.01292_S340","16S_AW_Butterfly_Peru_bees","A4_29_20221124_01292","Bees",NA,"A4_bees_4","E9",14,"1292","sample","Bees","","Andrea","Hymenoptera","Apidae","Apinae","Meliponini","Scaptotrigona","Scaptotrigona","","","Madre de Dios","Los Amigos Biological field station","Peru","","20221124",NA,NA,NA,NA,NA,"","","29",290,24.20851892,"-12.56257 S","-70.09663 W","Madre de Dios","","Manu"," mature forest, closed canopy, big trees",NA,NA,NA,NA,NA,"","","","","","","Meliponini","","","",NA,"",9000,"Los Amigos Biological field station","netting","Apidae","Scaptotrigona","Scaptotrigona_mexicana","Scaptotrigona","Scaptotrigona","Scaptotrigona","A4_29_20221124_01292",FALSE,FALSE
"A4.29.20221124.01293_S341","16S_AW_Butterfly_Peru_bees","A4_29_20221124_01293","Bees",NA,"A4_bees_4","E10",14,"1293","sample","Bees","","Andrea","Hymenoptera","Apidae","Apinae","Meliponini","Trigona","Trigona","","","Madre de Dios","Los Amigos Biological field station","Peru","","20221124",NA,NA,NA,NA,NA,"","","29",290,24.20851892,"-12.56257 S","-70.09663 W","Madre de Dios","","Manu"," mature forest, closed canopy, big trees",NA,NA,NA,NA,NA,"","","","","","","Meliponini","","","",NA,"",9000,"Los Amigos Biological field station","netting","Apidae","Trigona","","Trigona","Trigona","Trigona","A4_29_20221124_01293",FALSE,FALSE
"A4.29.20221124.01294_S342","16S_AW_Butterfly_Peru_bees","A4_29_20221124_01294","Bees",NA,"A4_bees_4","E11",14,"1294","sample","Bees","","Andrea","Hymenoptera","Apidae","Apinae","Meliponini","Trigona","Trigona","","","Madre de Dios","Los Amigos Biological field station","Peru","","20221124",NA,NA,NA,NA,NA,"","","29",290,24.20851892,"-12.56257 S","-70.09663 W","Madre de Dios","","Manu"," mature forest, closed canopy, big trees",NA,NA,NA,NA,NA,"","","","","","","Meliponini","","","",NA,"",9000,"Los Amigos Biological field station","netting","Apidae","Trigona","","Trigona","Trigona","Trigona","A4_29_20221124_01294",FALSE,FALSE
"A4.29.20221124.01295_S343","16S_AW_Butterfly_Peru_bees","A4_29_20221124_01295","Bees",NA,"A4_bees_4","E12",14,"1295","sample","Bees","","Andrea","Hymenoptera","Apidae","Apinae","Meliponini","Trigona","Trigona","","","Madre de Dios","Los Amigos Biological field station","Peru","","20221124",NA,NA,NA,NA,NA,"","","29",290,24.20851892,"-12.56257 S","-70.09663 W","Madre de Dios","","Manu"," mature forest, closed canopy, big trees",NA,NA,NA,NA,NA,"","","","","","","Meliponini","","","",NA,"",9000,"Los Amigos Biological field station","netting","Apidae","","",NA,"Trigona","Trigona","A4_29_20221124_01295",FALSE,FALSE
"A4.29.20221124.01296_S344","16S_AW_Butterfly_Peru_bees","A4_29_20221124_01296","Bees",NA,"A4_bees_4","F1",14,"1296","sample","Bees","","Andrea","Hymenoptera","Apidae","Apinae","Meliponini","Meliponini","Meliponini","","","Madre de Dios","Los Amigos Biological field station","Peru","","20221124",NA,NA,NA,NA,NA,"","","29",290,24.20851892,"-12.56257 S","-70.09663 W","Madre de Dios","","Manu"," mature forest, closed canopy, big trees",NA,NA,NA,NA,NA,"","","","","","","Meliponini","","","",NA,"",9000,"Los Amigos Biological field station","netting",NA,NA,NA,NA,"Meliponini","Meliponini","A4_29_20221124_01296",FALSE,FALSE
"A4.29.20221124.01297_S346","16S_AW_Butterfly_Peru_bees","A4_29_20221124_01297","Bees",NA,"A4_bees_4","F2",14,"1297","sample","Bees","","Andrea","Hymenoptera","Apidae","Apinae","Meliponini","Trigona","Trigona","","","Madre de Dios","Los Amigos Biological field station","Peru","","20221124",NA,NA,NA,NA,NA,"","","29",290,24.20851892,"-12.56257 S","-70.09663 W","Madre de Dios","","Manu"," mature forest, closed canopy, big trees",NA,NA,NA,NA,NA,"","","","","","","Meliponini","","","",NA,"",9000,"Los Amigos Biological field station","netting","Apidae","Trigona","","Trigona","Trigona","Trigona","A4_29_20221124_01297",FALSE,FALSE
"A4.29.20221124.01298_S347","16S_AW_Butterfly_Peru_bees","A4_29_20221124_01298","Bees",NA,"A4_bees_4","F3",14,"1298","sample","Bees","","Andrea","Hymenoptera","Apidae","Apinae","Meliponini","Trigona","Trigona","","","Madre de Dios","Los Amigos Biological field station","Peru","","20221124",NA,NA,NA,NA,NA,"","","29",290,24.20851892,"-12.56257 S","-70.09663 W","Madre de Dios","","Manu"," mature forest, closed canopy, big trees",NA,NA,NA,NA,NA,"","","","","","","Meliponini","","","",NA,"",9000,"Los Amigos Biological field station","netting","Apidae","Trigona","","Trigona","Trigona","Trigona","A4_29_20221124_01298",FALSE,FALSE
"A4.29.20221124.01299_S348","16S_AW_Butterfly_Peru_bees","A4_29_20221124_01299","Bees",NA,"A4_bees_4","F4",14,"1299","sample","Bees","","Andrea","Hymenoptera","Apidae","Apinae","Meliponini","Trigona","Trigona","","","Madre de Dios","Los Amigos Biological field station","Peru","","20221124",NA,NA,NA,NA,NA,"","","29",290,24.20851892,"-12.56257 S","-70.09663 W","Madre de Dios","","Manu"," mature forest, closed canopy, big trees",NA,NA,NA,NA,NA,"","","","","","","Meliponini","","","",NA,"",9000,"Los Amigos Biological field station","netting","Apidae","Trigona","","Trigona","Trigona","Trigona","A4_29_20221124_01299",FALSE,FALSE
"A4.29.20221124.01300_S349","16S_AW_Butterfly_Peru_bees","A4_29_20221124_01300","Bees",NA,"A4_bees_4","F5",14,"1300","sample","Bees","","Andrea","Hymenoptera","Apidae","Apinae","Meliponini","Trigona","Trigona","","","Madre de Dios","Los Amigos Biological field station","Peru","","20221124",NA,NA,NA,NA,NA,"","","29",290,24.20851892,"-12.56257 S","-70.09663 W","Madre de Dios","","Manu"," mature forest, closed canopy, big trees",NA,NA,NA,NA,NA,"","","","","","","Meliponini","","","",NA,"",9000,"Los Amigos Biological field station","netting","Apidae","Trigona","","Trigona","Trigona","Trigona","A4_29_20221124_01300",FALSE,FALSE
"A4.29.20221124.01301_S350","16S_AW_Butterfly_Peru_bees","A4_29_20221124_01301","Bees",NA,"A4_bees_4","F6",14,"1301","sample","Bees","","Andrea","Hymenoptera","Apidae","Apinae","Meliponini","Trigona","Trigona","","","Madre de Dios","Los Amigos Biological field station","Peru","","20221124",NA,NA,NA,NA,NA,"","","29",290,24.20851892,"-12.56257 S","-70.09663 W","Madre de Dios","","Manu"," mature forest, closed canopy, big trees",NA,NA,NA,NA,NA,"","","","","","","Meliponini","","","",NA,"",9000,"Los Amigos Biological field station","netting","Apidae","","",NA,"Trigona","Trigona","A4_29_20221124_01301",FALSE,FALSE
"A4.29.20221124.01302_S351","16S_AW_Butterfly_Peru_bees","A4_29_20221124_01302","Bees",NA,"A4_bees_4","F7",14,"1302","sample","Bees","","Andrea","Hymenoptera","Apidae","Apinae","Meliponini","Scaura","Scaura","","","Madre de Dios","Los Amigos Biological field station","Peru","","20221124",NA,NA,NA,NA,NA,"","","29",290,24.20851892,"-12.56257 S","-70.09663 W","Madre de Dios","","Manu"," mature forest, closed canopy, big trees",NA,NA,NA,NA,NA,"","","","","","","Meliponini","","","",NA,"",9000,"Los Amigos Biological field station","netting","Apidae","Scaura","Scaura_latitarsis","Scaura","Scaura latitarsis","Scaura","A4_29_20221124_01302",FALSE,FALSE
"A4.29.20221124.01303_S353","16S_AW_Butterfly_Peru_bees","A4_29_20221124_01303","Bees",NA,"A4_bees_4","F8",14,"1303","sample","Bees","","Andrea","Hymenoptera","Apidae","Apinae","Meliponini","Scaura","Scaura","","","Madre de Dios","Los Amigos Biological field station","Peru","","20221124",NA,NA,NA,NA,NA,"","","29",290,24.20851892,"-12.56257 S","-70.09663 W","Madre de Dios","","Manu"," mature forest, closed canopy, big trees",NA,NA,NA,NA,NA,"","","","","","","Meliponini","","","",NA,"",9000,"Los Amigos Biological field station","netting","Apidae","Scaura","Scaura_latitarsis","Scaura","Scaura latitarsis","Scaura","A4_29_20221124_01303",FALSE,FALSE
"A4.29.20221124.01304_S354","16S_AW_Butterfly_Peru_bees","A4_29_20221124_01304","Bees",NA,"A4_bees_4","F9",14,"1304","sample","Bees","","Andrea","Hymenoptera","Apidae","Apinae","Meliponini","Plebeia","Plebeia","","","Madre de Dios","Los Amigos Biological field station","Peru","","20221124",NA,NA,NA,NA,NA,"","","29",290,24.20851892,"-12.56257 S","-70.09663 W","Madre de Dios","","Manu"," mature forest, closed canopy, big trees",NA,NA,NA,NA,NA,"","","","","","","Meliponini","","","",NA,"",9000,"Los Amigos Biological field station","netting","Apidae","Plebeia","Plebeia_BOL01","Plebeia","Plebeia","Plebeia","A4_29_20221124_01304",FALSE,FALSE
"A4.29.20221124.01305_S355","16S_AW_Butterfly_Peru_bees","A4_29_20221124_01305","Bees",NA,"A4_bees_4","F10",14,"1305","sample","Bees","","Andrea","Hymenoptera","Apidae","Apinae","Meliponini","Plebeia","Plebeia","","","Madre de Dios","Los Amigos Biological field station","Peru","","20221124",NA,NA,NA,NA,NA,"","","29",290,24.20851892,"-12.56257 S","-70.09663 W","Madre de Dios","","Manu"," mature forest, closed canopy, big trees",NA,NA,NA,NA,NA,"","","","","","","Meliponini","","","",NA,"",9000,"Los Amigos Biological field station","netting","Apidae","Plebeia","Plebeia_BOL01","Plebeia","Plebeia","Plebeia","A4_29_20221124_01305",FALSE,FALSE
"A4.29.20221124.01306_S356","16S_AW_Butterfly_Peru_bees","A4_29_20221124_01306","Bees",NA,"A4_bees_4","F11",14,"1306","sample","Bees","","Andrea","Hymenoptera","Apidae","Apinae","Meliponini","Plebeia","Plebeia","","","Madre de Dios","Los Amigos Biological field station","Peru","","20221124",NA,NA,NA,NA,NA,"","","29",290,24.20851892,"-12.56257 S","-70.09663 W","Madre de Dios","","Manu"," mature forest, closed canopy, big trees",NA,NA,NA,NA,NA,"","","","","","","Meliponini","","","",NA,"",9000,"Los Amigos Biological field station","netting","Apidae","Plebeia","Plebeia_BOL01","Plebeia","Plebeia","Plebeia","A4_29_20221124_01306",FALSE,FALSE
"A4.29.20221124.01307_S357","16S_AW_Butterfly_Peru_bees","A4_29_20221124_01307","Bees",NA,"A4_bees_4","F12",14,"1307","sample","Bees","","Andrea","Hymenoptera","Apidae","Apinae","Meliponini","Plebeia","Plebeia","","","Madre de Dios","Los Amigos Biological field station","Peru","","20221124",NA,NA,NA,NA,NA,"","","29",290,24.20851892,"-12.56257 S","-70.09663 W","Madre de Dios","","Manu"," mature forest, closed canopy, big trees",NA,NA,NA,NA,NA,"","","","","","","Meliponini","","","",NA,"",9000,"Los Amigos Biological field station","netting","Apidae","Plebeia","Plebeia_BOL01","Plebeia","Plebeia","Plebeia","A4_29_20221124_01307",FALSE,FALSE
"A4.29.20221124.01308_S358","16S_AW_Butterfly_Peru_bees","A4_29_20221124_01308","Bees",NA,"A4_bees_4","G1",14,"1308","sample","Bees","","Andrea","Hymenoptera","Apidae","Apinae","Meliponini","Plebeia","Plebeia","","","Madre de Dios","Los Amigos Biological field station","Peru","","20221124",NA,NA,NA,NA,NA,"","","29",290,24.20851892,"-12.56257 S","-70.09663 W","Madre de Dios","","Manu"," mature forest, closed canopy, big trees",NA,NA,NA,NA,NA,"","","","","","","Meliponini","","","",NA,"",9000,"Los Amigos Biological field station","netting","Apidae","Plebeia","Plebeia_BOL01","Plebeia","Plebeia","Plebeia","A4_29_20221124_01308",FALSE,FALSE
"A4.29.20221124.01309_S359","16S_AW_Butterfly_Peru_bees","A4_29_20221124_01309","Bees",NA,"A4_bees_4","G2",14,"1309","sample","Bees","","Andrea","Hymenoptera","Apidae","Apinae","Meliponini","Plebeia","Plebeia","","","Madre de Dios","Los Amigos Biological field station","Peru","","20221124",NA,NA,NA,NA,NA,"","","29",290,24.20851892,"-12.56257 S","-70.09663 W","Madre de Dios","","Manu"," mature forest, closed canopy, big trees",NA,NA,NA,NA,NA,"","","","","","","Meliponini","","","",NA,"",9000,"Los Amigos Biological field station","netting","Apidae","Plebeia","Plebeia_BOL01","Plebeia","Plebeia","Plebeia","A4_29_20221124_01309",FALSE,FALSE
"A4.29.20221124.01310_S360","16S_AW_Butterfly_Peru_bees","A4_29_20221124_01310","Bees",NA,"A4_bees_4","G3",14,"1310","sample","Bees","","Andrea","Hymenoptera","Halictidae","Halictinae","Halictinae","Halictinae","Halictidae_diurnal","","","Madre de Dios","Los Amigos Biological field station","Peru","","20221124",NA,NA,NA,NA,NA,"","","29",290,24.20851892,"-12.56257 S","-70.09663 W","Madre de Dios","","Manu"," mature forest, closed canopy, big trees",NA,NA,NA,NA,NA,"","","","","","","Halictidae_diurnal","","","",NA,"",9000,"Los Amigos Biological field station","netting",NA,NA,NA,NA,"Halictidae_diurnal","Halictidae_diurnal","A4_29_20221124_01310",FALSE,FALSE
"A4.29.20221124.01311_S362","16S_AW_Butterfly_Peru_bees","A4_29_20221124_01311","Bees",NA,"A4_bees_4","G4",14,"1311","sample","Bees","","Andrea","Hymenoptera","Halictidae","Halictinae","Augochlorini","Augochloropsis","Augochloropsis","","","Madre de Dios","Los Amigos Biological field station","Peru","","20221124",NA,NA,NA,NA,NA,"","","29",290,24.20851892,"-12.56257 S","-70.09663 W","Madre de Dios","","Manu"," mature forest, closed canopy, big trees",NA,NA,NA,NA,NA,"","","","","","","Halictidae_diurnal","","","",NA,"",9000,"Los Amigos Biological field station","netting","Halictidae","Augochloropsis","Augochloropsis_BOL01","Augochloropsis","Augochloropsis","Augochloropsis","A4_29_20221124_01311",FALSE,FALSE
"A4.29.20221124.01312_S363","16S_AW_Butterfly_Peru_bees","A4_29_20221124_01312","Bees",NA,"A4_bees_4","G5",14,"1312","sample","Bees","","Andrea","Hymenoptera","Halictidae","Halictinae","Halictinae","Halictinae","Halictidae_diurnal","","","Madre de Dios","Los Amigos Biological field station","Peru","","20221124",NA,NA,NA,NA,NA,"","","29",290,24.20851892,"-12.56257 S","-70.09663 W","Madre de Dios","","Manu"," mature forest, closed canopy, big trees",NA,NA,NA,NA,NA,"","","","","","","Halictidae_diurnal","","","",NA,"",9000,"Los Amigos Biological field station","netting",NA,NA,NA,NA,"Halictidae_diurnal","Halictidae_diurnal","A4_29_20221124_01312",FALSE,FALSE
"A4.29.20221124.01313_S364","16S_AW_Butterfly_Peru_bees","A4_29_20221124_01313","Bees",NA,"A4_bees_4","G6",14,"1313","sample","Bees","","Andrea","Hymenoptera","Halictidae","Halictinae","Halictinae","Halictinae","Halictidae_diurnal","","","Madre de Dios","Los Amigos Biological field station","Peru","","20221124",NA,NA,NA,NA,NA,"","","29",290,24.20851892,"-12.56257 S","-70.09663 W","Madre de Dios","","Manu"," mature forest, closed canopy, big trees",NA,NA,NA,NA,NA,"","","","","","","Halictidae_diurnal","","","",NA,"",9000,"Los Amigos Biological field station","netting",NA,NA,NA,NA,"Halictidae_diurnal","Halictidae_diurnal","A4_29_20221124_01313",FALSE,FALSE
"A4.29.20221125.01095_S144","16S_AW_Butterfly_Peru_bees","A4_29_20221125_01095","Bees",NA,"A4_bees_3","E2",12,"1095","sample","Bees","","Andrea","Hymenoptera","Halictidae","Halictinae","Augochlorini","Megalopta","Megalopta","","","Madre de Dios","Los Amigos Biological field station","Peru","","20221125",NA,NA,NA,NA,NA,"","","29",290,24.20851892,"-12.56257 S","-70.09663 W","Madre de Dios","","Manu"," mature forest, closed canopy, big trees",NA,NA,NA,NA,NA,"","","","","","","Halictidae_nocturnal","","","",NA,"",1900,"Los Amigos Biological field station","Light trap","","","","Megalopta","Megalopta","Megalopta","A4_29_20221125_01095",FALSE,FALSE
"A4.29.20221125.01096_S145","16S_AW_Butterfly_Peru_bees","A4_29_20221125_01096","Bees",NA,"A4_bees_3","E3",12,"1096","sample","Bees","","Andrea","Hymenoptera","Halictidae","Halictinae","Augochlorini","Megalopta","Megalopta","","","Madre de Dios","Los Amigos Biological field station","Peru","","20221125",NA,NA,NA,NA,NA,"","","29",290,24.20851892,"-12.56257 S","-70.09663 W","Madre de Dios","","Manu"," mature forest, closed canopy, big trees",NA,NA,NA,NA,NA,"","","","","","","Halictidae_nocturnal","","","",NA,"",1900,"Los Amigos Biological field station","Light trap","","","","Megalopta","Megalopta","Megalopta","A4_29_20221125_01096",FALSE,FALSE
"A4.29.20221125.01097_S146","16S_AW_Butterfly_Peru_bees","A4_29_20221125_01097","Bees",NA,"A4_bees_3","E4",12,"1097","sample","Bees","","Andrea","Hymenoptera","Halictidae","Halictinae","Augochlorini","Megalopta","Megalopta","","","Madre de Dios","Los Amigos Biological field station","Peru","","20221125",NA,NA,NA,NA,NA,"","","29",290,24.20851892,"-12.56257 S","-70.09663 W","Madre de Dios","","Manu"," mature forest, closed canopy, big trees",NA,NA,NA,NA,NA,"","","","","","","Halictidae_nocturnal","","","",NA,"",1900,"Los Amigos Biological field station","Light trap","","","","Megalopta","Megalopta","Megalopta","A4_29_20221125_01097",FALSE,FALSE
"A4.300.20221008.00268_S317","16S_AW_Butterfly_Peru_bees","A4_300_20221008_00268","Bees",NA,"A4_bees_1","D1",2,"268","sample","Bees","","Andrea","Hymenoptera","Apidae","Apinae","Bombini","Bombus","Bombus","","","Paucartambo","Wayqecha","Peru","","20221008",NA,NA,NA,NA,NA,"","","300",3000,11.08230798,"-13,18991 S","-71,58669 W","Paucartambo","","Kosnipata","Steep, forest, low but mostly closed canopy, nebular forest",NA,NA,NA,NA,NA,"","","","","","","Bombus","","","",NA,"",9000,"Wayqecha","netting","Apidae","Bombus","Bombus hortulanus","Bombus","Bombus hortulanus","Bombus","A4_300_20221008_00268",FALSE,FALSE
"A4.300.20221008.00269_S319","16S_AW_Butterfly_Peru_bees","A4_300_20221008_00269","Bees",NA,"A4_bees_1","D2",2,"269","sample","Bees","","Andrea","Hymenoptera","Apidae","Apinae","Apini","Apis","Apis","melifera ligustica","","Paucartambo","Wayqecha","Peru","","20221008",NA,NA,NA,NA,NA,"","","300",3000,11.08230798,"-13,18991 S","-71,58669 W","Paucartambo","","Kosnipata","Steep, forest, low but mostly closed canopy, nebular forest",NA,NA,NA,NA,NA,"","","","","","","Apis","","","",NA,"",9000,"Wayqecha","netting","Apidae","Apis","Apis melifera","Apis","Apis melifera","Apis","A4_300_20221008_00269",FALSE,FALSE
"A4.300.20221008.00270_S320","16S_AW_Butterfly_Peru_bees","A4_300_20221008_00270","Bees",NA,"A4_bees_1","D3",2,"270","sample","Bees","","Andrea","Hymenoptera","Apidae","Apinae","Meliponini","Plebeia","Plebeia","","","Paucartambo","Wayqecha","Peru","","20221008",NA,NA,NA,NA,NA,"","","300",3000,11.08230798,"-13,18991 S","-71,58669 W","Paucartambo","","Kosnipata","Steep, forest, low but mostly closed canopy, nebular forest",NA,NA,NA,NA,NA,"","","","","","","Meliponini","","","",NA,"",9000,"Wayqecha","netting","Apidae","Plebeia","Plebeia_frontalis","Plebeia","Plebeia","Plebeia","A4_300_20221008_00270",FALSE,FALSE
"A4.300.20221008.00274_S323","16S_AW_Butterfly_Peru_bees","A4_300_20221008_00274","Bees",NA,"A4_bees_1","D7",2,"274","sample","Bees","","Andrea","Hymenoptera","Apidae","Apinae","Apini","Apis","Apis","melifera ligustica","","Paucartambo","Wayqecha","Peru","","20221008",NA,NA,NA,NA,NA,"","","300",3000,11.08230798,"-13,18991 S","-71,58669 W","Paucartambo","","Kosnipata","Steep, forest, low but mostly closed canopy, nebular forest",NA,NA,NA,NA,NA,"","","","","","","Apis","","","",NA,"",9000,"Wayqecha","netting","Apidae","Apis","Apis melifera","Apis","Apis melifera","Apis","A4_300_20221008_00274",FALSE,FALSE
"A4.300.20221008.00275_S324","16S_AW_Butterfly_Peru_bees","A4_300_20221008_00275","Bees",NA,"A4_bees_1","D8",2,"275","sample","Bees","","Andrea","Hymenoptera","Apidae","Apinae","Apini","Apis","Apis","melifera ligustica","","Paucartambo","Wayqecha","Peru","","20221008",NA,NA,NA,NA,NA,"","","300",3000,11.08230798,"-13,18991 S","-71,58669 W","Paucartambo","","Kosnipata","Steep, forest, low but mostly closed canopy, nebular forest",NA,NA,NA,NA,NA,"","","","","","","Apis","","","",NA,"",9000,"Wayqecha","netting","Apidae","Apis","Apis melifera","Apis","Apis melifera","Apis","A4_300_20221008_00275",FALSE,FALSE
"A4.300.20221008.00276_S325","16S_AW_Butterfly_Peru_bees","A4_300_20221008_00276","Bees",NA,"A4_bees_1","D9",2,"276","sample","Bees","","Andrea","Hymenoptera","Apidae","Apinae","Apini","Apis","Apis","melifera ligustica","","Paucartambo","Wayqecha","Peru","","20221008",NA,NA,NA,NA,NA,"","","300",3000,11.08230798,"-13,18991 S","-71,58669 W","Paucartambo","","Kosnipata","Steep, forest, low but mostly closed canopy, nebular forest",NA,NA,NA,NA,NA,"","","","","","","Apis","","","",NA,"",9000,"Wayqecha","netting","Apidae","Apis","Apis melifera","Apis","Apis melifera","Apis","A4_300_20221008_00276",FALSE,FALSE
"A4.300.20221008.00277_S326","16S_AW_Butterfly_Peru_bees","A4_300_20221008_00277","Bees",NA,"A4_bees_1","D10",2,"277","sample","Bees","","Andrea","Hymenoptera","Apidae","Apinae","Apini","Apis","Apis","melifera ligustica","","Paucartambo","Wayqecha","Peru","","20221008",NA,NA,NA,NA,NA,"","","300",3000,11.08230798,"-13,18991 S","-71,58669 W","Paucartambo","","Kosnipata","Steep, forest, low but mostly closed canopy, nebular forest",NA,NA,NA,NA,NA,"","","","","","","Apis","","","",NA,"",9000,"Wayqecha","netting","Apidae","Apis","Apis melifera","Apis","Apis melifera","Apis","A4_300_20221008_00277",FALSE,FALSE
"A4.300.20221008.00278_S327","16S_AW_Butterfly_Peru_bees","A4_300_20221008_00278","Bees",NA,"A4_bees_1","D11",2,"278","sample","Bees","","Andrea","Hymenoptera","Halictidae","Halictinae","Halictinae","Halictinae","Halictidae_diurnal","","","Paucartambo","Wayqecha","Peru","","20221008",NA,NA,NA,NA,NA,"","","300",3000,11.08230798,"-13,18991 S","-71,58669 W","Paucartambo","","Kosnipata","Steep, forest, low but mostly closed canopy, nebular forest",NA,NA,NA,NA,NA,"","","","","","","Halictidae_diurnal","","","",NA,"",1000,"Wayqecha","netting",NA,NA,NA,NA,"Halictidae_diurnal","Halictidae_diurnal","A4_300_20221008_00278",FALSE,FALSE
"A4.300.20221008.00281_S330","16S_AW_Butterfly_Peru_bees","A4_300_20221008_00281","Bees",NA,"A4_bees_1","E2",2,"281","sample","Bees","","Andrea","Hymenoptera","Halictidae","Halictinae","Augochlorini","Caenohalictus","Caenohalictus","","","Paucartambo","Wayqecha","Peru","","20221008",NA,NA,NA,NA,NA,"","","300",3000,11.08230798,"-13,18991 S","-71,58669 W","Paucartambo","","Kosnipata","Steep, forest, low but mostly closed canopy, nebular forest",NA,NA,NA,NA,NA,"","","","","","","Halictidae_diurnal","","","",NA,"",1000,"Wayqecha","netting","","","",NA,"Caenohalictus","Caenohalictus","A4_300_20221008_00281",FALSE,FALSE
"A4.300.20221008.00282_S332","16S_AW_Butterfly_Peru_bees","A4_300_20221008_00282","Bees",NA,"A4_bees_1","E3",2,"282","sample","Bees","","Andrea","Hymenoptera","Halictidae","Halictinae","Augochlorini","Neocorynura","Neocorynura","","","Paucartambo","Wayqecha","Peru","","20221008",NA,NA,NA,NA,NA,"","","300",3000,11.08230798,"-13,18991 S","-71,58669 W","Paucartambo","","Kosnipata","Steep, forest, low but mostly closed canopy, nebular forest",NA,NA,NA,NA,NA,"","","","","","","Halictidae_diurnal","","","",NA,"",1000,"Wayqecha","netting","","","",NA,"Neocorynura","Neocorynura","A4_300_20221008_00282",FALSE,FALSE
"A4.300.20221008.00283_S333","16S_AW_Butterfly_Peru_bees","A4_300_20221008_00283","Bees",NA,"A4_bees_1","E4",2,"283","sample","Bees","","Andrea","Hymenoptera","Halictidae","Halictinae","Augochlorini","Neocorynura","Neocorynura","","","Paucartambo","Wayqecha","Peru","","20221008",NA,NA,NA,NA,NA,"","","300",3000,11.08230798,"-13,18991 S","-71,58669 W","Paucartambo","","Kosnipata","Steep, forest, low but mostly closed canopy, nebular forest",NA,NA,NA,NA,NA,"","","","","","","Halictidae_diurnal","","","",NA,"",1000,"Wayqecha","netting","","","",NA,"Neocorynura","Neocorynura","A4_300_20221008_00283",FALSE,FALSE
"A4.300.20221008.00286_S336","16S_AW_Butterfly_Peru_bees","A4_300_20221008_00286","Bees",NA,"A4_bees_1","E7",2,"286","sample","Bees","","Andrea","Hymenoptera","Halictidae","Halictinae","Augochlorini","Caenohalictus","Caenohalictus","","","Paucartambo","Wayqecha","Peru","","20221008",NA,NA,NA,NA,NA,"","","300",3000,11.08230798,"-13,18991 S","-71,58669 W","Paucartambo","","Kosnipata","Steep, forest, low but mostly closed canopy, nebular forest",NA,NA,NA,NA,NA,"","","","","","","Halictidae_diurnal","","","",NA,"",1000,"Wayqecha","netting","","","",NA,"Caenohalictus","Caenohalictus","A4_300_20221008_00286",FALSE,FALSE
"A4.300.20221008.00287_S337","16S_AW_Butterfly_Peru_bees","A4_300_20221008_00287","Bees",NA,"A4_bees_1","E8",2,"287","sample","Bees","","Andrea","Hymenoptera","Halictidae","Halictinae","Halictinae","Halictinae","Halictidae_diurnal","","","Paucartambo","Wayqecha","Peru","","20221008",NA,NA,NA,NA,NA,"","","300",3000,11.08230798,"-13,18991 S","-71,58669 W","Paucartambo","","Kosnipata","Steep, forest, low but mostly closed canopy, nebular forest",NA,NA,NA,NA,NA,"","","","","","","Halictidae_diurnal","","","",NA,"",1000,"Wayqecha","netting",NA,NA,NA,NA,"Halictidae_diurnal","Halictidae_diurnal","A4_300_20221008_00287",FALSE,FALSE
"A4.300.20221008.00288_S338","16S_AW_Butterfly_Peru_bees","A4_300_20221008_00288","Bees",NA,"A4_bees_1","E9",2,"288","sample","Bees","","Andrea","Hymenoptera","Halictidae","Halictinae","Augochlorini","Neocorynura","Neocorynura","","","Paucartambo","Wayqecha","Peru","","20221008",NA,NA,NA,NA,NA,"","","300",3000,11.08230798,"-13,18991 S","-71,58669 W","Paucartambo","","Kosnipata","Steep, forest, low but mostly closed canopy, nebular forest",NA,NA,NA,NA,NA,"","","","","","","Halictidae_diurnal","","","",NA,"",1000,"Wayqecha","netting","","","",NA,"Neocorynura","Neocorynura","A4_300_20221008_00288",FALSE,FALSE
"A4.300.20221008.00289_S339","16S_AW_Butterfly_Peru_bees","A4_300_20221008_00289","Bees",NA,"A4_bees_1","E10",2,"289","sample","Bees","","Andrea","Hymenoptera","Apidae","Apinae","Meliponini","Meliponini","Meliponini","","","Paucartambo","Wayqecha","Peru","","20221008",NA,NA,NA,NA,NA,"","","300",3000,11.08230798,"-13,18991 S","-71,58669 W","Paucartambo","","Kosnipata","Steep, forest, low but mostly closed canopy, nebular forest",NA,NA,NA,NA,NA,"","","","","","","Meliponini","","","",NA,"",1000,"Wayqecha","netting",NA,NA,NA,NA,"Meliponini","Meliponini","A4_300_20221008_00289",FALSE,FALSE
"A4.300.20221008.00290_S1","16S_AW_Butterfly_Peru_bees","A4_300_20221008_00290","Bees",NA,"A4_bees_1","E11",2,"290","sample","Bees","","Andrea","Hymenoptera","Halictidae","Halictinae","Halictinae","Halictinae","Halictidae_diurnal","","","Paucartambo","Wayqecha","Peru","","20221008",NA,NA,NA,NA,NA,"","","300",3000,11.08230798,"-13,18991 S","-71,58669 W","Paucartambo","","Kosnipata","Steep, forest, low but mostly closed canopy, nebular forest",NA,NA,NA,NA,NA,"","","","","","","Halictidae_diurnal","","","",NA,"",1000,"Wayqecha","netting",NA,NA,NA,NA,"Halictidae_diurnal","Halictidae_diurnal","A4_300_20221008_00290",FALSE,FALSE
"A4.300.20221008.00291_S2","16S_AW_Butterfly_Peru_bees","A4_300_20221008_00291","Bees",NA,"A4_bees_1","E12",2,"291","sample","Bees","","Andrea","Hymenoptera","Halictidae","Halictinae","Augochlorini","Caenohalictus","Caenohalictus","","","Paucartambo","Wayqecha","Peru","","20221008",NA,NA,NA,NA,NA,"","","300",3000,11.08230798,"-13,18991 S","-71,58669 W","Paucartambo","","Kosnipata","Steep, forest, low but mostly closed canopy, nebular forest",NA,NA,NA,NA,NA,"","","","","","","Halictidae_diurnal","","","",NA,"",1000,"Wayqecha","netting","","","",NA,"Caenohalictus","Caenohalictus","A4_300_20221008_00291",FALSE,FALSE
"A4.300.20221008.00292_S4","16S_AW_Butterfly_Peru_bees","A4_300_20221008_00292","Bees",NA,"A4_bees_1","F1",2,"292","sample","Bees","","Andrea","Hymenoptera","Halictidae","Halictinae","Augochlorini","Caenohalictus","Caenohalictus","","","Paucartambo","Wayqecha","Peru","","20221008",NA,NA,NA,NA,NA,"","","300",3000,11.08230798,"-13,18991 S","-71,58669 W","Paucartambo","","Kosnipata","Steep, forest, low but mostly closed canopy, nebular forest",NA,NA,NA,NA,NA,"","","","","","","Halictidae_diurnal","","","",NA,"",1000,"Wayqecha","netting","","","",NA,"Caenohalictus","Caenohalictus","A4_300_20221008_00292",FALSE,FALSE
"A4.300.20221008.00293_S5","16S_AW_Butterfly_Peru_bees","A4_300_20221008_00293","Bees",NA,"A4_bees_1","F2",2,"293","sample","Bees","","Andrea","Hymenoptera","Apidae","Apinae","Bombini","Bombus","Bombus","","","Paucartambo","Wayqecha","Peru","","20221008",NA,NA,NA,NA,NA,"","","300",3000,11.08230798,"-13,18991 S","-71,58669 W","Paucartambo","","Kosnipata","Steep, forest, low but mostly closed canopy, nebular forest",NA,NA,NA,NA,NA,"","","","","","","Bombus","","","",NA,"",1100,"Wayqecha","netting","Apidae","Bombus","Bombus hortulanus","Bombus","Bombus hortulanus","Bombus","A4_300_20221008_00293",FALSE,FALSE
"A4.300.20221008.00294_S6","16S_AW_Butterfly_Peru_bees","A4_300_20221008_00294","Bees",NA,"A4_bees_1","F3",2,"294","sample","Bees","","Andrea","Hymenoptera","Apidae","Apinae","Bombini","Bombus","Apis","","","Paucartambo","Wayqecha","Peru","","20221008",NA,NA,NA,NA,NA,"","","300",3000,11.08230798,"-13,18991 S","-71,58669 W","Paucartambo","","Kosnipata","Steep, forest, low but mostly closed canopy, nebular forest",NA,NA,NA,NA,NA,"","","","","","","Apis","","","",NA,"",1100,"Wayqecha","netting","Apidae","","","Bombus","Apis","Apis","A4_300_20221008_00294",FALSE,FALSE
"A4.335.20221018.00402_S32","16S_AW_Butterfly_Peru_bees","A4_335_20221018_00402","Bees",NA,"A4_bees_2","B10",5,"402","sample","Bees","","Andrea","Hymenoptera","Apidae","Apinae","Bombini","Bombus","Bombus","funebris","","Paucartambo","Tres cruces","Peru","","20221018",NA,NA,NA,NA,NA,"","","335",3350,8.209388294,"-13.20061 S","-71.60715 W","Paucartambo","","Kosnipata","Steep, low forest, bushland",NA,NA,NA,NA,NA,"","","","","","","Bombus","","","",NA,"",1500,"Tres cruces","netting","Apidae","Bombus","Bombus funebris","Bombus","Bombus funebris","Bombus","A4_335_20221018_00402",FALSE,FALSE
"A4.335.20221018.00403_S33","16S_AW_Butterfly_Peru_bees","A4_335_20221018_00403","Bees",NA,"A4_bees_2","B11",5,"403","sample","Bees","","Andrea","Hymenoptera","Apidae","Apinae","Bombini","Bombus","Bombus","sp1","","Paucartambo","Tres cruces","Peru","","20221018",NA,NA,NA,NA,NA,"","","335",3350,8.209388294,"-13.20061 S","-71.60715 W","Paucartambo","","Kosnipata","Steep, low forest, bushland",NA,NA,NA,NA,NA,"","","","","","","Bombus","","","",NA,"",1500,"Tres cruces","netting","Apidae","Bombus","Bombus rubicundus","Bombus","Bombus rubicundus","Bombus","A4_335_20221018_00403",FALSE,FALSE
"A4.335.20221018.00404_S34","16S_AW_Butterfly_Peru_bees","A4_335_20221018_00404","Bees",NA,"A4_bees_2","B12",5,"404","sample","Bees","","Andrea","Hymenoptera","Apidae","Apinae","Bombini","Bombus","Bombus","sp1","","Paucartambo","Tres cruces","Peru","","20221018",NA,NA,NA,NA,NA,"","","335",3350,8.209388294,"-13.20061 S","-71.60715 W","Paucartambo","","Kosnipata","Steep, low forest, bushland",NA,NA,NA,NA,NA,"","","","","","","Bombus","","","",NA,"",1500,"Tres cruces","netting","Apidae","Bombus","Bombus rubicundus","Bombus","Bombus rubicundus","Bombus","A4_335_20221018_00404",FALSE,FALSE
"A4.335.20221018.00405_S35","16S_AW_Butterfly_Peru_bees","A4_335_20221018_00405","Bees",NA,"A4_bees_2","C1",5,"405","sample","Bees","","Andrea","Hymenoptera","Apidae","Apinae","Bombini","Bombus","Bombus","sp2","","Paucartambo","Tres cruces","Peru","","20221018",NA,NA,NA,NA,NA,"","","335",3350,8.209388294,"-13.20061 S","-71.60715 W","Paucartambo","","Kosnipata","Steep, low forest, bushland",NA,NA,NA,NA,NA,"","","","","","","Bombus","","","",NA,"",1500,"Tres cruces","netting","","","","Bombus","Bombus cf transversalis","Bombus","A4_335_20221018_00405",FALSE,FALSE
"A4.335.20221018.00406_S36","16S_AW_Butterfly_Peru_bees","A4_335_20221018_00406","Bees",NA,"A4_bees_2","C2",5,"406","sample","Bees","","Andrea","Hymenoptera","Apidae","Apinae","Bombini","Bombus","Bombus ","sp2","","Paucartambo","Tres cruces","Peru","","20221018",NA,NA,NA,NA,NA,"","","335",3350,8.209388294,"-13.20061 S","-71.60715 W","Paucartambo","","Kosnipata","Steep, low forest, bushland",NA,NA,NA,NA,NA,"","","","","","","Bombus","","","",NA,"",1500,"Tres cruces","netting","","","","Bombus","Bombus cf transversalis","Bombus ","A4_335_20221018_00406",FALSE,FALSE
"A4.43.20221027.00681_S202","16S_AW_Butterfly_Peru_bees","A4_43_20221027_00681","Bees",NA,"A4_bees_2","B4",8,"681","sample","Bees","","Andrea","Hymenoptera","Apidae","Apinae","Meliponini","Partamona","Partamona","","","Manu","Pantiacolla","Peru","","20221027",NA,NA,NA,NA,NA,"","","43",430,23.59631286,"-12.64186 S","-71.24106 W","Manu","","Kosnipata","forest, closed canopy",NA,NA,NA,NA,NA,"","","","","","","Meliponini","","","",NA,"",9000,"Pantiacolla","pitfull","Apidae","Melipona","Melipona_quadrifasciata","Melipona","Partamona","Partamona","A4_43_20221027_00681",FALSE,FALSE
"A4.43.20221027.00683_S204","16S_AW_Butterfly_Peru_bees","A4_43_20221027_00683","Bees",NA,"A4_bees_2","B6",8,"683","sample","Bees","","Andrea","Hymenoptera","Apidae","Apinae","Meliponini","Meliponini","Meliponini","","","Manu","Pantiacolla","Peru","","20221027",NA,NA,NA,NA,NA,"","","43",430,23.59631286,"-12.64186 S","-71.24106 W","Manu","","Kosnipata","forest, closed canopy",NA,NA,NA,NA,NA,"","","","","","","Meliponini","","","",NA,"",9000,"Pantiacolla","netting",NA,NA,NA,NA,"Meliponini","Meliponini","A4_43_20221027_00683",FALSE,FALSE
"A4.43.20221027.00684_S205","16S_AW_Butterfly_Peru_bees","A4_43_20221027_00684","Bees",NA,"A4_bees_2","B7",8,"684","sample","Bees","","Andrea","Hymenoptera","Apidae","Apinae","Meliponini","Partamona","Partamona","","","Manu","Pantiacolla","Peru","","20221027",NA,NA,NA,NA,NA,"","","43",430,23.59631286,"-12.64186 S","-71.24106 W","Manu","","Kosnipata","forest, closed canopy",NA,NA,NA,NA,NA,"","","","","","","Meliponini","","","",NA,"",9000,"Pantiacolla","netting","Apidae","Melipona","Melipona_quadrifasciata","Melipona","Partamona","Partamona","A4_43_20221027_00684",FALSE,FALSE
"A4.43.20221027.00685_S206","16S_AW_Butterfly_Peru_bees","A4_43_20221027_00685","Bees",NA,"A4_bees_2","B8",8,"685","sample","Bees","","Andrea","Hymenoptera","Apidae","Apinae","Meliponini","Tetragona","Tetragona","","","Manu","Pantiacolla","Peru","","20221027",NA,NA,NA,NA,NA,"","","43",430,23.59631286,"-12.64186 S","-71.24106 W","Manu","","Kosnipata","forest, closed canopy",NA,NA,NA,NA,NA,"","","","","","","Meliponini","","","",NA,"",9000,"Pantiacolla","netting","Apidae","Tetragona","Tetragona_perangulata","Tetragona","Tetragona","Tetragona","A4_43_20221027_00685",FALSE,FALSE
"A4.43.20221027.00686_S207","16S_AW_Butterfly_Peru_bees","A4_43_20221027_00686","Bees",NA,"A4_bees_2","B9",8,"686","sample","Bees","","Andrea","Hymenoptera","Apidae","Apinae","Meliponini","Tetragona","Tetragona","","","Manu","Pantiacolla","Peru","","20221027",NA,NA,NA,NA,NA,"","","43",430,23.59631286,"-12.64186 S","-71.24106 W","Manu","","Kosnipata","forest, closed canopy",NA,NA,NA,NA,NA,"","","","","","","Meliponini","","","",NA,"",9000,"Pantiacolla","netting","Apidae","Tetragona","Tetragona_perangulata","Tetragona","Tetragona","Tetragona","A4_43_20221027_00686",FALSE,FALSE
"A4.43.20221027.00688_S209","16S_AW_Butterfly_Peru_bees","A4_43_20221027_00688","Bees",NA,"A4_bees_2","B11",8,"688","sample","Bees","","Andrea","Hymenoptera","Apidae","Apinae","Meliponini","Ptilotrigona","Ptilotrigona","","","Manu","Pantiacolla","Peru","","20221027",NA,NA,NA,NA,NA,"","","43",430,23.59631286,"-12.64186 S","-71.24106 W","Manu","","Kosnipata","forest, closed canopy",NA,NA,NA,NA,NA,"","","","","","","Meliponini","","","",NA,"",9000,"Pantiacolla","netting","Apidae","Ptilotrigona","","Ptilotrigona","Ptilotrigona","Ptilotrigona","A4_43_20221027_00688",FALSE,FALSE
"A4.43.20221027.00689_S210","16S_AW_Butterfly_Peru_bees","A4_43_20221027_00689","Bees",NA,"A4_bees_2","B12",8,"689","sample","Bees","","Andrea","Hymenoptera","Apidae","Apinae","Meliponini","Meliponini","Meliponini","","","Manu","Pantiacolla","Peru","","20221027",NA,NA,NA,NA,NA,"","","43",430,23.59631286,"-12.64186 S","-71.24106 W","Manu","","Kosnipata","forest, closed canopy",NA,NA,NA,NA,NA,"","","","","","","Meliponini","","","",NA,"",9000,"Pantiacolla","netting",NA,NA,NA,NA,"Meliponini","Meliponini","A4_43_20221027_00689",FALSE,FALSE
"A4.43.20221027.00690_S211","16S_AW_Butterfly_Peru_bees","A4_43_20221027_00690","Bees",NA,"A4_bees_2","C1",8,"690","sample","Bees","","Andrea","Hymenoptera","Apidae","Apinae","Meliponini","Meliponini","Meliponini","","","Manu","Pantiacolla","Peru","","20221027",NA,NA,NA,NA,NA,"","","43",430,23.59631286,"-12.64186 S","-71.24106 W","Manu","","Kosnipata","forest, closed canopy",NA,NA,NA,NA,NA,"","","","","","","Meliponini","","","",NA,"",9000,"Pantiacolla","netting",NA,NA,NA,NA,"Meliponini","Meliponini","A4_43_20221027_00690",FALSE,FALSE
"A4.43.20221027.00691_S212","16S_AW_Butterfly_Peru_bees","A4_43_20221027_00691","Bees",NA,"A4_bees_2","C2",8,"691","sample","Bees","","Andrea","Hymenoptera","Apidae","Apinae","Meliponini","Plebeia","Plebeia","","","Manu","Pantiacolla","Peru","","20221027",NA,NA,NA,NA,NA,"","","43",430,23.59631286,"-12.64186 S","-71.24106 W","Manu","","Kosnipata","forest, closed canopy",NA,NA,NA,NA,NA,"","","","","","","Meliponini","","","",NA,"",9000,"Pantiacolla","netting","Apidae","Plebeia","Plebeia_flavocincta","Plebeia","Plebeia","Plebeia","A4_43_20221027_00691",FALSE,FALSE
"A4.43.20221027.00693_S213","16S_AW_Butterfly_Peru_bees","A4_43_20221027_00693","Bees",NA,"A4_bees_2","C4",8,"693","sample","Bees","","Andrea","Hymenoptera","Apidae","Apinae","Euglossini","Euglossa","Euglossa","","","Manu","Pantiacolla","Peru","","20221027",NA,NA,NA,NA,NA,"","","43",430,23.59631286,"-12.64186 S","-71.24106 W","Manu","","Kosnipata","forest, closed canopy",NA,NA,NA,NA,NA,"","","","","","","Euglossini","","","",NA,"",1100,"Pantiacolla","netting","Apidae","Euglossa","Euglossa_rugilabris","Euglossa","Euglossa","Euglossa","A4_43_20221027_00693",FALSE,FALSE
"A4.43.20221027.00694_S215","16S_AW_Butterfly_Peru_bees","A4_43_20221027_00694","Bees",NA,"A4_bees_2","C5",8,"694","sample","Bees","","Andrea","Hymenoptera","Apidae","Apinae","Euglossini","Euglossa","Euglossa","","","Manu","Pantiacolla","Peru","","20221027",NA,NA,NA,NA,NA,"","","43",430,23.59631286,"-12.64186 S","-71.24106 W","Manu","","Kosnipata","forest, closed canopy",NA,NA,NA,NA,NA,"","","","","","","Euglossini","","","",NA,"",1100,"Pantiacolla","netting","Apidae","Euglossa","Euglossa_variabilis","Euglossa","Euglossa","Euglossa","A4_43_20221027_00694",FALSE,FALSE
"A4.43.20221027.00695_S216","16S_AW_Butterfly_Peru_bees","A4_43_20221027_00695","Bees",NA,"A4_bees_2","C6",8,"695","sample","Bees","","Andrea","Hymenoptera","Apidae","Apinae","Euglossini","Euglossa","Euglossa","","","Manu","Pantiacolla","Peru","","20221027",NA,NA,NA,NA,NA,"","","43",430,23.59631286,"-12.64186 S","-71.24106 W","Manu","","Kosnipata","forest, closed canopy",NA,NA,NA,NA,NA,"","","","","","","Euglossini","","","",NA,"",1100,"Pantiacolla","netting","Apidae","Euglossa","Euglossa_rugilabris","Euglossa","Euglossa","Euglossa","A4_43_20221027_00695",FALSE,FALSE
"A4.43.20221027.00696_S217","16S_AW_Butterfly_Peru_bees","A4_43_20221027_00696","Bees",NA,"A4_bees_2","C7",8,"696","sample","Bees","","Andrea","Hymenoptera","Halictidae","Halictinae","Augochlorini","Megalopta","Megalopta","","","Manu","Pantiacolla","Peru","","20221027",NA,NA,NA,NA,NA,"","","43",430,23.59631286,"-12.64186 S","-71.24106 W","Manu","","Kosnipata","forest, closed canopy",NA,NA,NA,NA,NA,"","","","","","","Halictidae_nocturnal","","","",NA,"",1900,"Pantiacolla","Light trap","","","","Megalopta","Megalopta","Megalopta","A4_43_20221027_00696",FALSE,FALSE
"A4.43.20221027.00697_S218","16S_AW_Butterfly_Peru_bees","A4_43_20221027_00697","Bees",NA,"A4_bees_2","C8",8,"697","sample","Bees","","Andrea","Hymenoptera","Halictidae","Halictinae","Augochlorini","Megalopta","Megalopta","","","Manu","Pantiacolla","Peru","","20221027",NA,NA,NA,NA,NA,"","","43",430,23.59631286,"-12.64186 S","-71.24106 W","Manu","","Kosnipata","forest, closed canopy",NA,NA,NA,NA,NA,"","","","","","","Halictidae_nocturnal","","","",NA,"",1900,"Pantiacolla","Light trap","","","","Megalopta","Megalopta","Megalopta","A4_43_20221027_00697",FALSE,FALSE
"A4.43.20221027.00698_S219","16S_AW_Butterfly_Peru_bees","A4_43_20221027_00698","Bees",NA,"A4_bees_2","C9",8,"698","sample","Bees","","Andrea","Hymenoptera","Halictidae","Halictinae","Augochlorini","Megalopta","Megalopta","","","Manu","Pantiacolla","Peru","","20221027",NA,NA,NA,NA,NA,"","","43",430,23.59631286,"-12.64186 S","-71.24106 W","Manu","","Kosnipata","forest, closed canopy",NA,NA,NA,NA,NA,"","","","","","","Halictidae_nocturnal","","","",NA,"",1900,"Pantiacolla","Light trap","","","","Megalopta","Megalopta","Megalopta","A4_43_20221027_00698",FALSE,FALSE
"A4.43.20221027.00699_S220","16S_AW_Butterfly_Peru_bees","A4_43_20221027_00699","Bees",NA,"A4_bees_2","C10",8,"699","sample","Bees","","Andrea","Hymenoptera","Apidae","Apinae","Meliponini","Trigona","Trigona","","","Manu","Pantiacolla","Peru","","20221027",NA,NA,NA,NA,NA,"","","43",430,23.59631286,"-12.64186 S","-71.24106 W","Manu","","Kosnipata","forest, closed canopy",NA,NA,NA,NA,NA,"","","","","","","Meliponini","","","",NA,"",1100,"Pantiacolla","netting","Apidae","Trigona","Trigona_amalthea","Trigona","Trigona","Trigona","A4_43_20221027_00699",FALSE,FALSE
"A4.43.20221027.00700_S221","16S_AW_Butterfly_Peru_bees","A4_43_20221027_00700","Bees",NA,"A4_bees_2","C11",8,"700","sample","Bees","","Andrea","Hymenoptera","Apidae","Apinae","Meliponini","Trigona","Trigona","","","Manu","Pantiacolla","Peru","","20221027",NA,NA,NA,NA,NA,"","","43",430,23.59631286,"-12.64186 S","-71.24106 W","Manu","","Kosnipata","forest, closed canopy",NA,NA,NA,NA,NA,"","","","","","","Meliponini","","","",NA,"",1100,"Pantiacolla","netting","","","","","Trigona","Trigona","A4_43_20221027_00700",FALSE,FALSE
"A4.43.20221027.00701_S223","16S_AW_Butterfly_Peru_bees","A4_43_20221027_00701","Bees",NA,"A4_bees_2","C12",8,"701","sample","Bees","","Andrea","Hymenoptera","Apidae","Apinae","Meliponini","Trigona","Trigona","","","Manu","Pantiacolla","Peru","","20221027",NA,NA,NA,NA,NA,"","","43",430,23.59631286,"-12.64186 S","-71.24106 W","Manu","","Kosnipata","forest, closed canopy",NA,NA,NA,NA,NA,"","","","","","","Meliponini","","","",NA,"",1100,"Pantiacolla","netting","Apidae","Trigona","Trigona_amalthea","Trigona","Trigona","Trigona","A4_43_20221027_00701",FALSE,FALSE
"A4.43.20221027.00702_S224","16S_AW_Butterfly_Peru_bees","A4_43_20221027_00702","Bees",NA,"A4_bees_2","D1",8,"702","sample","Bees","","Andrea","Hymenoptera","Apidae","Apinae","Meliponini","Trigona","Trigona","","","Manu","Pantiacolla","Peru","","20221027",NA,NA,NA,NA,NA,"","","43",430,23.59631286,"-12.64186 S","-71.24106 W","Manu","","Kosnipata","forest, closed canopy",NA,NA,NA,NA,NA,"","","","","","","Meliponini","","","",NA,"",1100,"Pantiacolla","netting","Apidae","Trigona","Trigona_amalthea","Trigona","Trigona","Trigona","A4_43_20221027_00702",FALSE,FALSE
"A4.43.20221027.00703_S225","16S_AW_Butterfly_Peru_bees","A4_43_20221027_00703","Bees",NA,"A4_bees_2","D2",8,"703","sample","Bees","","Andrea","Hymenoptera","Apidae","Apinae","Meliponini","Trigona","Trigona","","","Manu","Pantiacolla","Peru","","20221027",NA,NA,NA,NA,NA,"","","43",430,23.59631286,"-12.64186 S","-71.24106 W","Manu","","Kosnipata","forest, closed canopy",NA,NA,NA,NA,NA,"","","","","","","Meliponini","","","",NA,"",1100,"Pantiacolla","netting","Apidae","Trigona","Trigona_amalthea","Trigona","Trigona","Trigona","A4_43_20221027_00703",FALSE,FALSE
"A4.43.20221027.00705_S227","16S_AW_Butterfly_Peru_bees","A4_43_20221027_00705","Bees",NA,"A4_bees_2","D4",8,"705","sample","Bees","","Andrea","Hymenoptera","Apidae","Apinae","Meliponini","Trigona","Trigona","","","Manu","Pantiacolla","Peru","","20221027",NA,NA,NA,NA,NA,"","","43",430,23.59631286,"-12.64186 S","-71.24106 W","Manu","","Kosnipata","forest, closed canopy",NA,NA,NA,NA,NA,"","","","","","","Meliponini","","","",NA,"",1100,"Pantiacolla","netting","Apidae","Trigona","","Trigona","Trigona","Trigona","A4_43_20221027_00705",FALSE,FALSE
"A4.43.20221027.00706_S228","16S_AW_Butterfly_Peru_bees","A4_43_20221027_00706","Bees",NA,"A4_bees_2","D5",8,"706","sample","Bees","","Andrea","Hymenoptera","Apidae","Apinae","Meliponini","Trigona","Trigona","","","Manu","Pantiacolla","Peru","","20221027",NA,NA,NA,NA,NA,"","","43",430,23.59631286,"-12.64186 S","-71.24106 W","Manu","","Kosnipata","forest, closed canopy",NA,NA,NA,NA,NA,"","","","","","","Meliponini","","","",NA,"",1100,"Pantiacolla","netting","Apidae","Trigona","","Trigona","Trigona","Trigona","A4_43_20221027_00706",FALSE,FALSE
"A4.43.20221027.00708_S230","16S_AW_Butterfly_Peru_bees","A4_43_20221027_00708","Bees",NA,"A4_bees_2","D7",8,"708","sample","Bees","","Andrea","Hymenoptera","Apidae","Apinae","Meliponini","Meliponini","Meliponini","","","Manu","Pantiacolla","Peru","","20221027",NA,NA,NA,NA,NA,"","","43",430,23.59631286,"-12.64186 S","-71.24106 W","Manu","","Kosnipata","forest, closed canopy",NA,NA,NA,NA,NA,"","","","","","","Meliponini","","","",NA,"",1100,"Pantiacolla","netting",NA,NA,NA,NA,"Meliponini","Meliponini","A4_43_20221027_00708",FALSE,FALSE
"A4.43.20221027.00709_S231","16S_AW_Butterfly_Peru_bees","A4_43_20221027_00709","Bees",NA,"A4_bees_2","D8",8,"709","sample","Bees","","Andrea","Hymenoptera","Apidae","Apinae","Meliponini","Meliponini","Meliponini","","","Manu","Pantiacolla","Peru","","20221027",NA,NA,NA,NA,NA,"","","43",430,23.59631286,"-12.64186 S","-71.24106 W","Manu","","Kosnipata","forest, closed canopy",NA,NA,NA,NA,NA,"","","","","","","Meliponini","","","",NA,"",1100,"Pantiacolla","netting",NA,NA,NA,NA,"Meliponini","Meliponini","A4_43_20221027_00709",FALSE,FALSE
"A4.43.20221028.00578_S148","16S_AW_Butterfly_Peru_bees","A4_43_20221028_00578","Bees",NA,"A4_bees_2","A8",7,"578","sample","Bees","","Andrea","Hymenoptera","Apidae","Apinae","Meliponini","Partamona","Partamona","","","Manu","Pantiacolla","Peru","","20221028",NA,NA,NA,NA,NA,"","","43",430,23.59631286,"-12.64186 S","-71.24106 W","Manu","","Kosnipata","forest, closed canopy",NA,NA,NA,NA,NA,"","","","","","","Meliponini","","","",NA,"",1000,"Pantiacolla","netting","Apidae","Melipona","Melipona_quadrifasciata","Melipona","Partamona","Partamona","A4_43_20221028_00578",FALSE,FALSE
"A4.43.20221028.00579_S149","16S_AW_Butterfly_Peru_bees","A4_43_20221028_00579","Bees",NA,"A4_bees_2","A9",7,"579","sample","Bees","","Andrea","Hymenoptera","Halictidae","Halictinae","Halictinae","Halictinae","Halictidae_diurnal","","","Manu","Pantiacolla","Peru","","20221028",NA,NA,NA,NA,NA,"","","43",430,23.59631286,"-12.64186 S","-71.24106 W","Manu","","Kosnipata","forest, closed canopy",NA,NA,NA,NA,NA,"","","","","","","Halictidae_diurnal","","","",NA,"",1000,"Pantiacolla","netting","","","",NA,"Halictidae_diurnal","Halictidae_diurnal","A4_43_20221028_00579",FALSE,FALSE
"A4.43.20221028.00581_S151","16S_AW_Butterfly_Peru_bees","A4_43_20221028_00581","Bees",NA,"A4_bees_2","A11",7,"581","sample","Bees","","Andrea","Hymenoptera","Apidae","Apinae","Euglossini","Euglossa","Euglossa","","","Manu","Pantiacolla","Peru","","20221028",NA,NA,NA,NA,NA,"","","43",430,23.59631286,"-12.64186 S","-71.24106 W","Manu","","Kosnipata","forest, closed canopy",NA,NA,NA,NA,NA,"","","","","","","Euglossini","","","",NA,"",1000,"Pantiacolla","netting","Apidae","Euglossa","Euglossa_variabilis","Euglossa","Euglossa","Euglossa","A4_43_20221028_00581",FALSE,FALSE
"A4.43.20221028.00582_S152","16S_AW_Butterfly_Peru_bees","A4_43_20221028_00582","Bees",NA,"A4_bees_2","A12",7,"582","sample","Bees","","Andrea","Hymenoptera","Apidae","Apinae","Euglossini","Eulaema","Eulaema","bombiformis","","Manu","Pantiacolla","Peru","","20221028",NA,NA,NA,NA,NA,"","","43",430,23.59631286,"-12.64186 S","-71.24106 W","Manu","","Kosnipata","forest, closed canopy",NA,NA,NA,NA,NA,"","","","","","","Euglossini","","","",NA,"",1000,"Pantiacolla","netting","Apidae","Eulaema","Eulaema_meriana","Eulaema","Eulaema","Eulaema","A4_43_20221028_00582",FALSE,FALSE
"A4.43.20221028.00600_S162","16S_AW_Butterfly_Peru_bees","A4_43_20221028_00600","Bees",NA,"A4_bees_2","C6",7,"600","sample","Bees","","Andrea","Hymenoptera","Apidae","Apinae","Meliponini","Trigona","Trigona","","","Manu","Pantiacolla","Peru","","20221028",NA,NA,NA,NA,NA,"","","43",430,23.59631286,"-12.64186 S","-71.24106 W","Manu","","Kosnipata","forest, closed canopy",NA,NA,NA,NA,NA,"","","","","","","Meliponini","","","",NA,"",1100,"Pantiacolla","pitfull","Apidae","Trigona","Trigona_silvestriana","Trigona","Trigona","Trigona","A4_43_20221028_00600",FALSE,FALSE
"A4.43.20221028.00601_S163","16S_AW_Butterfly_Peru_bees","A4_43_20221028_00601","Bees",NA,"A4_bees_2","C7",7,"601","sample","Bees","","Andrea","Hymenoptera","Apidae","Apinae","Meliponini","Meliponini","Meliponini","","","Manu","Pantiacolla","Peru","","20221028",NA,NA,NA,NA,NA,"","","43",430,23.59631286,"-12.64186 S","-71.24106 W","Manu","","Kosnipata","forest, closed canopy",NA,NA,NA,NA,NA,"","","","","","","Meliponini","","","",NA,"",1100,"Pantiacolla","pitfull",NA,NA,NA,NA,"Meliponini","Meliponini","A4_43_20221028_00601",FALSE,FALSE
"A4.43.20221028.00602_S164","16S_AW_Butterfly_Peru_bees","A4_43_20221028_00602","Bees",NA,"A4_bees_2","C8",7,"602","sample","Bees","","Andrea","Hymenoptera","Apidae","Apinae","Meliponini","Partamona","Partamona","","","Manu","Pantiacolla","Peru","","20221028",NA,NA,NA,NA,NA,"","","43",430,23.59631286,"-12.64186 S","-71.24106 W","Manu","","Kosnipata","forest, closed canopy",NA,NA,NA,NA,NA,"","","","","","","Meliponini","","","",NA,"",1100,"Pantiacolla","pitfull","Apidae","Melipona","Melipona_quadrifasciata","Melipona","Partamona","Partamona","A4_43_20221028_00602",FALSE,FALSE
"A4.43.20221028.00605_S165","16S_AW_Butterfly_Peru_bees","A4_43_20221028_00605","Bees",NA,"A4_bees_2","C11",7,"605","sample","Bees","","Andrea","Hymenoptera","Apidae","Apinae","Meliponini","Partamona","Partamona","","","Manu","Pantiacolla","Peru","","20221028",NA,NA,NA,NA,NA,"","","43",430,23.59631286,"-12.64186 S","-71.24106 W","Manu","","Kosnipata","forest, closed canopy",NA,NA,NA,NA,NA,"","","","","","","Meliponini","","","",NA,"",1100,"Pantiacolla","pitfull","Apidae","Melipona","Melipona_quadrifasciata","Melipona","Partamona","Partamona","A4_43_20221028_00605",FALSE,FALSE
"A4.43.20221028.00606_S166","16S_AW_Butterfly_Peru_bees","A4_43_20221028_00606","Bees",NA,"A4_bees_2","C12",7,"606","sample","Bees","","Andrea","Hymenoptera","Apidae","Apinae","Meliponini","Trigona","Trigona","","","Manu","Pantiacolla","Peru","","20221028",NA,NA,NA,NA,NA,"","","43",430,23.59631286,"-12.64186 S","-71.24106 W","Manu","","Kosnipata","forest, closed canopy",NA,NA,NA,NA,NA,"","","","","","","Meliponini","","","",NA,"",1100,"Pantiacolla","pitfull","Apidae","Oxytrigona","","Oxytrigona","Trigona","Trigona","A4_43_20221028_00606",FALSE,FALSE
"A4.43.20221028.00607_S167","16S_AW_Butterfly_Peru_bees","A4_43_20221028_00607","Bees",NA,"A4_bees_2","D1",7,"607","sample","Bees","","Andrea","Hymenoptera","Apidae","Apinae","Meliponini","Meliponini","Meliponini","","","Manu","Pantiacolla","Peru","","20221028",NA,NA,NA,NA,NA,"","","43",430,23.59631286,"-12.64186 S","-71.24106 W","Manu","","Kosnipata","forest, closed canopy",NA,NA,NA,NA,NA,"","","","","","","Meliponini","","","",NA,"",1100,"Pantiacolla","pitfull",NA,NA,NA,NA,"Meliponini","Meliponini","A4_43_20221028_00607",FALSE,FALSE
"A4.51.20221026.00570_S147","16S_AW_Butterfly_Peru_bees","A4_51_20221026_00570","Bees",NA,"A4_bees_2","H11",6,"570","sample","Bees","","Andrea","Hymenoptera","Halictidae","Halictinae","Augochlorini","Megalopta","Megalopta","","","Manu","Pantiacolla","Peru","","20221026",NA,NA,NA,NA,NA,"","","51",510,22.97684105,"-12.65428 S","-71.25237 W","Manu","","Kosnipata","forest, closed canopy, river nerby",NA,NA,NA,NA,NA,"","","","","","","Halictidae_nocturnal","","","",NA,"",1900,"Pantiacolla","tunnel","","","","Megalopta","Megalopta","Megalopta","A4_51_20221026_00570",FALSE,FALSE
"A4.51.20221026.00585_S154","16S_AW_Butterfly_Peru_bees","A4_51_20221026_00585","Bees",NA,"A4_bees_2","B3",7,"585","sample","Bees","","Andrea","Hymenoptera","Halictidae","Halictinae","Augochlorini","Megalopta","Megalopta","","","Manu","Pantiacolla","Peru","","20221026",NA,NA,NA,NA,NA,"","","51",510,22.97684105,"-12.65428 S","-71.25237 W","Manu","","Kosnipata","forest, closed canopy, river nerby",NA,NA,NA,NA,NA,"","","","","","","Halictidae_nocturnal","","","",NA,"",1900,"Pantiacolla","Light trap",NA,NA,NA,"Megalopta","Megalopta","Megalopta","A4_51_20221026_00585",FALSE,FALSE
"A4.51.20221026.00586_S155","16S_AW_Butterfly_Peru_bees","A4_51_20221026_00586","Bees",NA,"A4_bees_2","B4",7,"586","sample","Bees","","Andrea","Hymenoptera","Halictidae","Halictinae","Augochlorini","Megalopta","Megalopta","","","Manu","Pantiacolla","Peru","","20221026",NA,NA,NA,NA,NA,"","","51",510,22.97684105,"-12.65428 S","-71.25237 W","Manu","","Kosnipata","forest, closed canopy, river nerby",NA,NA,NA,NA,NA,"","","","","","","Halictidae_nocturnal","","","",NA,"",1900,"Pantiacolla","Light trap",NA,NA,NA,"Megalopta","Megalopta","Megalopta","A4_51_20221026_00586",FALSE,FALSE
"A4.51.20221027.00677_S198","16S_AW_Butterfly_Peru_bees","A4_51_20221027_00677","Bees",NA,"A4_bees_2","A12",8,"677","sample","Bees","","Andrea","Hymenoptera","Apidae","Apinae","Meliponini","Plebeia","Plebeia","","","Manu","Pantiacolla","Peru","","20221027",NA,NA,NA,NA,NA,"","","51",510,22.97684105,"-12.65428 S","-71.25237 W","Manu","","Kosnipata","forest, closed canopy, river nerby",NA,NA,NA,NA,NA,"","","","","","","Meliponini","","","",NA,"",1000,"Pantiacolla","pan trap","Apidae","Plebeia","Plebeia_flavocincta","Plebeia","Plebeia","Plebeia","A4_51_20221027_00677",FALSE,FALSE
"A4.51.20221027.00678_S199","16S_AW_Butterfly_Peru_bees","A4_51_20221027_00678","Bees",NA,"A4_bees_2","B1",8,"678","sample","Bees","","Andrea","Hymenoptera","Apidae","Apinae","Meliponini","Plebeia","Plebeia","","","Manu","Pantiacolla","Peru","","20221027",NA,NA,NA,NA,NA,"","","51",510,22.97684105,"-12.65428 S","-71.25237 W","Manu","","Kosnipata","forest, closed canopy, river nerby",NA,NA,NA,NA,NA,"","","","","","","Meliponini","","","",NA,"",1000,"Pantiacolla","pan trap","Apidae","Plebeia","Plebeia_flavocincta","Plebeia","Plebeia","Plebeia","A4_51_20221027_00678",FALSE,FALSE
"A4.51.20221027.00679_S200","16S_AW_Butterfly_Peru_bees","A4_51_20221027_00679","Bees",NA,"A4_bees_2","B2",8,"679","sample","Bees","","Andrea","Hymenoptera","Apidae","Apinae","Meliponini","Plebeia","Plebeia","","","Manu","Pantiacolla","Peru","","20221027",NA,NA,NA,NA,NA,"","","51",510,22.97684105,"-12.65428 S","-71.25237 W","Manu","","Kosnipata","forest, closed canopy, river nerby",NA,NA,NA,NA,NA,"","","","","","","Meliponini","","","",NA,"",1000,"Pantiacolla","pan trap","Apidae","Plebeia","Plebeia_flavocincta","Plebeia","Plebeia","Plebeia","A4_51_20221027_00679",FALSE,FALSE
"A4.51.20221028.00597_S158","16S_AW_Butterfly_Peru_bees","A4_51_20221028_00597","Bees",NA,"A4_bees_2","C3",7,"597","sample","Bees","","Andrea","Hymenoptera","Apidae","Apinae","Meliponini","Plebeia","Plebeia","","","Manu","Pantiacolla","Peru","","20221028",NA,NA,NA,NA,NA,"","","51",510,22.97684105,"-12.65428 S","-71.25237 W","Manu","","Kosnipata","forest, closed canopy, river nerby",NA,NA,NA,NA,NA,"","","","","","","Meliponini","","","",NA,"",1100,"Pantiacolla","pitfull","Apidae","Plebeia","Plebeia_flavocincta","Plebeia","Plebeia","Plebeia","A4_51_20221028_00597",FALSE,FALSE
"A4.51.20221028.00599_S161","16S_AW_Butterfly_Peru_bees","A4_51_20221028_00599","Bees",NA,"A4_bees_2","C5",7,"599","sample","Bees","","Andrea","Hymenoptera","Apidae","Apinae","Meliponini","Plebeia","Plebeia","","","Manu","Pantiacolla","Peru","","20221028",NA,NA,NA,NA,NA,"","","51",510,22.97684105,"-12.65428 S","-71.25237 W","Manu","","Kosnipata","forest, closed canopy, river nerby",NA,NA,NA,NA,NA,"","","","","","","Meliponini","","","",NA,"",1100,"Pantiacolla","pitfull","Apidae","Plebeia","Plebeia_BOL01","Plebeia","Plebeia","Plebeia","A4_51_20221028_00599",FALSE,FALSE
"A4.51.20221028.00710_S232","16S_AW_Butterfly_Peru_bees","A4_51_20221028_00710","Bees",NA,"A4_bees_2","D9",8,"710","sample","Bees","","Andrea","Hymenoptera","Apidae","Apinae","Euglossini","Euglossa","Euglossa","","","Manu","Pantiacolla","Peru","","20221028",NA,NA,NA,NA,NA,"","","51",510,22.97684105,"-12.65428 S","-71.25237 W","Manu","","Kosnipata","forest, closed canopy, river nerby",NA,NA,NA,NA,NA,"","","","","","","Euglossini","","","",NA,"",1100,"Pantiacolla","netting","Apidae","Euglossa","Euglossa_variabilis","Euglossa","Euglossa","Euglossa","A4_51_20221028_00710",FALSE,FALSE
"A4.51.20221028.00711_S233","16S_AW_Butterfly_Peru_bees","A4_51_20221028_00711","Bees",NA,"A4_bees_2","D10",8,"711","sample","Bees","","Andrea","Hymenoptera","Apidae","Apinae","Euglossini","Euglossa","Euglossa","","","Manu","Pantiacolla","Peru","","20221028",NA,NA,NA,NA,NA,"","","51",510,22.97684105,"-12.65428 S","-71.25237 W","Manu","","Kosnipata","forest, closed canopy, river nerby",NA,NA,NA,NA,NA,"","","","","","","Euglossini","","","",NA,"",1100,"Pantiacolla","netting","Apidae","Euglossa","Euglossa_variabilis","Euglossa","Euglossa","Euglossa","A4_51_20221028_00711",FALSE,FALSE
"A4.51.20221028.00713_S236","16S_AW_Butterfly_Peru_bees","A4_51_20221028_00713","Bees",NA,"A4_bees_2","D12",8,"713","sample","Bees","","Andrea","Hymenoptera","Apidae","Apinae","Meliponini","Tetragona","Tetragona","","","Manu","Pantiacolla","Peru","","20221028",NA,NA,NA,NA,NA,"","","51",510,22.97684105,"-12.65428 S","-71.25237 W","Manu","","Kosnipata","forest, closed canopy, river nerby",NA,NA,NA,NA,NA,"","","","","","","Meliponini","","","",NA,"",1100,"Pantiacolla","netting","Apidae","","",NA,"Tetragona","Tetragona","A4_51_20221028_00713",FALSE,FALSE
"A4.51.20221028.00714_S237","16S_AW_Butterfly_Peru_bees","A4_51_20221028_00714","Bees",NA,"A4_bees_2","E1",8,"714","sample","Bees","","Andrea","Hymenoptera","Apidae","Apinae","Meliponini","Tetragona","Tetragona","","","Manu","Pantiacolla","Peru","","20221028",NA,NA,NA,NA,NA,"","","51",510,22.97684105,"-12.65428 S","-71.25237 W","Manu","","Kosnipata","forest, closed canopy, river nerby",NA,NA,NA,NA,NA,"","","","","","","Meliponini","","","",NA,"",1100,"Pantiacolla","netting","Apidae","","",NA,"Tetragona","Tetragona","A4_51_20221028_00714",FALSE,FALSE
"A4.51.20221028.00715_S238","16S_AW_Butterfly_Peru_bees","A4_51_20221028_00715","Bees",NA,"A4_bees_2","E2",8,"715","sample","Bees","","Andrea","Hymenoptera","Apidae","Apinae","Meliponini","Tetragona","Tetragona","","","Manu","Pantiacolla","Peru","","20221028",NA,NA,NA,NA,NA,"","","51",510,22.97684105,"-12.65428 S","-71.25237 W","Manu","","Kosnipata","forest, closed canopy, river nerby",NA,NA,NA,NA,NA,"","","","","","","Meliponini","","","",NA,"",1100,"Pantiacolla","netting","Apidae","","",NA,"Tetragona","Tetragona","A4_51_20221028_00715",FALSE,FALSE
"A4.51.20221028.00716_S239","16S_AW_Butterfly_Peru_bees","A4_51_20221028_00716","Bees",NA,"A4_bees_2","E3",8,"716","sample","Bees","","Andrea","Hymenoptera","Apidae","Apinae","Meliponini","Tetragona","Tetragona","","","Manu","Pantiacolla","Peru","","20221028",NA,NA,NA,NA,NA,"","","51",510,22.97684105,"-12.65428 S","-71.25237 W","Manu","","Kosnipata","forest, closed canopy, river nerby",NA,NA,NA,NA,NA,"","","","","","","Meliponini","","","",NA,"",1100,"Pantiacolla","netting","Apidae","","",NA,"Tetragona","Tetragona","A4_51_20221028_00716",FALSE,FALSE
"A4.51.20221028.00717_S240","16S_AW_Butterfly_Peru_bees","A4_51_20221028_00717","Bees",NA,"A4_bees_2","E4",8,"717","sample","Bees","","Andrea","Hymenoptera","Apidae","Apinae","Meliponini","Meliponini","Meliponini","","","Manu","Pantiacolla","Peru","","20221028",NA,NA,NA,NA,NA,"","","51",510,22.97684105,"-12.65428 S","-71.25237 W","Manu","","Kosnipata","forest, closed canopy, river nerby",NA,NA,NA,NA,NA,"","","","","","","Meliponini","","","",NA,"",1100,"Pantiacolla","netting",NA,NA,NA,NA,"Meliponini","Meliponini","A4_51_20221028_00717",FALSE,FALSE
"A4.51.20221028.00718_S241","16S_AW_Butterfly_Peru_bees","A4_51_20221028_00718","Bees",NA,"A4_bees_2","E5",8,"718","sample","Bees","","Andrea","Hymenoptera","Halictidae","Halictinae","Halictinae","Halictinae","Halictidae_diurnal","","","Manu","Pantiacolla","Peru","","20221028",NA,NA,NA,NA,NA,"","","51",510,22.97684105,"-12.65428 S","-71.25237 W","Manu","","Kosnipata","forest, closed canopy, river nerby",NA,NA,NA,NA,NA,"","","","","","","Halictidae_diurnal","","","",NA,"",1100,"Pantiacolla","netting",NA,NA,NA,NA,"Halictidae_diurnal","Halictidae_diurnal","A4_51_20221028_00718",FALSE,FALSE
"A4.51.20221028.00719_S242","16S_AW_Butterfly_Peru_bees","A4_51_20221028_00719","Bees",NA,"A4_bees_2","E6",8,"719","sample","Bees","","Andrea","Hymenoptera","Halictidae","Halictinae","Augochlorini","Augochloropsis","Augochloropsis","","","Manu","Pantiacolla","Peru","","20221028",NA,NA,NA,NA,NA,"","","51",510,22.97684105,"-12.65428 S","-71.25237 W","Manu","","Kosnipata","forest, closed canopy, river nerby",NA,NA,NA,NA,NA,"","","","","","","Halictidae_diurnal","","","",NA,"",1100,"Pantiacolla","netting","","","",NA,"Augochloropsis","Augochloropsis","A4_51_20221028_00719",FALSE,FALSE
"A4.51.20221028.00720_S243","16S_AW_Butterfly_Peru_bees","A4_51_20221028_00720","Bees",NA,"A4_bees_2","E7",8,"720","sample","Bees","","Andrea","Hymenoptera","Halictidae","Halictinae","Augochlorini","Augochloropsis","Augochloropsis","","","Manu","Pantiacolla","Peru","","20221028",NA,NA,NA,NA,NA,"","","51",510,22.97684105,"-12.65428 S","-71.25237 W","Manu","","Kosnipata","forest, closed canopy, river nerby",NA,NA,NA,NA,NA,"","","","","","","Halictidae_diurnal","","","",NA,"",1100,"Pantiacolla","netting","","","",NA,"Augochloropsis","Augochloropsis","A4_51_20221028_00720",FALSE,FALSE
"A4.51.20221028.00721_S244","16S_AW_Butterfly_Peru_bees","A4_51_20221028_00721","Bees",NA,"A4_bees_2","E8",8,"721","sample","Bees","","Andrea","Hymenoptera","Halictidae","Halictinae","Halictinae","Halictinae","Halictidae_diurnal","","","Manu","Pantiacolla","Peru","","20221028",NA,NA,NA,NA,NA,"","","51",510,22.97684105,"-12.65428 S","-71.25237 W","Manu","","Kosnipata","forest, closed canopy, river nerby",NA,NA,NA,NA,NA,"","","","","","","Halictidae_diurnal","","","",NA,"",1100,"Pantiacolla","netting",NA,NA,NA,NA,"Halictidae_diurnal","Halictidae_diurnal","A4_51_20221028_00721",FALSE,FALSE
"A4.51.20221028.00722_S245","16S_AW_Butterfly_Peru_bees","A4_51_20221028_00722","Bees",NA,"A4_bees_2","E9",8,"722","sample","Bees","","Andrea","Hymenoptera","Halictidae","Halictinae","Augochlorini","Augochloropsis","Augochloropsis","","","Manu","Pantiacolla","Peru","","20221028",NA,NA,NA,NA,NA,"","","51",510,22.97684105,"-12.65428 S","-71.25237 W","Manu","","Kosnipata","forest, closed canopy, river nerby",NA,NA,NA,NA,NA,"","","","","","","Halictidae_diurnal","","","",NA,"",1100,"Pantiacolla","netting","","","",NA,"Augochloropsis","Augochloropsis","A4_51_20221028_00722",FALSE,FALSE
"A4.51.20221028.00724_S246","16S_AW_Butterfly_Peru_bees","A4_51_20221028_00724","Bees",NA,"A4_bees_2","E11",8,"724","sample","Bees","","Andrea","Hymenoptera","Apidae","Apinae","Meliponini","Plebeia","Plebeia","","","Manu","Pantiacolla","Peru","","20221028",NA,NA,NA,NA,NA,"","","51",510,22.97684105,"-12.65428 S","-71.25237 W","Manu","","Kosnipata","forest, closed canopy, river nerby",NA,NA,NA,NA,NA,"","","","","","","Meliponini","","","",NA,"",1100,"Pantiacolla","netting","Apidae","Plebeia","Plebeia_BOL01","Plebeia","Plebeia","Plebeia","A4_51_20221028_00724",FALSE,FALSE
"A4.51.20221028.00725_S247","16S_AW_Butterfly_Peru_bees","A4_51_20221028_00725","Bees",NA,"A4_bees_2","E12",8,"725","sample","Bees","","Andrea","Hymenoptera","Apidae","Apinae","Meliponini","Plebeia","Plebeia","","","Manu","Pantiacolla","Peru","","20221028",NA,NA,NA,NA,NA,"","","51",510,22.97684105,"-12.65428 S","-71.25237 W","Manu","","Kosnipata","forest, closed canopy, river nerby",NA,NA,NA,NA,NA,"","","","","","","Meliponini","","","",NA,"",1100,"Pantiacolla","netting","Apidae","Plebeia","Plebeia_BOL01","Plebeia","Plebeia","Plebeia","A4_51_20221028_00725",FALSE,FALSE
"A4.51.20221030.00661_S193","16S_AW_Butterfly_Peru_bees","A4_51_20221030_00661","Bees",NA,"A4_bees_2","H7",7,"661","sample","Bees","","Andrea","Hymenoptera","Halictidae","Halictinae","Augochlorini","Corynura cf","Corynura cf","","","Manu","Pantiacolla","Peru","","20221030",NA,NA,NA,NA,NA,"","","51",510,22.97684105,"-12.65428 S","-71.25237 W","Manu","","Kosnipata","forest, closed canopy, river nerby",NA,NA,NA,NA,NA,"","","","","","","Halictidae_diurnal","","","",NA,"",1100,"Pantiacolla","netting","","","",NA,"Corynura cf","Corynura cf","A4_51_20221030_00661",FALSE,FALSE
"A4.51.20221030.00662_S194","16S_AW_Butterfly_Peru_bees","A4_51_20221030_00662","Bees",NA,"A4_bees_2","H8",7,"662","sample","Bees","","Andrea","Hymenoptera","Apidae","Apinae","Euglossini","Euglossa","Euglossa","","","Manu","Pantiacolla","Peru","","20221030",NA,NA,NA,NA,NA,"","","51",510,22.97684105,"-12.65428 S","-71.25237 W","Manu","","Kosnipata","forest, closed canopy, river nerby",NA,NA,NA,NA,NA,"","","","","","","Euglossini","","","",NA,"",1100,"Pantiacolla","netting","Apidae","Euglossa","Euglossa_rugilabris","Euglossa","Euglossa","Euglossa","A4_51_20221030_00662",FALSE,FALSE
"A4.51.20221101.01334_S366","16S_AW_Butterfly_Peru_bees","A4_51_20221101_01334","Bees",NA,"A4_bees_4","A4",15,"1334","sample","Bees","","Andrea","Hymenoptera","Apidae","Apinae","Meliponini","Tetragona","Tetragona","","","Manu","Pantiacolla","Peru","","20221101",NA,NA,NA,NA,NA,"","","51",510,22.97684105,"-12.65428 S","-71.25237 W","Manu","","Kosnipata","forest, closed canopy, river nerby",NA,NA,NA,NA,NA,"","","","","","","Meliponini","","","",NA,"",1000,"Pantiacolla","netting","Apidae","","",NA,"Tetragona","Tetragona","A4_51_20221101_01334",FALSE,FALSE
"A4.51.20221101.01335_S367","16S_AW_Butterfly_Peru_bees","A4_51_20221101_01335","Bees",NA,"A4_bees_4","A5",15,"1335","sample","Bees","","Andrea","Hymenoptera","Apidae","Apinae","Meliponini","Tetragona","Tetragona","","","Manu","Pantiacolla","Peru","","20221101",NA,NA,NA,NA,NA,"","","51",510,22.97684105,"-12.65428 S","-71.25237 W","Manu","","Kosnipata","forest, closed canopy, river nerby",NA,NA,NA,NA,NA,"","","","","","","Meliponini","","","",NA,"",1000,"Pantiacolla","netting","Apidae","","",NA,"Tetragona","Tetragona","A4_51_20221101_01335",FALSE,FALSE
"A4.51.20221101.01336_S368","16S_AW_Butterfly_Peru_bees","A4_51_20221101_01336","Bees",NA,"A4_bees_4","A6",15,"1336","sample","Bees","","Andrea","Hymenoptera","Apidae","Apinae","Meliponini","Tetragona","Tetragona","","","Manu","Pantiacolla","Peru","","20221101",NA,NA,NA,NA,NA,"","","51",510,22.97684105,"-12.65428 S","-71.25237 W","Manu","","Kosnipata","forest, closed canopy, river nerby",NA,NA,NA,NA,NA,"","","","","","","Meliponini","","","",NA,"",1000,"Pantiacolla","netting","Apidae","","",NA,"Tetragona","Tetragona","A4_51_20221101_01336",FALSE,FALSE
"A4.51.20221101.01337_S369","16S_AW_Butterfly_Peru_bees","A4_51_20221101_01337","Bees",NA,"A4_bees_4","A7",15,"1337","sample","Bees","","Andrea","Hymenoptera","Apidae","Apinae","Meliponini","Plebeia","Plebeia","","","Manu","Pantiacolla","Peru","","20221101",NA,NA,NA,NA,NA,"","","51",510,22.97684105,"-12.65428 S","-71.25237 W","Manu","","Kosnipata","forest, closed canopy, river nerby",NA,NA,NA,NA,NA,"","","","","","","Meliponini","","","",NA,"",1000,"Pantiacolla","netting","Apidae","Plebeia","Plebeia_flavocincta","Plebeia","Plebeia","Plebeia","A4_51_20221101_01337",FALSE,FALSE
"A4.51.20221101.01338_S370","16S_AW_Butterfly_Peru_bees","A4_51_20221101_01338","Bees",NA,"A4_bees_4","A8",15,"1338","sample","Bees","","Andrea","Hymenoptera","Apidae","Apinae","Meliponini","Plebeia","Plebeia","","","Manu","Pantiacolla","Peru","","20221101",NA,NA,NA,NA,NA,"","","51",510,22.97684105,"-12.65428 S","-71.25237 W","Manu","","Kosnipata","forest, closed canopy, river nerby",NA,NA,NA,NA,NA,"","","","","","","Meliponini","","","",NA,"",1000,"Pantiacolla","netting","Apidae","Plebeia","Plebeia_flavocincta","Plebeia","Plebeia","Plebeia","A4_51_20221101_01338",FALSE,FALSE
"A4.51.20221101.01339_S371","16S_AW_Butterfly_Peru_bees","A4_51_20221101_01339","Bees",NA,"A4_bees_4","A9",15,"1339","sample","Bees","","Andrea","Hymenoptera","Apidae","Apinae","Meliponini","Meliponini","Meliponini","","","Manu","Pantiacolla","Peru","","20221101",NA,NA,NA,NA,NA,"","","51",510,22.97684105,"-12.65428 S","-71.25237 W","Manu","","Kosnipata","forest, closed canopy, river nerby",NA,NA,NA,NA,NA,"","","","","","","Meliponini","","","",NA,"",1000,"Pantiacolla","netting",NA,NA,NA,NA,"Meliponini","Meliponini","A4_51_20221101_01339",FALSE,FALSE
"A4.52.20220925.00094_S237","16S_AW_Butterfly_Peru_bees","A4_52_20220925_00094","Bees",NA,"A4_bees_1","A11",1,"94","sample","Bees","","Andrea","Hymenoptera","Halictidae","Halictinae","Augochlorini","Megalopta","Megalopta","","","Paucartambo","Villa Carmen","Peru","","20220925",NA,NA,NA,NA,NA,"","","52",520,22.67738001,"-12.88724 S","-71.40139 W","Paucartambo","","Kosnipata","Secondary forest, river nerby, canopy open",NA,NA,NA,NA,NA,"","","","","","","Halictidae_nocturnal","","","",NA,"",1900,"Villa Carmen","tunnel","","","","Megalopta","Megalopta","Megalopta","A4_52_20220925_00094",FALSE,FALSE
"A4.52.20221104.00728_S251","16S_AW_Butterfly_Peru_bees","A4_52_20221104_00728","Bees",NA,"A4_bees_2","F3",8,"728","sample","Bees","","Andrea","Hymenoptera","Apidae","Apinae","Euglossini","Eulaema","Eulaema","bombiformis","","Paucartambo","Villa Carmen","Peru","","20221104",NA,NA,NA,NA,NA,"","","52",520,22.67738001,"-12.88724 S","-71.40139 W","Paucartambo","","Kosnipata","Secondary forest, river nerby, canopy open",NA,NA,NA,NA,NA,"","","","","","","Euglossini","","","",NA,"",8030,"Villa Carmen","netting",NA,NA,NA,"Eulaema","Eulaema","Eulaema","A4_52_20221104_00728",FALSE,FALSE
"A4.52.20221104.00732_S255","16S_AW_Butterfly_Peru_bees","A4_52_20221104_00732","Bees",NA,"A4_bees_2","F7",8,"732","sample","Bees","","Andrea","Hymenoptera","Halictidae","Halictinae","Augochlorini","Augochloropsis","Augochloropsis","","","Paucartambo","Villa Carmen","Peru","","20221104",NA,NA,NA,NA,NA,"","","52",520,22.67738001,"-12.88724 S","-71.40139 W","Paucartambo","","Kosnipata","Secondary forest, river nerby, canopy open",NA,NA,NA,NA,NA,"","","","","","","Halictidae_diurnal","","","",NA,"",8030,"Villa Carmen","netting","","","",NA,"Augochloropsis","Augochloropsis","A4_52_20221104_00732",FALSE,FALSE
"A4.52.20221104.00757_S269","16S_AW_Butterfly_Peru_bees","A4_52_20221104_00757","Bees",NA,"A4_bees_2","H8",8,"757","sample","Bees","","Andrea","Hymenoptera","Apidae","Apinae","Euglossini","Eulaema","Eulaema","bombiformis","","Paucartambo","Villa Carmen","Peru","","20221104",NA,NA,NA,NA,NA,"","","52",520,22.67738001,"-12.88724 S","-71.40139 W","Paucartambo","","Kosnipata","Secondary forest, river nerby, canopy open",NA,NA,NA,NA,NA,"","","","","","","Euglossini","","","",NA,"",9000,"Villa Carmen","netting",NA,NA,NA,"Eulaema","Eulaema","Eulaema","A4_52_20221104_00757",FALSE,FALSE
"A4.52.20221104.00758_S270","16S_AW_Butterfly_Peru_bees","A4_52_20221104_00758","Bees",NA,"A4_bees_2","H9",8,"758","sample","Bees","","Andrea","Hymenoptera","Apidae","Apinae","Euglossini","Eulaema","Eulaema","bombiformis","","Paucartambo","Villa Carmen","Peru","","20221104",NA,NA,NA,NA,NA,"","","52",520,22.67738001,"-12.88724 S","-71.40139 W","Paucartambo","","Kosnipata","Secondary forest, river nerby, canopy open",NA,NA,NA,NA,NA,"","","","","","","Euglossini","","","",NA,"",9000,"Villa Carmen","netting","Apidae","Eulaema","Eulaema_atleticana","Eulaema","Eulaema","Eulaema","A4_52_20221104_00758",FALSE,FALSE
"A4.52.20221104.00759_S271","16S_AW_Butterfly_Peru_bees","A4_52_20221104_00759","Bees",NA,"A4_bees_2","H10",8,"759","sample","Bees","","Andrea","Hymenoptera","Apidae","Apinae","Euglossini","Eulaema","Eulaema","cingulata","","Paucartambo","Villa Carmen","Peru","","20221104",NA,NA,NA,NA,NA,"","","52",520,22.67738001,"-12.88724 S","-71.40139 W","Paucartambo","","Kosnipata","Secondary forest, river nerby, canopy open",NA,NA,NA,NA,NA,"","","","","","","Euglossini","","","",NA,"",9000,"Villa Carmen","netting","Apidae","Eulaema","Eulaema_cingulata","Eulaema","Eulaema","Eulaema","A4_52_20221104_00759",FALSE,FALSE
"A4.52.20221104.00761_S273","16S_AW_Butterfly_Peru_bees","A4_52_20221104_00761","Bees",NA,"A4_bees_3","A1",9,"761","sample","Bees","","Andrea","Hymenoptera","Apidae","Apinae","Meliponini","Trigona","Trigona","","","Paucartambo","Villa Carmen","Peru","","20221104",NA,NA,NA,NA,NA,"","","52",520,22.67738001,"-12.88724 S","-71.40139 W","Paucartambo","","Kosnipata","Secondary forest, river nerby, canopy open",NA,NA,NA,NA,NA,"","","","","","","Meliponini","","","",NA,"",1000,"Villa Carmen","netting","Apidae","Frieseomelitta","Frieseomelitta_flavicornis","Frieseomelitta","Trigona","Trigona","A4_52_20221104_00761",FALSE,FALSE
"A4.52.20221104.00762_S274","16S_AW_Butterfly_Peru_bees","A4_52_20221104_00762","Bees",NA,"A4_bees_3","A2",9,"762","sample","Bees","","Andrea","Hymenoptera","Apidae","Apinae","Meliponini","Trigona","Trigona","","","Paucartambo","Villa Carmen","Peru","","20221104",NA,NA,NA,NA,NA,"","","52",520,22.67738001,"-12.88724 S","-71.40139 W","Paucartambo","","Kosnipata","Secondary forest, river nerby, canopy open",NA,NA,NA,NA,NA,"","","","","","","Meliponini","","","",NA,"",1000,"Villa Carmen","netting","Apidae","Frieseomelitta","Frieseomelitta_flavicornis","Frieseomelitta","Trigona","Trigona","A4_52_20221104_00762",FALSE,FALSE
"A4.52.20221104.00763_S275","16S_AW_Butterfly_Peru_bees","A4_52_20221104_00763","Bees",NA,"A4_bees_3","A3",9,"763","sample","Bees","","Andrea","Hymenoptera","Apidae","Apinae","Meliponini","Trigona","Trigona","","","Paucartambo","Villa Carmen","Peru","","20221104",NA,NA,NA,NA,NA,"","","52",520,22.67738001,"-12.88724 S","-71.40139 W","Paucartambo","","Kosnipata","Secondary forest, river nerby, canopy open",NA,NA,NA,NA,NA,"","","","","","","Meliponini","","","",NA,"",1000,"Villa Carmen","netting","Apidae","Frieseomelitta","Frieseomelitta_flavicornis","Frieseomelitta","Trigona","Trigona","A4_52_20221104_00763",FALSE,FALSE
"A4.52.20221104.00764_S276","16S_AW_Butterfly_Peru_bees","A4_52_20221104_00764","Bees",NA,"A4_bees_3","A4",9,"764","sample","Bees","","Andrea","Hymenoptera","Apidae","Apinae","Meliponini","Trigona","Trigona","","","Paucartambo","Villa Carmen","Peru","","20221104",NA,NA,NA,NA,NA,"","","52",520,22.67738001,"-12.88724 S","-71.40139 W","Paucartambo","","Kosnipata","Secondary forest, river nerby, canopy open",NA,NA,NA,NA,NA,"","","","","","","Meliponini","","","",NA,"",1000,"Villa Carmen","netting","Apidae","Frieseomelitta","Frieseomelitta_flavicornis","Frieseomelitta","Trigona","Trigona","A4_52_20221104_00764",FALSE,FALSE
"A4.52.20221104.00766_S278","16S_AW_Butterfly_Peru_bees","A4_52_20221104_00766","Bees",NA,"A4_bees_3","A6",9,"766","sample","Bees","","Andrea","Hymenoptera","Apidae","Apinae","Meliponini","Trigona","Trigona","","","Paucartambo","Villa Carmen","Peru","","20221104",NA,NA,NA,NA,NA,"","","52",520,22.67738001,"-12.88724 S","-71.40139 W","Paucartambo","","Kosnipata","Secondary forest, river nerby, canopy open",NA,NA,NA,NA,NA,"","","","","","","Meliponini","","","",NA,"",1000,"Villa Carmen","netting","Apidae","Trigona","Trigona_amalthea","Trigona","Trigona","Trigona","A4_52_20221104_00766",FALSE,FALSE
"A4.52.20221104.00767_S279","16S_AW_Butterfly_Peru_bees","A4_52_20221104_00767","Bees",NA,"A4_bees_3","A7",9,"767","sample","Bees","","Andrea","Hymenoptera","Apidae","Apinae","Meliponini","Trigona","Trigona","","","Paucartambo","Villa Carmen","Peru","","20221104",NA,NA,NA,NA,NA,"","","52",520,22.67738001,"-12.88724 S","-71.40139 W","Paucartambo","","Kosnipata","Secondary forest, river nerby, canopy open",NA,NA,NA,NA,NA,"","","","","","","Meliponini","","","",NA,"",1000,"Villa Carmen","netting","Apidae","Trigona","Trigona_amalthea","Trigona","Trigona","Trigona","A4_52_20221104_00767",FALSE,FALSE
"A4.52.20221104.00768_S280","16S_AW_Butterfly_Peru_bees","A4_52_20221104_00768","Bees",NA,"A4_bees_3","A8",9,"768","sample","Bees","","Andrea","Hymenoptera","Apidae","Apinae","Meliponini","Trigona","Trigona","","","Paucartambo","Villa Carmen","Peru","","20221104",NA,NA,NA,NA,NA,"","","52",520,22.67738001,"-12.88724 S","-71.40139 W","Paucartambo","","Kosnipata","Secondary forest, river nerby, canopy open",NA,NA,NA,NA,NA,"","","","","","","Meliponini","","","",NA,"",1000,"Villa Carmen","netting","Apidae","Trigona","Trigona_amalthea","Trigona","Trigona","Trigona","A4_52_20221104_00768",FALSE,FALSE
"A4.52.20221104.00769_S281","16S_AW_Butterfly_Peru_bees","A4_52_20221104_00769","Bees",NA,"A4_bees_3","A9",9,"769","sample","Bees","","Andrea","Hymenoptera","Apidae","Apinae","Meliponini","Trigona","Trigona","","","Paucartambo","Villa Carmen","Peru","","20221104",NA,NA,NA,NA,NA,"","","52",520,22.67738001,"-12.88724 S","-71.40139 W","Paucartambo","","Kosnipata","Secondary forest, river nerby, canopy open",NA,NA,NA,NA,NA,"","","","","","","Meliponini","","","",NA,"",1000,"Villa Carmen","netting","Apidae","Trigona","Trigona_amalthea","Trigona","Trigona","Trigona","A4_52_20221104_00769",FALSE,FALSE
"A4.52.20221104.00770_S282","16S_AW_Butterfly_Peru_bees","A4_52_20221104_00770","Bees",NA,"A4_bees_3","A10",9,"770","sample","Bees","","Andrea","Hymenoptera","Apidae","Apinae","Meliponini","Partamona","Partamona","","","Paucartambo","Villa Carmen","Peru","","20221104",NA,NA,NA,NA,NA,"","","52",520,22.67738001,"-12.88724 S","-71.40139 W","Paucartambo","","Kosnipata","Secondary forest, river nerby, canopy open",NA,NA,NA,NA,NA,"","","","","","","Meliponini","","","",NA,"",1000,"Villa Carmen","netting","Apidae","Partamona","Partamona_bilineata","Partamona","Partamona","Partamona","A4_52_20221104_00770",FALSE,FALSE
"A4.52.20221104.00771_S283","16S_AW_Butterfly_Peru_bees","A4_52_20221104_00771","Bees",NA,"A4_bees_3","A11",9,"771","sample","Bees","","Andrea","Hymenoptera","Apidae","Apinae","Meliponini","Partamona","Partamona","","","Paucartambo","Villa Carmen","Peru","","20221104",NA,NA,NA,NA,NA,"","","52",520,22.67738001,"-12.88724 S","-71.40139 W","Paucartambo","","Kosnipata","Secondary forest, river nerby, canopy open",NA,NA,NA,NA,NA,"","","","","","","Meliponini","","","",NA,"",1000,"Villa Carmen","netting","Apidae","Partamona","Partamona_bilineata","Partamona","Partamona","Partamona","A4_52_20221104_00771",FALSE,FALSE
"A4.52.20221104.00772_S284","16S_AW_Butterfly_Peru_bees","A4_52_20221104_00772","Bees",NA,"A4_bees_3","A12",9,"772","sample","Bees","","Andrea","Hymenoptera","Apidae","Apinae","Meliponini","Partamona","Partamona","","","Paucartambo","Villa Carmen","Peru","","20221104",NA,NA,NA,NA,NA,"","","52",520,22.67738001,"-12.88724 S","-71.40139 W","Paucartambo","","Kosnipata","Secondary forest, river nerby, canopy open",NA,NA,NA,NA,NA,"","","","","","","Meliponini","","","",NA,"",1000,"Villa Carmen","netting","Apidae","Partamona","Partamona_bilineata","Partamona","Partamona","Partamona","A4_52_20221104_00772",FALSE,FALSE
"A4.52.20221104.00773_S285","16S_AW_Butterfly_Peru_bees","A4_52_20221104_00773","Bees",NA,"A4_bees_3","B1",9,"773","sample","Bees","","Andrea","Hymenoptera","Apidae","Apinae","Meliponini","Trigona","Trigona","","","Paucartambo","Villa Carmen","Peru","","20221104",NA,NA,NA,NA,NA,"","","52",520,22.67738001,"-12.88724 S","-71.40139 W","Paucartambo","","Kosnipata","Secondary forest, river nerby, canopy open",NA,NA,NA,NA,NA,"","","","","","","Meliponini","","","",NA,"",1000,"Villa Carmen","netting","Apidae","Trigona","","Trigona","Trigona","Trigona","A4_52_20221104_00773",FALSE,FALSE
"A4.52.20221104.00774_S286","16S_AW_Butterfly_Peru_bees","A4_52_20221104_00774","Bees",NA,"A4_bees_3","B2",9,"774","sample","Bees","","Andrea","Hymenoptera","Apidae","Apinae","Meliponini","Partamona","Partamona","","","Paucartambo","Villa Carmen","Peru","","20221104",NA,NA,NA,NA,NA,"","","52",520,22.67738001,"-12.88724 S","-71.40139 W","Paucartambo","","Kosnipata","Secondary forest, river nerby, canopy open",NA,NA,NA,NA,NA,"","","","","","","Meliponini","","","",NA,"",1000,"Villa Carmen","netting","Apidae","Melipona","Melipona_bicolor","Melipona","Partamona","Partamona","A4_52_20221104_00774",FALSE,FALSE
"A4.52.20221104.00775_S287","16S_AW_Butterfly_Peru_bees","A4_52_20221104_00775","Bees",NA,"A4_bees_3","B3",9,"775","sample","Bees","","Andrea","Hymenoptera","Apidae","Apinae","Meliponini","Trigona","Trigona","","","Paucartambo","Villa Carmen","Peru","","20221104",NA,NA,NA,NA,NA,"","","52",520,22.67738001,"-12.88724 S","-71.40139 W","Paucartambo","","Kosnipata","Secondary forest, river nerby, canopy open",NA,NA,NA,NA,NA,"","","","","","","Meliponini","","","",NA,"",1000,"Villa Carmen","netting","Apidae","","",NA,"Trigona","Trigona","A4_52_20221104_00775",FALSE,FALSE
"A4.52.20221104.00776_S289","16S_AW_Butterfly_Peru_bees","A4_52_20221104_00776","Bees",NA,"A4_bees_3","B4",9,"776","sample","Bees","","Andrea","Hymenoptera","Apidae","Apinae","Meliponini","Partamona","Partamona","","","Paucartambo","Villa Carmen","Peru","","20221104",NA,NA,NA,NA,NA,"","","52",520,22.67738001,"-12.88724 S","-71.40139 W","Paucartambo","","Kosnipata","Secondary forest, river nerby, canopy open",NA,NA,NA,NA,NA,"","","","","","","Meliponini","","","",NA,"",1000,"Villa Carmen","netting","Apidae","Melipona","","Melipona","Partamona","Partamona","A4_52_20221104_00776",FALSE,FALSE
"A4.52.20221104.00777_S290","16S_AW_Butterfly_Peru_bees","A4_52_20221104_00777","Bees",NA,"A4_bees_3","B5",9,"777","sample","Bees","","Andrea","Hymenoptera","Apidae","Apinae","Meliponini","Partamona","Partamona","","","Paucartambo","Villa Carmen","Peru","","20221104",NA,NA,NA,NA,NA,"","","52",520,22.67738001,"-12.88724 S","-71.40139 W","Paucartambo","","Kosnipata","Secondary forest, river nerby, canopy open",NA,NA,NA,NA,NA,"","","","","","","Meliponini","","","",NA,"",1000,"Villa Carmen","pitfull","Apidae","Melipona","Melipona_bicolor","Melipona","Partamona","Partamona","A4_52_20221104_00777",FALSE,FALSE
"A4.52.20221104.00779_S293","16S_AW_Butterfly_Peru_bees","A4_52_20221104_00779","Bees",NA,"A4_bees_3","B7",9,"779","sample","Bees","","Andrea","Hymenoptera","Apidae","Apinae","Meliponini","Trigona","Trigona","","","Paucartambo","Villa Carmen","Peru","","20221104",NA,NA,NA,NA,NA,"","","52",520,22.67738001,"-12.88724 S","-71.40139 W","Paucartambo","","Kosnipata","Secondary forest, river nerby, canopy open",NA,NA,NA,NA,NA,"","","","","","","Meliponini","","","",NA,"",1000,"Villa Carmen","pitfull","Apidae","Trigona","","Trigona","Trigona","Trigona","A4_52_20221104_00779",FALSE,FALSE
"A4.52.20221104.00780_S294","16S_AW_Butterfly_Peru_bees","A4_52_20221104_00780","Bees",NA,"A4_bees_3","B8",9,"780","sample","Bees","","Andrea","Hymenoptera","Apidae","Apinae","Meliponini","Meliponini","Meliponini","","","Paucartambo","Villa Carmen","Peru","","20221104",NA,NA,NA,NA,NA,"","","52",520,22.67738001,"-12.88724 S","-71.40139 W","Paucartambo","","Kosnipata","Secondary forest, river nerby, canopy open",NA,NA,NA,NA,NA,"","","","","","","Meliponini","","","",NA,"",1000,"Villa Carmen","pitfull",NA,NA,NA,NA,"Meliponini","Meliponini","A4_52_20221104_00780",FALSE,FALSE
"A4.52.20221104.00781_S295","16S_AW_Butterfly_Peru_bees","A4_52_20221104_00781","Bees",NA,"A4_bees_3","B9",9,"781","sample","Bees","","Andrea","Hymenoptera","Apidae","Apinae","Meliponini","Scaura","Scaura","","","Paucartambo","Villa Carmen","Peru","","20221104",NA,NA,NA,NA,NA,"","","52",520,22.67738001,"-12.88724 S","-71.40139 W","Paucartambo","","Kosnipata","Secondary forest, river nerby, canopy open",NA,NA,NA,NA,NA,"","","","","","","Meliponini","","","",NA,"",1000,"Villa Carmen","netting","Apidae","Scaura","Scaura_atlantica","Scaura","Scaura atlantica","Scaura","A4_52_20221104_00781",FALSE,FALSE
"A4.52.20221104.00782_S296","16S_AW_Butterfly_Peru_bees","A4_52_20221104_00782","Bees",NA,"A4_bees_3","B10",9,"782","sample","Bees","","Andrea","Hymenoptera","Apidae","Apinae","Meliponini","Plebeia","Plebeia","","","Paucartambo","Villa Carmen","Peru","","20221104",NA,NA,NA,NA,NA,"","","52",520,22.67738001,"-12.88724 S","-71.40139 W","Paucartambo","","Kosnipata","Secondary forest, river nerby, canopy open",NA,NA,NA,NA,NA,"","","","","","","Meliponini","","","",NA,"",1000,"Villa Carmen","netting","Apidae","Plebeia","Plebeia_frontalis","Plebeia","Plebeia","Plebeia","A4_52_20221104_00782",FALSE,FALSE
"A4.52.20221104.00783_S297","16S_AW_Butterfly_Peru_bees","A4_52_20221104_00783","Bees",NA,"A4_bees_3","B11",9,"783","sample","Bees","","Andrea","Hymenoptera","Apidae","Apinae","Meliponini","Plebeia","Plebeia","","","Paucartambo","Villa Carmen","Peru","","20221104",NA,NA,NA,NA,NA,"","","52",520,22.67738001,"-12.88724 S","-71.40139 W","Paucartambo","","Kosnipata","Secondary forest, river nerby, canopy open",NA,NA,NA,NA,NA,"","","","","","","Meliponini","","","",NA,"",1000,"Villa Carmen","netting","Apidae","Plebeia","","Plebeia","Plebeia","Plebeia","A4_52_20221104_00783",FALSE,FALSE
"A4.52.20221104.00784_S298","16S_AW_Butterfly_Peru_bees","A4_52_20221104_00784","Bees",NA,"A4_bees_3","B12",9,"784","sample","Bees","","Andrea","Hymenoptera","Apidae","Apinae","Meliponini","Plebeia","Plebeia","","","Paucartambo","Villa Carmen","Peru","","20221104",NA,NA,NA,NA,NA,"","","52",520,22.67738001,"-12.88724 S","-71.40139 W","Paucartambo","","Kosnipata","Secondary forest, river nerby, canopy open",NA,NA,NA,NA,NA,"","","","","","","Meliponini","","","",NA,"",1000,"Villa Carmen","netting","Apidae","Plebeia","","Plebeia","Plebeia","Plebeia","A4_52_20221104_00784",FALSE,FALSE
"A4.52.20221104.00785_S299","16S_AW_Butterfly_Peru_bees","A4_52_20221104_00785","Bees",NA,"A4_bees_3","C1",9,"785","sample","Bees","","Andrea","Hymenoptera","Apidae","Apinae","Meliponini","Plebeia","Plebeia","","","Paucartambo","Villa Carmen","Peru","","20221104",NA,NA,NA,NA,NA,"","","52",520,22.67738001,"-12.88724 S","-71.40139 W","Paucartambo","","Kosnipata","Secondary forest, river nerby, canopy open",NA,NA,NA,NA,NA,"","","","","","","Meliponini","","","",NA,"",1000,"Villa Carmen","netting","Apidae","","",NA,"Plebeia","Plebeia","A4_52_20221104_00785",FALSE,FALSE
"A4.52.20221104.00786_S300","16S_AW_Butterfly_Peru_bees","A4_52_20221104_00786","Bees",NA,"A4_bees_3","C2",9,"786","sample","Bees","","Andrea","Hymenoptera","Apidae","Apinae","Meliponini","Plebeia","Plebeia","","","Paucartambo","Villa Carmen","Peru","","20221104",NA,NA,NA,NA,NA,"","","52",520,22.67738001,"-12.88724 S","-71.40139 W","Paucartambo","","Kosnipata","Secondary forest, river nerby, canopy open",NA,NA,NA,NA,NA,"","","","","","","Meliponini","","","",NA,"",1000,"Villa Carmen","netting","Apidae","","",NA,"Plebeia","Plebeia","A4_52_20221104_00786",FALSE,FALSE
"A4.52.20221104.00787_S301","16S_AW_Butterfly_Peru_bees","A4_52_20221104_00787","Bees",NA,"A4_bees_3","C3",9,"787","sample","Bees","","Andrea","Hymenoptera","Apidae","Apinae","Meliponini","Plebeia","Plebeia","","","Paucartambo","Villa Carmen","Peru","","20221104",NA,NA,NA,NA,NA,"","","52",520,22.67738001,"-12.88724 S","-71.40139 W","Paucartambo","","Kosnipata","Secondary forest, river nerby, canopy open",NA,NA,NA,NA,NA,"","","","","","","Meliponini","","","",NA,"",1000,"Villa Carmen","netting","Apidae","","",NA,"Plebeia","Plebeia","A4_52_20221104_00787",FALSE,FALSE
"A4.52.20221104.00788_S302","16S_AW_Butterfly_Peru_bees","A4_52_20221104_00788","Bees",NA,"A4_bees_3","C4",9,"788","sample","Bees","","Andrea","Hymenoptera","Apidae","Apinae","Meliponini","Plebeia","Plebeia","","","Paucartambo","Villa Carmen","Peru","","20221104",NA,NA,NA,NA,NA,"","","52",520,22.67738001,"-12.88724 S","-71.40139 W","Paucartambo","","Kosnipata","Secondary forest, river nerby, canopy open",NA,NA,NA,NA,NA,"","","","","","","Meliponini","","","",NA,"",1000,"Villa Carmen","netting","Apidae","","",NA,"Plebeia","Plebeia","A4_52_20221104_00788",FALSE,FALSE
"A4.52.20221104.00789_S303","16S_AW_Butterfly_Peru_bees","A4_52_20221104_00789","Bees",NA,"A4_bees_3","C5",9,"789","sample","Bees","","Andrea","Hymenoptera","Halictidae","Halictinae","Augochlorini","Corynura cf","Corynura cf","","","Paucartambo","Villa Carmen","Peru","","20221104",NA,NA,NA,NA,NA,"","","52",520,22.67738001,"-12.88724 S","-71.40139 W","Paucartambo","","Kosnipata","Secondary forest, river nerby, canopy open",NA,NA,NA,NA,NA,"","","","","","","Halictidae_diurnal","","","",NA,"",1000,"Villa Carmen","netting","","","",NA,"Corynura cf","Corynura cf","A4_52_20221104_00789",FALSE,FALSE
"A4.52.20221104.00792_S306","16S_AW_Butterfly_Peru_bees","A4_52_20221104_00792","Bees",NA,"A4_bees_3","C8",9,"792","sample","Bees","","Andrea","Hymenoptera","Halictidae","Halictinae","Augochlorini","Neocorynura","Neocorynura","","","Paucartambo","Villa Carmen","Peru","","20221104",NA,NA,NA,NA,NA,"","","52",520,22.67738001,"-12.88724 S","-71.40139 W","Paucartambo","","Kosnipata","Secondary forest, river nerby, canopy open",NA,NA,NA,NA,NA,"","","","","","","Halictidae_diurnal","","","",NA,"",1000,"Villa Carmen","netting","","","",NA,"Neocorynura","Neocorynura","A4_52_20221104_00792",FALSE,FALSE
"A4.52.20221104.00795_S309","16S_AW_Butterfly_Peru_bees","A4_52_20221104_00795","Bees",NA,"A4_bees_3","C11",9,"795","sample","Bees","","Andrea","Hymenoptera","Halictidae","Halictinae","Augochlorini","Neocorynura","Neocorynura","","","Paucartambo","Villa Carmen","Peru","","20221104",NA,NA,NA,NA,NA,"","","52",520,22.67738001,"-12.88724 S","-71.40139 W","Paucartambo","","Kosnipata","Secondary forest, river nerby, canopy open",NA,NA,NA,NA,NA,"","","","","","","Halictidae_diurnal","","","",NA,"",1000,"Villa Carmen","netting","","","",NA,"Neocorynura","Neocorynura","A4_52_20221104_00795",FALSE,FALSE
"A4.52.20221104.00797_S312","16S_AW_Butterfly_Peru_bees","A4_52_20221104_00797","Bees",NA,"A4_bees_3","D1",9,"797","sample","Bees","","Andrea","Hymenoptera","Apidae","Apinae","Euglossini","Euglossa","Euglossa","","","Paucartambo","Villa Carmen","Peru","","20221104",NA,NA,NA,NA,NA,"","","52",520,22.67738001,"-12.88724 S","-71.40139 W","Paucartambo","","Kosnipata","Secondary forest, river nerby, canopy open",NA,NA,NA,NA,NA,"","","","","","","Euglossini","","","",NA,"",1000,"Villa Carmen","netting","Apidae","Euglossa","Euglossa_variabilis","Euglossa","Euglossa","Euglossa","A4_52_20221104_00797",FALSE,FALSE
"A4.52.20221104.00798_S313","16S_AW_Butterfly_Peru_bees","A4_52_20221104_00798","Bees",NA,"A4_bees_3","D2",9,"798","sample","Bees","","Andrea","Hymenoptera","Apidae","Apinae","Euglossini","Euglossa","Euglossa","","","Paucartambo","Villa Carmen","Peru","","20221104",NA,NA,NA,NA,NA,"","","52",520,22.67738001,"-12.88724 S","-71.40139 W","Paucartambo","","Kosnipata","Secondary forest, river nerby, canopy open",NA,NA,NA,NA,NA,"","","","","","","Euglossini","","","",NA,"",1000,"Villa Carmen","netting","Apidae","Euglossa","Euglossa_viridis","Euglossa","Euglossa","Euglossa","A4_52_20221104_00798",FALSE,FALSE
"A4.52.20221104.00799_S314","16S_AW_Butterfly_Peru_bees","A4_52_20221104_00799","Bees",NA,"A4_bees_3","D3",9,"799","sample","Bees","","Andrea","Hymenoptera","Apidae","Apinae","Euglossini","Euglossa","Euglossa","","","Paucartambo","Villa Carmen","Peru","","20221104",NA,NA,NA,NA,NA,"","","52",520,22.67738001,"-12.88724 S","-71.40139 W","Paucartambo","","Kosnipata","Secondary forest, river nerby, canopy open",NA,NA,NA,NA,NA,"","","","","","","Euglossini","","","",NA,"",1000,"Villa Carmen","netting","Apidae","Euglossa","Euglossa_townsendi","Euglossa","Euglossa","Euglossa","A4_52_20221104_00799",FALSE,FALSE
"A4.52.20221104.00800_S315","16S_AW_Butterfly_Peru_bees","A4_52_20221104_00800","Bees",NA,"A4_bees_3","D4",9,"800","sample","Bees","","Andrea","Hymenoptera","Apidae","Apinae","Euglossini","Euglossa","Euglossa","","","Paucartambo","Villa Carmen","Peru","","20221104",NA,NA,NA,NA,NA,"","","52",520,22.67738001,"-12.88724 S","-71.40139 W","Paucartambo","","Kosnipata","Secondary forest, river nerby, canopy open",NA,NA,NA,NA,NA,"","","","","","","Euglossini","","","",NA,"",1000,"Villa Carmen","netting","Apidae","Euglossa","Euglossa_mixta","Euglossa","Euglossa","Euglossa","A4_52_20221104_00800",FALSE,FALSE
"A4.52.20221104.00801_S316","16S_AW_Butterfly_Peru_bees","A4_52_20221104_00801","Bees",NA,"A4_bees_3","D5",9,"801","sample","Bees","","Andrea","Hymenoptera","Apidae","Apinae","Bombini","Bombus","Bombus","transversalis","","Paucartambo","Villa Carmen","Peru","","20221104",NA,NA,NA,NA,NA,"","","52",520,22.67738001,"-12.88724 S","-71.40139 W","Paucartambo","","Kosnipata","Secondary forest, river nerby, canopy open",NA,NA,NA,NA,NA,"","","","","","","Bombus","","","",NA,"",1000,"Villa Carmen","netting","Apidae","Bombus","Bombus transversalis","Bombus","Bombus transversalis","Bombus","A4_52_20221104_00801",FALSE,FALSE
"A4.52.20221104.00802_S317","16S_AW_Butterfly_Peru_bees","A4_52_20221104_00802","Bees",NA,"A4_bees_3","D6",9,"802","sample","Bees","","Andrea","Hymenoptera","Apidae","Apinae","Bombini","Bombus","Bombus","transversalis","","Paucartambo","Villa Carmen","Peru","","20221104",NA,NA,NA,NA,NA,"","","52",520,22.67738001,"-12.88724 S","-71.40139 W","Paucartambo","","Kosnipata","Secondary forest, river nerby, canopy open",NA,NA,NA,NA,NA,"","","","","","","Bombus","","","",NA,"",1000,"Villa Carmen","netting","Apidae","Bombus","Bombus transversalis","Bombus","Bombus transversalis","Bombus","A4_52_20221104_00802",FALSE,FALSE
"A4.52.20221105.00804_S320","16S_AW_Butterfly_Peru_bees","A4_52_20221105_00804","Bees",NA,"A4_bees_3","D8",9,"804","sample","Bees","","Andrea","Hymenoptera","Halictidae","Halictinae","Augochlorini","Augochloropsis","Augochloropsis","","","Paucartambo","Villa Carmen","Peru","","20221105",NA,NA,NA,NA,NA,"","","52",520,22.67738001,"-12.88724 S","-71.40139 W","Paucartambo","","Kosnipata","Secondary forest, river nerby, canopy open",NA,NA,NA,NA,NA,"","","","","","","Halictidae_diurnal","","","",NA,"",1200,"Villa Carmen","netting","Halictidae","Augochloropsis","Augochloropsis_ARG12","Augochloropsis","Augochloropsis","Augochloropsis","A4_52_20221105_00804",FALSE,FALSE
"A4.52.20221105.00806_S322","16S_AW_Butterfly_Peru_bees","A4_52_20221105_00806","Bees",NA,"A4_bees_3","D10",9,"806","sample","Bees","","Andrea","Hymenoptera","Halictidae","Halictinae","Augochlorini","Rhinetula","Rhinetula","","","Paucartambo","Villa Carmen","Peru","","20221105",NA,NA,NA,NA,NA,"","","52",520,22.67738001,"-12.88724 S","-71.40139 W","Paucartambo","","Kosnipata","Secondary forest, river nerby, canopy open",NA,NA,NA,NA,NA,"","","","","","","Halictidae_diurnal","","","",NA,"",1200,"Villa Carmen","netting","","","",NA,"Rhinetula","Rhinetula","A4_52_20221105_00806",FALSE,FALSE
"A4.52.20221105.00807_S323","16S_AW_Butterfly_Peru_bees","A4_52_20221105_00807","Bees",NA,"A4_bees_3","D11",9,"807","sample","Bees","","Andrea","Hymenoptera","Halictidae","Halictinae","Augochlorini","Rhinetula","Rhinetula","","","Paucartambo","Villa Carmen","Peru","","20221105",NA,NA,NA,NA,NA,"","","52",520,22.67738001,"-12.88724 S","-71.40139 W","Paucartambo","","Kosnipata","Secondary forest, river nerby, canopy open",NA,NA,NA,NA,NA,"","","","","","","Halictidae_diurnal","","","",NA,"",1200,"Villa Carmen","netting","","","",NA,"Rhinetula","Rhinetula","A4_52_20221105_00807",FALSE,FALSE
"A4.52.20221119.01051_S120","16S_AW_Butterfly_Peru_bees","A4_52_20221119_01051","Bees",NA,"A4_bees_3","A6",12,"1051","sample","Bees","","Andrea","Hymenoptera","Apidae","Apinae","Euglossini","Euglossa","Euglossa","","","Paucartambo","Villa Carmen","Peru","","20221119",NA,NA,NA,NA,NA,"","","52",520,22.67738001,"-12.88724 S","-71.40139 W","Paucartambo","","Kosnipata","Secondary forest, river nerby, canopy open",NA,NA,NA,NA,NA,"","","","","","","Euglossini","","","",NA,"",9000,"Villa Carmen","netting","Apidae","Euglossa","Euglossa_analis","Euglossa","Euglossa","Euglossa","A4_52_20221119_01051",FALSE,FALSE
"A4.52.20221119.01052_S121","16S_AW_Butterfly_Peru_bees","A4_52_20221119_01052","Bees",NA,"A4_bees_3","A7",12,"1052","sample","Bees","","Andrea","Hymenoptera","Apidae","Apinae","Euglossini","Euglossa","Euglossa","","","Paucartambo","Villa Carmen","Peru","","20221119",NA,NA,NA,NA,NA,"","","52",520,22.67738001,"-12.88724 S","-71.40139 W","Paucartambo","","Kosnipata","Secondary forest, river nerby, canopy open",NA,NA,NA,NA,NA,"","","","","","","Euglossini","","","",NA,"",9000,"Villa Carmen","netting","Apidae","Euglossa","Euglossa_analis","Euglossa","Euglossa","Euglossa","A4_52_20221119_01052",FALSE,FALSE
"A4.52.20221119.01053_S122","16S_AW_Butterfly_Peru_bees","A4_52_20221119_01053","Bees",NA,"A4_bees_3","A8",12,"1053","sample","Bees","","Andrea","Hymenoptera","Apidae","Apinae","Euglossini","Euglossa","Euglossa","","","Paucartambo","Villa Carmen","Peru","","20221119",NA,NA,NA,NA,NA,"","","52",520,22.67738001,"-12.88724 S","-71.40139 W","Paucartambo","","Kosnipata","Secondary forest, river nerby, canopy open",NA,NA,NA,NA,NA,"","","","","","","Euglossini","","","",NA,"",9000,"Villa Carmen","netting","Apidae","Euglossa","Euglossa_analis","Euglossa","Euglossa","Euglossa","A4_52_20221119_01053",FALSE,FALSE
"A4.52.20221119.01054_S123","16S_AW_Butterfly_Peru_bees","A4_52_20221119_01054","Bees",NA,"A4_bees_3","A9",12,"1054","sample","Bees","","Andrea","Hymenoptera","Apidae","Apinae","Euglossini","Euglossa","Euglossa","","","Paucartambo","Villa Carmen","Peru","","20221119",NA,NA,NA,NA,NA,"","","52",520,22.67738001,"-12.88724 S","-71.40139 W","Paucartambo","","Kosnipata","Secondary forest, river nerby, canopy open",NA,NA,NA,NA,NA,"","","","","","","Euglossini","","","",NA,"",9000,"Villa Carmen","netting","Apidae","Euglossa","Euglossa_viridis","Euglossa","Euglossa","Euglossa","A4_52_20221119_01054",FALSE,FALSE
"A4.52.20221119.01055_S124","16S_AW_Butterfly_Peru_bees","A4_52_20221119_01055","Bees",NA,"A4_bees_3","A10",12,"1055","sample","Bees","","Andrea","Hymenoptera","Apidae","Apinae","Euglossini","Euglossa","Euglossa","","","Paucartambo","Villa Carmen","Peru","","20221119",NA,NA,NA,NA,NA,"","","52",520,22.67738001,"-12.88724 S","-71.40139 W","Paucartambo","","Kosnipata","Secondary forest, river nerby, canopy open",NA,NA,NA,NA,NA,"","","","","","","Euglossini","","","",NA,"",9000,"Villa Carmen","netting","Apidae","Euglossa","Euglossa_viridifrons","Euglossa","Euglossa","Euglossa","A4_52_20221119_01055",FALSE,FALSE
"A4.52.20221119.01056_S125","16S_AW_Butterfly_Peru_bees","A4_52_20221119_01056","Bees",NA,"A4_bees_3","A11",12,"1056","sample","Bees","","Andrea","Hymenoptera","Apidae","Apinae","Euglossini","Euglossa","Euglossa","","","Paucartambo","Villa Carmen","Peru","","20221119",NA,NA,NA,NA,NA,"","","52",520,22.67738001,"-12.88724 S","-71.40139 W","Paucartambo","","Kosnipata","Secondary forest, river nerby, canopy open",NA,NA,NA,NA,NA,"","","","","","","Euglossini","","","",NA,"",9000,"Villa Carmen","netting","Apidae","Euglossa","Euglossa_townsendi","Euglossa","Euglossa","Euglossa","A4_52_20221119_01056",FALSE,FALSE
"A4.52.20221119.01330_S365","16S_AW_Butterfly_Peru_bees","A4_52_20221119_01330","Bees",NA,"A4_bees_4","H11",14,"1330","sample","Bees","","Andrea","Hymenoptera","Apidae","Apinae","Euglossini","Euglossa","Euglossa","","","Paucartambo","Villa Carmen","Peru","","20221119",NA,NA,NA,NA,NA,"","","52",520,22.67738001,"-12.88724 S","-71.40139 W","Paucartambo","","Kosnipata","Secondary forest, river nerby, canopy open",NA,NA,NA,NA,NA,"","","","","","","Euglossini","","","",NA,"",1000,"Villa Carmen","netting","Apidae","Euglossa","Euglossa_townsendi","Euglossa","Euglossa","Euglossa","A4_52_20221119_01330",FALSE,FALSE
"A4.56.20220926.00122_S238","16S_AW_Butterfly_Peru_bees","A4_56_20220926_00122","Bees",NA,"A4_bees_1","A12",1,"122","sample","Bees","","Andrea","Hymenoptera","Halictidae","Halictinae","Augochlorini","Megalopta","Megaloptidia","","","Paucartambo","Villa Carmen","Peru","","20220926",NA,NA,NA,NA,NA,"","","56",560,23.14159579,"-12,89207 S","-71,41377 W","Paucartambo","","Kosnipata","Steep, forest, closed canopy, river nerby",NA,NA,NA,NA,NA,"","","","","","","Halictidae_nocturnal","","","",NA,"",1900,"Villa Carmen","knc jar","Megaloptidia","","","Megalopta","Megaloptidia","Megaloptidia","A4_56_20220926_00122",FALSE,FALSE
"A4.56.20221106.00735_S258","16S_AW_Butterfly_Peru_bees","A4_56_20221106_00735","Bees",NA,"A4_bees_2","F10",8,"735","sample","Bees","","Andrea","Hymenoptera","Apidae","Apinae","Meliponini","Tetragona","Tetragona","","","Paucartambo","Villa Carmen","Peru","","20221106",NA,NA,NA,NA,NA,"","","56",560,23.14159579,"-12,89207 S","-71,41377 W","Paucartambo","","Kosnipata","Steep, forest, closed canopy, river nerby",NA,NA,NA,NA,NA,"","","","","","","Meliponini","","","",NA,"",1100,"Villa Carmen","netting","Apidae","","",NA,"Tetragona","Tetragona","A4_56_20221106_00735",FALSE,FALSE
"A4.56.20221106.00736_S259","16S_AW_Butterfly_Peru_bees","A4_56_20221106_00736","Bees",NA,"A4_bees_2","F11",8,"736","sample","Bees","","Andrea","Hymenoptera","Apidae","Apinae","Euglossini","Euglossa","Euglossa","","","Paucartambo","Villa Carmen","Peru","","20221106",NA,NA,NA,NA,NA,"","","56",560,23.14159579,"-12,89207 S","-71,41377 W","Paucartambo","","Kosnipata","Steep, forest, closed canopy, river nerby",NA,NA,NA,NA,NA,"","","","","","","Euglossini","","","",NA,"",1100,"Villa Carmen","netting","Apidae","Euglossa","Euglossa_variabilis","Euglossa","Euglossa","Euglossa","A4_56_20221106_00736",FALSE,FALSE
"A4.56.20221106.00737_S260","16S_AW_Butterfly_Peru_bees","A4_56_20221106_00737","Bees",NA,"A4_bees_2","F12",8,"737","sample","Bees","","Andrea","Hymenoptera","Halictidae","Halictinae","Halictinae","Halictinae","Halictidae_diurnal","","","Paucartambo","Villa Carmen","Peru","","20221106",NA,NA,NA,NA,NA,"","","56",560,23.14159579,"-12,89207 S","-71,41377 W","Paucartambo","","Kosnipata","Steep, forest, closed canopy, river nerby",NA,NA,NA,NA,NA,"","","","","","","Halictidae_diurnal","","","",NA,"",1100,"Villa Carmen","netting",NA,NA,NA,NA,"Halictidae_diurnal","Halictidae_diurnal","A4_56_20221106_00737",FALSE,FALSE
"A4.56.20221106.00818_S325","16S_AW_Butterfly_Peru_bees","A4_56_20221106_00818","Bees",NA,"A4_bees_3","E10",9,"818","sample","Bees","","Andrea","Hymenoptera","Apidae","Apinae","Euglossini","Euglossa","Euglossa","","","Paucartambo","Villa Carmen","Peru","","20221106",NA,NA,NA,NA,NA,"","","56",560,23.14159579,"-12,89207 S","-71,41377 W","Paucartambo","","Kosnipata","Steep, forest, closed canopy, river nerby",NA,NA,NA,NA,NA,"","","","","","","Euglossini","","","",NA,"",1000,"Villa Carmen","netting","Apidae","Euglossa","Euglossa_variabilis","Euglossa","Euglossa","Euglossa","A4_56_20221106_00818",FALSE,FALSE
"A4.56.20221106.00819_S326","16S_AW_Butterfly_Peru_bees","A4_56_20221106_00819","Bees",NA,"A4_bees_3","E11",9,"819","sample","Bees","","Andrea","Hymenoptera","Apidae","Apinae","Euglossini","Euglossa","Euglossa","","","Paucartambo","Villa Carmen","Peru","","20221106",NA,NA,NA,NA,NA,"","","56",560,23.14159579,"-12,89207 S","-71,41377 W","Paucartambo","","Kosnipata","Steep, forest, closed canopy, river nerby",NA,NA,NA,NA,NA,"","","","","","","Euglossini","","","",NA,"",1000,"Villa Carmen","netting","Apidae","Euglossa","Euglossa_variabilis","Euglossa","Euglossa","Euglossa","A4_56_20221106_00819",FALSE,FALSE
"A4.56.20221106.00821_S328","16S_AW_Butterfly_Peru_bees","A4_56_20221106_00821","Bees",NA,"A4_bees_3","F1",9,"821","sample","Bees","","Andrea","Hymenoptera","Apidae","Apinae","Euglossini","Eulaema","Eulaema","bombiformis","","Paucartambo","Villa Carmen","Peru","","20221106",NA,NA,NA,NA,NA,"","","56",560,23.14159579,"-12,89207 S","-71,41377 W","Paucartambo","","Kosnipata","Steep, forest, closed canopy, river nerby",NA,NA,NA,NA,NA,"","","","","","","Euglossini","","","",NA,"",1000,"Villa Carmen","netting","Apidae","Eulaema","Eulaema_atleticana","Eulaema","Eulaema","Eulaema","A4_56_20221106_00821",FALSE,FALSE
"A4.56.20221106.00822_S329","16S_AW_Butterfly_Peru_bees","A4_56_20221106_00822","Bees",NA,"A4_bees_3","F2",9,"822","sample","Bees","","Andrea","Hymenoptera","Apidae","Apinae","Meliponini","Trigona","Trigona","","","Paucartambo","Villa Carmen","Peru","","20221106",NA,NA,NA,NA,NA,"","","56",560,23.14159579,"-12,89207 S","-71,41377 W","Paucartambo","","Kosnipata","Steep, forest, closed canopy, river nerby",NA,NA,NA,NA,NA,"","","","","","","Meliponini","","","",NA,"",1000,"Villa Carmen","netting","Apidae","Trigona","Trigona_silvestriana","Trigona","Trigona silvestriana","Trigona","A4_56_20221106_00822",FALSE,FALSE
"A4.56.20221106.00823_S330","16S_AW_Butterfly_Peru_bees","A4_56_20221106_00823","Bees",NA,"A4_bees_3","F3",9,"823","sample","Bees","","Andrea","Hymenoptera","Apidae","Apinae","Meliponini","Trigona","Trigona","","","Paucartambo","Villa Carmen","Peru","","20221106",NA,NA,NA,NA,NA,"","","56",560,23.14159579,"-12,89207 S","-71,41377 W","Paucartambo","","Kosnipata","Steep, forest, closed canopy, river nerby",NA,NA,NA,NA,NA,"","","","","","","Meliponini","","","",NA,"",1000,"Villa Carmen","netting","Apidae","Trigona","Trigona_silvestriana","Trigona","Trigona","Trigona","A4_56_20221106_00823",FALSE,FALSE
"A4.56.20221106.00824_S332","16S_AW_Butterfly_Peru_bees","A4_56_20221106_00824","Bees",NA,"A4_bees_3","F4",9,"824","sample","Bees","","Andrea","Hymenoptera","Apidae","Apinae","Meliponini","Trigona","Trigona","","","Paucartambo","Villa Carmen","Peru","","20221106",NA,NA,NA,NA,NA,"","","56",560,23.14159579,"-12,89207 S","-71,41377 W","Paucartambo","","Kosnipata","Steep, forest, closed canopy, river nerby",NA,NA,NA,NA,NA,"","","","","","","Meliponini","","","",NA,"",1000,"Villa Carmen","netting","Apidae","Trigona","Trigona_amalthea","Trigona","Trigona","Trigona","A4_56_20221106_00824",FALSE,FALSE
"A4.56.20221106.00825_S333","16S_AW_Butterfly_Peru_bees","A4_56_20221106_00825","Bees",NA,"A4_bees_3","F5",9,"825","sample","Bees","","Andrea","Hymenoptera","Apidae","Apinae","Meliponini","Trigona","Trigona","","","Paucartambo","Villa Carmen","Peru","","20221106",NA,NA,NA,NA,NA,"","","56",560,23.14159579,"-12,89207 S","-71,41377 W","Paucartambo","","Kosnipata","Steep, forest, closed canopy, river nerby",NA,NA,NA,NA,NA,"","","","","","","Meliponini","","","",NA,"",1000,"Villa Carmen","netting","Apidae","Trigona","Trigona_silvestriana","Trigona","Trigona","Trigona","A4_56_20221106_00825",FALSE,FALSE
"A4.56.20221106.00826_S334","16S_AW_Butterfly_Peru_bees","A4_56_20221106_00826","Bees",NA,"A4_bees_3","F6",9,"826","sample","Bees","","Andrea","Hymenoptera","Apidae","Apinae","Meliponini","Trigona","Trigona","","","Paucartambo","Villa Carmen","Peru","","20221106",NA,NA,NA,NA,NA,"","","56",560,23.14159579,"-12,89207 S","-71,41377 W","Paucartambo","","Kosnipata","Steep, forest, closed canopy, river nerby",NA,NA,NA,NA,NA,"","","","","","","Meliponini","","","",NA,"",1000,"Villa Carmen","netting","Apidae","Trigona","Trigona_silvestriana","Trigona","Trigona","Trigona","A4_56_20221106_00826",FALSE,FALSE
"A4.56.20221106.00827_S335","16S_AW_Butterfly_Peru_bees","A4_56_20221106_00827","Bees",NA,"A4_bees_3","F7",9,"827","sample","Bees","","Andrea","Hymenoptera","Apidae","Apinae","Meliponini","Trigona","Trigona","","","Paucartambo","Villa Carmen","Peru","","20221106",NA,NA,NA,NA,NA,"","","56",560,23.14159579,"-12,89207 S","-71,41377 W","Paucartambo","","Kosnipata","Steep, forest, closed canopy, river nerby",NA,NA,NA,NA,NA,"","","","","","","Meliponini","","","",NA,"",1000,"Villa Carmen","netting","Apidae","Trigona","Trigona_amazonensis","Trigona","Trigona","Trigona","A4_56_20221106_00827",FALSE,FALSE
"A4.56.20221106.00828_S336","16S_AW_Butterfly_Peru_bees","A4_56_20221106_00828","Bees",NA,"A4_bees_3","F8",9,"828","sample","Bees","","Andrea","Hymenoptera","Apidae","Apinae","Meliponini","Trigona","Trigona","","","Paucartambo","Villa Carmen","Peru","","20221106",NA,NA,NA,NA,NA,"","","56",560,23.14159579,"-12,89207 S","-71,41377 W","Paucartambo","","Kosnipata","Steep, forest, closed canopy, river nerby",NA,NA,NA,NA,NA,"","","","","","","Meliponini","","","",NA,"",1000,"Villa Carmen","netting","Apidae","Trigona","","Trigona","Trigona","Trigona","A4_56_20221106_00828",FALSE,FALSE
"A4.56.20221106.00829_S337","16S_AW_Butterfly_Peru_bees","A4_56_20221106_00829","Bees",NA,"A4_bees_3","F9",9,"829","sample","Bees","","Andrea","Hymenoptera","Apidae","Apinae","Meliponini","Trigona","Trigona","","","Paucartambo","Villa Carmen","Peru","","20221106",NA,NA,NA,NA,NA,"","","56",560,23.14159579,"-12,89207 S","-71,41377 W","Paucartambo","","Kosnipata","Steep, forest, closed canopy, river nerby",NA,NA,NA,NA,NA,"","","","","","","Meliponini","","","",NA,"",1000,"Villa Carmen","netting","Apidae","Trigona","Trigona_amazonensis","Trigona","Trigona","Trigona","A4_56_20221106_00829",FALSE,FALSE
"A4.56.20221106.00830_S338","16S_AW_Butterfly_Peru_bees","A4_56_20221106_00830","Bees",NA,"A4_bees_3","F10",9,"830","sample","Bees","","Andrea","Hymenoptera","Apidae","Apinae","Meliponini","Trigona","Trigona","","","Paucartambo","Villa Carmen","Peru","","20221106",NA,NA,NA,NA,NA,"","","56",560,23.14159579,"-12,89207 S","-71,41377 W","Paucartambo","","Kosnipata","Steep, forest, closed canopy, river nerby",NA,NA,NA,NA,NA,"","","","","","","Meliponini","","","",NA,"",1000,"Villa Carmen","netting","Apidae","Trigona","","Trigona","Trigona","Trigona","A4_56_20221106_00830",FALSE,FALSE
"A4.56.20221106.00831_S339","16S_AW_Butterfly_Peru_bees","A4_56_20221106_00831","Bees",NA,"A4_bees_3","F11",9,"831","sample","Bees","","Andrea","Hymenoptera","Apidae","Apinae","Meliponini","Meliponini","Meliponini","","","Paucartambo","Villa Carmen","Peru","","20221106",NA,NA,NA,NA,NA,"","","56",560,23.14159579,"-12,89207 S","-71,41377 W","Paucartambo","","Kosnipata","Steep, forest, closed canopy, river nerby",NA,NA,NA,NA,NA,"","","","","","","Meliponini","","","",NA,"",1000,"Villa Carmen","netting",NA,NA,NA,NA,"Meliponini","Meliponini","A4_56_20221106_00831",FALSE,FALSE
"A4.56.20221106.00832_S340","16S_AW_Butterfly_Peru_bees","A4_56_20221106_00832","Bees",NA,"A4_bees_3","F12",9,"832","sample","Bees","","Andrea","Hymenoptera","Apidae","Apinae","Meliponini","Trigona","Trigona","","","Paucartambo","Villa Carmen","Peru","","20221106",NA,NA,NA,NA,NA,"","","56",560,23.14159579,"-12,89207 S","-71,41377 W","Paucartambo","","Kosnipata","Steep, forest, closed canopy, river nerby",NA,NA,NA,NA,NA,"","","","","","","Meliponini","","","",NA,"",1000,"Villa Carmen","netting","Apidae","","",NA,"Trigona","Trigona","A4_56_20221106_00832",FALSE,FALSE
"A4.56.20221106.00833_S341","16S_AW_Butterfly_Peru_bees","A4_56_20221106_00833","Bees",NA,"A4_bees_3","G1",9,"833","sample","Bees","","Andrea","Hymenoptera","Apidae","Apinae","Meliponini","Trigona","Trigona","","","Paucartambo","Villa Carmen","Peru","","20221106",NA,NA,NA,NA,NA,"","","56",560,23.14159579,"-12,89207 S","-71,41377 W","Paucartambo","","Kosnipata","Steep, forest, closed canopy, river nerby",NA,NA,NA,NA,NA,"","","","","","","Meliponini","","","",NA,"",1000,"Villa Carmen","netting","Apidae","","",NA,"Trigona","Trigona","A4_56_20221106_00833",FALSE,FALSE
"A4.56.20221106.00834_S342","16S_AW_Butterfly_Peru_bees","A4_56_20221106_00834","Bees",NA,"A4_bees_3","G2",9,"834","sample","Bees","","Andrea","Hymenoptera","Apidae","Apinae","Meliponini","Trigona","Trigona","","","Paucartambo","Villa Carmen","Peru","","20221106",NA,NA,NA,NA,NA,"","","56",560,23.14159579,"-12,89207 S","-71,41377 W","Paucartambo","","Kosnipata","Steep, forest, closed canopy, river nerby",NA,NA,NA,NA,NA,"","","","","","","Meliponini","","","",NA,"",1000,"Villa Carmen","netting","Apidae","","",NA,"Trigona","Trigona","A4_56_20221106_00834",FALSE,FALSE
"A4.56.20221106.00835_S343","16S_AW_Butterfly_Peru_bees","A4_56_20221106_00835","Bees",NA,"A4_bees_3","G3",9,"835","sample","Bees","","Andrea","Hymenoptera","Apidae","Apinae","Meliponini","Tetragona","Tetragona","","","Paucartambo","Villa Carmen","Peru","","20221106",NA,NA,NA,NA,NA,"","","56",560,23.14159579,"-12,89207 S","-71,41377 W","Paucartambo","","Kosnipata","Steep, forest, closed canopy, river nerby",NA,NA,NA,NA,NA,"","","","","","","Meliponini","","","",NA,"",1000,"Villa Carmen","netting","Apidae","","",NA,"Tetragona","Tetragona","A4_56_20221106_00835",FALSE,FALSE
"A4.56.20221106.00836_S344","16S_AW_Butterfly_Peru_bees","A4_56_20221106_00836","Bees",NA,"A4_bees_3","G4",9,"836","sample","Bees","","Andrea","Hymenoptera","Apidae","Apinae","Meliponini","Tetragona","Tetragona","","","Paucartambo","Villa Carmen","Peru","","20221106",NA,NA,NA,NA,NA,"","","56",560,23.14159579,"-12,89207 S","-71,41377 W","Paucartambo","","Kosnipata","Steep, forest, closed canopy, river nerby",NA,NA,NA,NA,NA,"","","","","","","Meliponini","","","",NA,"",1000,"Villa Carmen","netting","Apidae","","",NA,"Tetragona","Tetragona","A4_56_20221106_00836",FALSE,FALSE
"A4.56.20221106.00837_S346","16S_AW_Butterfly_Peru_bees","A4_56_20221106_00837","Bees",NA,"A4_bees_3","G5",9,"837","sample","Bees","","Andrea","Hymenoptera","Apidae","Apinae","Meliponini","Tetragona","Tetragona","","","Paucartambo","Villa Carmen","Peru","","20221106",NA,NA,NA,NA,NA,"","","56",560,23.14159579,"-12,89207 S","-71,41377 W","Paucartambo","","Kosnipata","Steep, forest, closed canopy, river nerby",NA,NA,NA,NA,NA,"","","","","","","Meliponini","","","",NA,"",1000,"Villa Carmen","netting","Apidae","","",NA,"Tetragona","Tetragona","A4_56_20221106_00837",FALSE,FALSE
"A4.56.20221106.00838_S347","16S_AW_Butterfly_Peru_bees","A4_56_20221106_00838","Bees",NA,"A4_bees_3","G6",9,"838","sample","Bees","","Andrea","Hymenoptera","Apidae","Apinae","Meliponini","Tetragona","Tetragona","","","Paucartambo","Villa Carmen","Peru","","20221106",NA,NA,NA,NA,NA,"","","56",560,23.14159579,"-12,89207 S","-71,41377 W","Paucartambo","","Kosnipata","Steep, forest, closed canopy, river nerby",NA,NA,NA,NA,NA,"","","","","","","Meliponini","","","",NA,"",1000,"Villa Carmen","netting","Apidae","","",NA,"Tetragona","Tetragona","A4_56_20221106_00838",FALSE,FALSE
"A4.56.20221106.00839_S348","16S_AW_Butterfly_Peru_bees","A4_56_20221106_00839","Bees",NA,"A4_bees_3","G7",9,"839","sample","Bees","","Andrea","Hymenoptera","Apidae","Apinae","Meliponini","Tetragona","Tetragona","","","Paucartambo","Villa Carmen","Peru","","20221106",NA,NA,NA,NA,NA,"","","56",560,23.14159579,"-12,89207 S","-71,41377 W","Paucartambo","","Kosnipata","Steep, forest, closed canopy, river nerby",NA,NA,NA,NA,NA,"","","","","","","Meliponini","","","",NA,"",1000,"Villa Carmen","netting","Apidae","","",NA,"Tetragona","Tetragona","A4_56_20221106_00839",FALSE,FALSE
"A4.56.20221106.00840_S349","16S_AW_Butterfly_Peru_bees","A4_56_20221106_00840","Bees",NA,"A4_bees_3","G8",9,"840","sample","Bees","","Andrea","Hymenoptera","Apidae","Apinae","Meliponini","Trigona","Trigona","","","Paucartambo","Villa Carmen","Peru","","20221106",NA,NA,NA,NA,NA,"","","56",560,23.14159579,"-12,89207 S","-71,41377 W","Paucartambo","","Kosnipata","Steep, forest, closed canopy, river nerby",NA,NA,NA,NA,NA,"","","","","","","Meliponini","","","",NA,"",1000,"Villa Carmen","netting","Apidae","Frieseomelitta","Frieseomelitta_flavicornis","Frieseomelitta","Trigona","Trigona","A4_56_20221106_00840",FALSE,FALSE
"A4.56.20221106.00841_S350","16S_AW_Butterfly_Peru_bees","A4_56_20221106_00841","Bees",NA,"A4_bees_3","G9",9,"841","sample","Bees","","Andrea","Hymenoptera","Apidae","Apinae","Meliponini","Trigona","Trigona","","","Paucartambo","Villa Carmen","Peru","","20221106",NA,NA,NA,NA,NA,"","","56",560,23.14159579,"-12,89207 S","-71,41377 W","Paucartambo","","Kosnipata","Steep, forest, closed canopy, river nerby",NA,NA,NA,NA,NA,"","","","","","","Meliponini","","","",NA,"",1000,"Villa Carmen","netting","Apidae","Frieseomelitta","Frieseomelitta_flavicornis","Frieseomelitta","Trigona","Trigona","A4_56_20221106_00841",FALSE,FALSE
"A4.56.20221106.00842_S351","16S_AW_Butterfly_Peru_bees","A4_56_20221106_00842","Bees",NA,"A4_bees_3","G10",9,"842","sample","Bees","","Andrea","Hymenoptera","Halictidae","Halictinae","Halictinae","Halictinae","Halictidae_diurnal","","","Paucartambo","Villa Carmen","Peru","","20221106",NA,NA,NA,NA,NA,"","","56",560,23.14159579,"-12,89207 S","-71,41377 W","Paucartambo","","Kosnipata","Steep, forest, closed canopy, river nerby",NA,NA,NA,NA,NA,"","","","","","","Halictidae_diurnal","","","",NA,"",1000,"Villa Carmen","netting",NA,NA,NA,NA,"Halictidae_diurnal","Halictidae_diurnal","A4_56_20221106_00842",FALSE,FALSE
"A4.56.20221106.00843_S353","16S_AW_Butterfly_Peru_bees","A4_56_20221106_00843","Bees",NA,"A4_bees_3","G11",9,"843","sample","Bees","","Andrea","Hymenoptera","Halictidae","Halictinae","Halictinae","Halictinae","Halictidae_diurnal","","","Paucartambo","Villa Carmen","Peru","","20221106",NA,NA,NA,NA,NA,"","","56",560,23.14159579,"-12,89207 S","-71,41377 W","Paucartambo","","Kosnipata","Steep, forest, closed canopy, river nerby",NA,NA,NA,NA,NA,"","","","","","","Halictidae_diurnal","","","",NA,"",1000,"Villa Carmen","netting",NA,NA,NA,NA,"Halictidae_diurnal","Halictidae_diurnal","A4_56_20221106_00843",FALSE,FALSE
"A4.56.20221106.00844_S354","16S_AW_Butterfly_Peru_bees","A4_56_20221106_00844","Bees",NA,"A4_bees_3","G12",9,"844","sample","Bees","","Andrea","Hymenoptera","Halictidae","Halictinae","Halictinae","Halictinae","Halictidae_diurnal","","","Paucartambo","Villa Carmen","Peru","","20221106",NA,NA,NA,NA,NA,"","","56",560,23.14159579,"-12,89207 S","-71,41377 W","Paucartambo","","Kosnipata","Steep, forest, closed canopy, river nerby",NA,NA,NA,NA,NA,"","","","","","","Halictidae_diurnal","","","",NA,"",1000,"Villa Carmen","netting",NA,NA,NA,NA,"Halictidae_diurnal","Halictidae_diurnal","A4_56_20221106_00844",FALSE,FALSE
"A4.56.20221106.00845_S355","16S_AW_Butterfly_Peru_bees","A4_56_20221106_00845","Bees",NA,"A4_bees_3","H1",9,"845","sample","Bees","","Andrea","Hymenoptera","Halictidae","Halictinae","Augochlorini","Augochlora","Augochlora","","","Paucartambo","Villa Carmen","Peru","","20221106",NA,NA,NA,NA,NA,"","","56",560,23.14159579,"-12,89207 S","-71,41377 W","Paucartambo","","Kosnipata","Steep, forest, closed canopy, river nerby",NA,NA,NA,NA,NA,"","","","","","","Halictidae_diurnal","","","",NA,"",1000,"Villa Carmen","netting","Halictidae","Augochlora","","Augochlora","Augochlora","Augochlora","A4_56_20221106_00845",FALSE,FALSE
"A4.56.20221106.00846_S356","16S_AW_Butterfly_Peru_bees","A4_56_20221106_00846","Bees",NA,"A4_bees_3","H2",9,"846","sample","Bees","","Andrea","Hymenoptera","Apidae","Apinae","Meliponini","Plebeia","Plebeia","","","Paucartambo","Villa Carmen","Peru","","20221106",NA,NA,NA,NA,NA,"","","56",560,23.14159579,"-12,89207 S","-71,41377 W","Paucartambo","","Kosnipata","Steep, forest, closed canopy, river nerby",NA,NA,NA,NA,NA,"","","","","","","Meliponini","","","",NA,"",1000,"Villa Carmen","netting","Apidae","Plebeia","Plebeia_BOL01","Plebeia","Plebeia","Plebeia","A4_56_20221106_00846",FALSE,FALSE
"A4.56.20221106.00847_S357","16S_AW_Butterfly_Peru_bees","A4_56_20221106_00847","Bees",NA,"A4_bees_3","H3",9,"847","sample","Bees","","Andrea","Hymenoptera","Apidae","Apinae","Meliponini","Plebeia","Plebeia","","","Paucartambo","Villa Carmen","Peru","","20221106",NA,NA,NA,NA,NA,"","","56",560,23.14159579,"-12,89207 S","-71,41377 W","Paucartambo","","Kosnipata","Steep, forest, closed canopy, river nerby",NA,NA,NA,NA,NA,"","","","","","","Meliponini","","","",NA,"",1000,"Villa Carmen","netting","Apidae","Plebeia","","Plebeia","Plebeia","Plebeia","A4_56_20221106_00847",FALSE,FALSE
"A4.56.20221106.00848_S358","16S_AW_Butterfly_Peru_bees","A4_56_20221106_00848","Bees",NA,"A4_bees_3","H4",9,"848","sample","Bees","","Andrea","Hymenoptera","Apidae","Apinae","Meliponini","Plebeia","Plebeia","","","Paucartambo","Villa Carmen","Peru","","20221106",NA,NA,NA,NA,NA,"","","56",560,23.14159579,"-12,89207 S","-71,41377 W","Paucartambo","","Kosnipata","Steep, forest, closed canopy, river nerby",NA,NA,NA,NA,NA,"","","","","","","Meliponini","","","",NA,"",1000,"Villa Carmen","netting","Apidae","Plebeia","","Plebeia","Plebeia","Plebeia","A4_56_20221106_00848",FALSE,FALSE
"A4.56.20221106.00849_S359","16S_AW_Butterfly_Peru_bees","A4_56_20221106_00849","Bees",NA,"A4_bees_3","H5",9,"849","sample","Bees","","Andrea","Hymenoptera","Apidae","Apinae","Meliponini","Plebeia","Plebeia","","","Paucartambo","Villa Carmen","Peru","","20221106",NA,NA,NA,NA,NA,"","","56",560,23.14159579,"-12,89207 S","-71,41377 W","Paucartambo","","Kosnipata","Steep, forest, closed canopy, river nerby",NA,NA,NA,NA,NA,"","","","","","","Meliponini","","","",NA,"",1000,"Villa Carmen","netting","Apidae","Plebeia","Plebeia_BOL01","Plebeia","Plebeia","Plebeia","A4_56_20221106_00849",FALSE,FALSE
"A4.56.20221106.00850_S360","16S_AW_Butterfly_Peru_bees","A4_56_20221106_00850","Bees",NA,"A4_bees_3","H6",9,"850","sample","Bees","","Andrea","Hymenoptera","Apidae","Apinae","Meliponini","Plebeia","Plebeia","","","Paucartambo","Villa Carmen","Peru","","20221106",NA,NA,NA,NA,NA,"","","56",560,23.14159579,"-12,89207 S","-71,41377 W","Paucartambo","","Kosnipata","Steep, forest, closed canopy, river nerby",NA,NA,NA,NA,NA,"","","","","","","Meliponini","","","",NA,"",1000,"Villa Carmen","netting","Apidae","Plebeia","Plebeia_BOL01","Plebeia","Plebeia","Plebeia","A4_56_20221106_00850",FALSE,FALSE
"A4.56.20221106.00851_S362","16S_AW_Butterfly_Peru_bees","A4_56_20221106_00851","Bees",NA,"A4_bees_3","H7",9,"851","sample","Bees","","Andrea","Hymenoptera","Apidae","Apinae","Meliponini","Melipona","Melipona","","","Paucartambo","Villa Carmen","Peru","","20221106",NA,NA,NA,NA,NA,"","","56",560,23.14159579,"-12,89207 S","-71,41377 W","Paucartambo","","Kosnipata","Steep, forest, closed canopy, river nerby",NA,NA,NA,NA,NA,"","","","","","","Meliponini","","","",NA,"",1000,"Villa Carmen","netting","Apidae","Scaura","Scaura_atlantica","Scaura","Melipona","Melipona","A4_56_20221106_00851",FALSE,FALSE
"A4.75.20221106.00738_S261","16S_AW_Butterfly_Peru_bees","A4_75_20221106_00738","Bees",NA,"A4_bees_2","G1",8,"738","sample","Bees","","Andrea","Hymenoptera","Apidae","Apinae","Meliponini","Trigona","Trigona","","","Paucartambo","Villa Carmen","Peru","","20221106",NA,NA,NA,NA,NA,"","","75",750,23.14159579,"-12,88754 S","-71,41399 W","Paucartambo","","Kosnipata","Steep, forest, closed canopy",NA,NA,NA,NA,NA,"","","","","","","Meliponini","","","",NA,"",1400,"Villa Carmen","netting","Apidae","Trigona","Trigona_amalthea","Trigona","Trigona","Trigona","A4_75_20221106_00738",FALSE,FALSE
"A4.75.20221106.00739_S262","16S_AW_Butterfly_Peru_bees","A4_75_20221106_00739","Bees",NA,"A4_bees_2","G2",8,"739","sample","Bees","","Andrea","Hymenoptera","Apidae","Apinae","Meliponini","Ptilotrigona","Ptilotrigona","","","Paucartambo","Villa Carmen","Peru","","20221106",NA,NA,NA,NA,NA,"","","75",750,23.14159579,"-12,88754 S","-71,41399 W","Paucartambo","","Kosnipata","Steep, forest, closed canopy",NA,NA,NA,NA,NA,"","","","","","","Meliponini","","","",NA,"",1400,"Villa Carmen","netting","Apidae","Ptilotrigona","","Ptilotrigona","Ptilotrigona","Ptilotrigona","A4_75_20221106_00739",FALSE,FALSE
"A4.75.20221106.00740_S263","16S_AW_Butterfly_Peru_bees","A4_75_20221106_00740","Bees",NA,"A4_bees_2","G3",8,"740","sample","Bees","","Andrea","Hymenoptera","Apidae","Apinae","Meliponini","Meliponini","Meliponini","","","Paucartambo","Villa Carmen","Peru","","20221106",NA,NA,NA,NA,NA,"","","75",750,23.14159579,"-12,88754 S","-71,41399 W","Paucartambo","","Kosnipata","Steep, forest, closed canopy",NA,NA,NA,NA,NA,"","","","","","","Meliponini","","","",NA,"",1400,"Villa Carmen","netting",NA,NA,NA,NA,"Meliponini","Meliponini","A4_75_20221106_00740",FALSE,FALSE
"A4.75.20221106.00741_S264","16S_AW_Butterfly_Peru_bees","A4_75_20221106_00741","Bees",NA,"A4_bees_2","G4",8,"741","sample","Bees","","Andrea","Hymenoptera","Apidae","Apinae","Meliponini","Plebeia","Plebeia","","","Paucartambo","Villa Carmen","Peru","","20221106",NA,NA,NA,NA,NA,"","","75",750,23.14159579,"-12,88754 S","-71,41399 W","Paucartambo","","Kosnipata","Steep, forest, closed canopy",NA,NA,NA,NA,NA,"","","","","","","Meliponini","","","",NA,"",1400,"Villa Carmen","netting","Apidae","Plebeia","Plebeia_flavocincta","Plebeia","Plebeia","Plebeia","A4_75_20221106_00741",FALSE,FALSE
"A4.75.20221106.00852_S363","16S_AW_Butterfly_Peru_bees","A4_75_20221106_00852","Bees",NA,"A4_bees_3","H8",9,"852","sample","Bees","","Andrea","Hymenoptera","Apidae","Apinae","Meliponini","Trigona","Trigona","","","Paucartambo","Villa Carmen","Peru","","20221106",NA,NA,NA,NA,NA,"","","75",750,23.14159579,"-12,88754 S","-71,41399 W","Paucartambo","","Kosnipata","Steep, forest, closed canopy",NA,NA,NA,NA,NA,"","","","","","","Meliponini","","","",NA,"",1400,"Villa Carmen","netting","Apidae","Trigona","Trigona_amazonensis","Trigona","Trigona","Trigona","A4_75_20221106_00852",FALSE,FALSE
"A4.75.20221106.00853_S364","16S_AW_Butterfly_Peru_bees","A4_75_20221106_00853","Bees",NA,"A4_bees_3","H9",9,"853","sample","Bees","","Andrea","Hymenoptera","Apidae","Apinae","Meliponini","Partamona","Partamona","","","Paucartambo","Villa Carmen","Peru","","20221106",NA,NA,NA,NA,NA,"","","75",750,23.14159579,"-12,88754 S","-71,41399 W","Paucartambo","","Kosnipata","Steep, forest, closed canopy",NA,NA,NA,NA,NA,"","","","","","","Meliponini","","","",NA,"",1400,"Villa Carmen","netting","Apidae","Partamona","Partamona_bilineata","Partamona","Partamona","Partamona","A4_75_20221106_00853",FALSE,FALSE
"A4.75.20221106.00854_S365","16S_AW_Butterfly_Peru_bees","A4_75_20221106_00854","Bees",NA,"A4_bees_3","H10",9,"854","sample","Bees","","Andrea","Hymenoptera","Apidae","Apinae","Meliponini","Partamona","Partamona","","","Paucartambo","Villa Carmen","Peru","","20221106",NA,NA,NA,NA,NA,"","","75",750,23.14159579,"-12,88754 S","-71,41399 W","Paucartambo","","Kosnipata","Steep, forest, closed canopy",NA,NA,NA,NA,NA,"","","","","","","Meliponini","","","",NA,"",1400,"Villa Carmen","netting","Apidae","Partamona","Partamona_bilineata","Partamona","Partamona","Partamona","A4_75_20221106_00854",FALSE,FALSE
"A4.75.20221106.00855_S366","16S_AW_Butterfly_Peru_bees","A4_75_20221106_00855","Bees",NA,"A4_bees_3","H11",9,"855","sample","Bees","","Andrea","Hymenoptera","Apidae","Apinae","Meliponini","Partamona","Partamona","","","Paucartambo","Villa Carmen","Peru","","20221106",NA,NA,NA,NA,NA,"","","75",750,23.14159579,"-12,88754 S","-71,41399 W","Paucartambo","","Kosnipata","Steep, forest, closed canopy",NA,NA,NA,NA,NA,"","","","","","","Meliponini","","","",NA,"",1400,"Villa Carmen","netting","Apidae","Partamona","Partamona_bilineata","Partamona","Partamona","Partamona","A4_75_20221106_00855",FALSE,FALSE
"A4.75.20221106.00856_S367","16S_AW_Butterfly_Peru_bees","A4_75_20221106_00856","Bees",NA,"A4_bees_3","A1",10,"856","sample","Bees","","Andrea","Hymenoptera","Apidae","Apinae","Meliponini","Partamona","Partamona","","","Paucartambo","Villa Carmen","Peru","","20221106",NA,NA,NA,NA,NA,"","","75",750,23.14159579,"-12,88754 S","-71,41399 W","Paucartambo","","Kosnipata","Steep, forest, closed canopy",NA,NA,NA,NA,NA,"","","","","","","Meliponini","","","",NA,"",1400,"Villa Carmen","netting","Apidae","Partamona","Partamona_bilineata","Partamona","Partamona","Partamona","A4_75_20221106_00856",FALSE,FALSE
"A4.75.20221106.00857_S368","16S_AW_Butterfly_Peru_bees","A4_75_20221106_00857","Bees",NA,"A4_bees_3","A2",10,"857","sample","Bees","","Andrea","Hymenoptera","Apidae","Apinae","Meliponini","Tetragona","Tetragona","","","Paucartambo","Villa Carmen","Peru","","20221106",NA,NA,NA,NA,NA,"","","75",750,23.14159579,"-12,88754 S","-71,41399 W","Paucartambo","","Kosnipata","Steep, forest, closed canopy",NA,NA,NA,NA,NA,"","","","","","","Meliponini","","","",NA,"",1400,"Villa Carmen","netting","Apidae","","",NA,"Tetragona","Tetragona","A4_75_20221106_00857",FALSE,FALSE
"A4.75.20221106.00863_S374","16S_AW_Butterfly_Peru_bees","A4_75_20221106_00863","Bees",NA,"A4_bees_3","A8",10,"863","sample","Bees","","Andrea","Hymenoptera","Halictidae","Halictinae","Halictinae","Halictinae","Halictidae_diurnal","","","Paucartambo","Villa Carmen","Peru","","20221106",NA,NA,NA,NA,NA,"","","75",750,23.14159579,"-12,88754 S","-71,41399 W","Paucartambo","","Kosnipata","Steep, forest, closed canopy",NA,NA,NA,NA,NA,"","","","","","","Halictidae_diurnal","","","",NA,"",1400,"Villa Carmen","netting",NA,NA,NA,NA,"Halictidae_diurnal","Halictidae_diurnal","A4_75_20221106_00863",FALSE,FALSE
"A4.75.20221106.00864_S375","16S_AW_Butterfly_Peru_bees","A4_75_20221106_00864","Bees",NA,"A4_bees_3","A9",10,"864","sample","Bees","","Andrea","Hymenoptera","Apidae","Apinae","Meliponini","Plebeia","Plebeia","","","Paucartambo","Villa Carmen","Peru","","20221106",NA,NA,NA,NA,NA,"","","75",750,23.14159579,"-12,88754 S","-71,41399 W","Paucartambo","","Kosnipata","Steep, forest, closed canopy",NA,NA,NA,NA,NA,"","","","","","","Meliponini","","","",NA,"",1400,"Villa Carmen","netting","Apidae","Plebeia","","Plebeia","Plebeia","Plebeia","A4_75_20221106_00864",FALSE,FALSE
"A4.75.20221106.00865_S376","16S_AW_Butterfly_Peru_bees","A4_75_20221106_00865","Bees",NA,"A4_bees_3","A10",10,"865","sample","Bees","","Andrea","Hymenoptera","Apidae","Apinae","Meliponini","Plebeia","Plebeia","","","Paucartambo","Villa Carmen","Peru","","20221106",NA,NA,NA,NA,NA,"","","75",750,23.14159579,"-12,88754 S","-71,41399 W","Paucartambo","","Kosnipata","Steep, forest, closed canopy",NA,NA,NA,NA,NA,"","","","","","","Meliponini","","","",NA,"",1400,"Villa Carmen","netting","Apidae","Plebeia","","Plebeia","Plebeia","Plebeia","A4_75_20221106_00865",FALSE,FALSE
"A4.75.20221106.00866_S377","16S_AW_Butterfly_Peru_bees","A4_75_20221106_00866","Bees",NA,"A4_bees_3","A11",10,"866","sample","Bees","","Andrea","Hymenoptera","Apidae","Apinae","Meliponini","Plebeia","Plebeia","","","Paucartambo","Villa Carmen","Peru","","20221106",NA,NA,NA,NA,NA,"","","75",750,23.14159579,"-12,88754 S","-71,41399 W","Paucartambo","","Kosnipata","Steep, forest, closed canopy",NA,NA,NA,NA,NA,"","","","","","","Meliponini","","","",NA,"",1400,"Villa Carmen","netting","Apidae","Plebeia","","Plebeia","Plebeia","Plebeia","A4_75_20221106_00866",FALSE,FALSE
"A4.75.20221106.00867_S378","16S_AW_Butterfly_Peru_bees","A4_75_20221106_00867","Bees",NA,"A4_bees_3","A12",10,"867","sample","Bees","","Andrea","Hymenoptera","Apidae","Apinae","Meliponini","Plebeia","Plebeia","","","Paucartambo","Villa Carmen","Peru","","20221106",NA,NA,NA,NA,NA,"","","75",750,23.14159579,"-12,88754 S","-71,41399 W","Paucartambo","","Kosnipata","Steep, forest, closed canopy",NA,NA,NA,NA,NA,"","","","","","","Meliponini","","","",NA,"",1400,"Villa Carmen","netting","Apidae","Plebeia","","Plebeia","Plebeia","Plebeia","A4_75_20221106_00867",FALSE,FALSE
"A4.75.20221106.00868_S379","16S_AW_Butterfly_Peru_bees","A4_75_20221106_00868","Bees",NA,"A4_bees_3","B1",10,"868","sample","Bees","","Andrea","Hymenoptera","Apidae","Apinae","Meliponini","Plebeia","Plebeia","","","Paucartambo","Villa Carmen","Peru","","20221106",NA,NA,NA,NA,NA,"","","75",750,23.14159579,"-12,88754 S","-71,41399 W","Paucartambo","","Kosnipata","Steep, forest, closed canopy",NA,NA,NA,NA,NA,"","","","","","","Meliponini","","","",NA,"",1400,"Villa Carmen","netting","Apidae","Plebeia","","Plebeia","Plebeia","Plebeia","A4_75_20221106_00868",FALSE,FALSE
"A4.75.20221106.00869_S380","16S_AW_Butterfly_Peru_bees","A4_75_20221106_00869","Bees",NA,"A4_bees_3","B2",10,"869","sample","Bees","","Andrea","Hymenoptera","Apidae","Apinae","Meliponini","Plebeia","Plebeia","","","Paucartambo","Villa Carmen","Peru","","20221106",NA,NA,NA,NA,NA,"","","75",750,23.14159579,"-12,88754 S","-71,41399 W","Paucartambo","","Kosnipata","Steep, forest, closed canopy",NA,NA,NA,NA,NA,"","","","","","","Meliponini","","","",NA,"",1600,"Villa Carmen","pitfull","Apidae","Plebeia","Plebeia_frontalis","Plebeia","Plebeia","Plebeia","A4_75_20221106_00869",FALSE,FALSE
"A4.75.20221106.00881_S381","16S_AW_Butterfly_Peru_bees","A4_75_20221106_00881","Bees",NA,"A4_bees_3","C2",10,"881","sample","Bees","","Andrea","Hymenoptera","Apidae","Apinae","Meliponini","Tetragona","Tetragona","","","Paucartambo","Villa Carmen","Peru","","20221106",NA,NA,NA,NA,NA,"","","75",750,23.14159579,"-12,88754 S","-71,41399 W","Paucartambo","","Kosnipata","Steep, forest, closed canopy",NA,NA,NA,NA,NA,"","","","","","","Meliponini","","","",NA,"",1400,"Villa Carmen","netting","Apidae","","",NA,"Tetragona","Tetragona","A4_75_20221106_00881",FALSE,FALSE
"A4.75.20221106.00882_S382","16S_AW_Butterfly_Peru_bees","A4_75_20221106_00882","Bees",NA,"A4_bees_3","C3",10,"882","sample","Bees","","Andrea","Hymenoptera","Apidae","Apinae","Meliponini","Tetragona","Tetragona","","","Paucartambo","Villa Carmen","Peru","","20221106",NA,NA,NA,NA,NA,"","","75",750,23.14159579,"-12,88754 S","-71,41399 W","Paucartambo","","Kosnipata","Steep, forest, closed canopy",NA,NA,NA,NA,NA,"","","","","","","Meliponini","","","",NA,"",1400,"Villa Carmen","netting","Apidae","","",NA,"Tetragona","Tetragona","A4_75_20221106_00882",FALSE,FALSE
"A4.75.20221106.00883_S383","16S_AW_Butterfly_Peru_bees","A4_75_20221106_00883","Bees",NA,"A4_bees_3","C4",10,"883","sample","Bees","","Andrea","Hymenoptera","Apidae","Apinae","Meliponini","Meliponini","Meliponini","","","Paucartambo","Villa Carmen","Peru","","20221106",NA,NA,NA,NA,NA,"","","75",750,23.14159579,"-12,88754 S","-71,41399 W","Paucartambo","","Kosnipata","Steep, forest, closed canopy",NA,NA,NA,NA,NA,"","","","","","","Meliponini","","","",NA,"",1400,"Villa Carmen","netting",NA,NA,NA,NA,"Meliponini","Meliponini","A4_75_20221106_00883",FALSE,FALSE
"A4.75.20221111.00884_S1","16S_AW_Butterfly_Peru_bees","A4_75_20221111_00884","Bees",NA,"A4_bees_3","C5",10,"884","sample","Bees","","Andrea","Hymenoptera","Apidae","Apinae","Euglossini","Euglossa","Euglossa","","","Paucartambo","Villa Carmen","Peru","","20221111",NA,NA,NA,NA,NA,"","","75",750,23.14159579,"-12,88754 S","-71,41399 W","Paucartambo","","Kosnipata","Steep, forest, closed canopy",NA,NA,NA,NA,NA,"","","","","","","Euglossini","","","",NA,"",1000,"Villa Carmen","netting","Apidae","Euglossa","Euglossa_variabilis","Euglossa","Euglossa","Euglossa","A4_75_20221111_00884",FALSE,FALSE
"A4.75.20221111.00885_S2","16S_AW_Butterfly_Peru_bees","A4_75_20221111_00885","Bees",NA,"A4_bees_3","C6",10,"885","sample","Bees","","Andrea","Hymenoptera","Apidae","Apinae","Euglossini","Euglossa","Euglossa","","","Paucartambo","Villa Carmen","Peru","","20221111",NA,NA,NA,NA,NA,"","","75",750,23.14159579,"-12,88754 S","-71,41399 W","Paucartambo","","Kosnipata","Steep, forest, closed canopy",NA,NA,NA,NA,NA,"","","","","","","Euglossini","","","",NA,"",1000,"Villa Carmen","netting","Apidae","Euglossa","Euglossa_townsendi","Euglossa","Euglossa","Euglossa","A4_75_20221111_00885",FALSE,FALSE
"A4.75.20221111.00886_S4","16S_AW_Butterfly_Peru_bees","A4_75_20221111_00886","Bees",NA,"A4_bees_3","C7",10,"886","sample","Bees","","Andrea","Hymenoptera","Apidae","Apinae","Euglossini","Eulaema","Eulaema","bombiformis","","Paucartambo","Villa Carmen","Peru","","20221111",NA,NA,NA,NA,NA,"","","75",750,23.14159579,"-12,88754 S","-71,41399 W","Paucartambo","","Kosnipata","Steep, forest, closed canopy",NA,NA,NA,NA,NA,"","","","","","","Euglossini","","","",NA,"",1000,"Villa Carmen","netting","Apidae","Eulaema","Eulaema_atleticana","Eulaema","Eulaema","Eulaema","A4_75_20221111_00886",FALSE,FALSE
"A4.75.20221111.00887_S5","16S_AW_Butterfly_Peru_bees","A4_75_20221111_00887","Bees",NA,"A4_bees_3","C8",10,"887","sample","Bees","","Andrea","Hymenoptera","Apidae","Apinae","Euglossini","Euglossa","Euglossa","","","Paucartambo","Villa Carmen","Peru","","20221111",NA,NA,NA,NA,NA,"","","75",750,23.14159579,"-12,88754 S","-71,41399 W","Paucartambo","","Kosnipata","Steep, forest, closed canopy",NA,NA,NA,NA,NA,"","","","","","","Euglossini","","","",NA,"",1000,"Villa Carmen","netting","Apidae","Euglossa","Euglossa_variabilis","Euglossa","Euglossa","Euglossa","A4_75_20221111_00887",FALSE,FALSE
"A4.80.20221113.00888_S6","16S_AW_Butterfly_Peru_bees","A4_80_20221113_00888","Bees",NA,"A4_bees_3","C9",10,"888","sample","Bees","","Andrea","Hymenoptera","Apidae","Apinae","Euglossini","Eulaema","Eulaema","bombiformis","","Paucartambo","Tono","Peru","","20221113",NA,NA,NA,NA,NA,"","","80",800,20.98124543,"-12.94743 S","-71.53178 W","Paucartambo","","Kosnipata","forest, closed canopy, river nerby",NA,NA,NA,NA,NA,"","","","","","","Euglossini","","","",NA,"",1000,"Tono","netting",NA,NA,NA,"Eulaema","Eulaema","Eulaema","A4_80_20221113_00888",FALSE,FALSE
"A4.80.20221113.00889_S7","16S_AW_Butterfly_Peru_bees","A4_80_20221113_00889","Bees",NA,"A4_bees_3","C10",10,"889","sample","Bees","","Andrea","Hymenoptera","Apidae","Apinae","Euglossini","Eulaema","Eulaema","bombiformis","","Paucartambo","Tono","Peru","","20221113",NA,NA,NA,NA,NA,"","","80",800,20.98124543,"-12.94743 S","-71.53178 W","Paucartambo","","Kosnipata","forest, closed canopy, river nerby",NA,NA,NA,NA,NA,"","","","","","","Euglossini","","","",NA,"",1000,"Tono","netting","Apidae","Eulaema","Eulaema_atleticana","Eulaema","Eulaema","Eulaema","A4_80_20221113_00889",FALSE,FALSE
"A4.80.20221113.00890_S8","16S_AW_Butterfly_Peru_bees","A4_80_20221113_00890","Bees",NA,"A4_bees_3","C11",10,"890","sample","Bees","","Andrea","Hymenoptera","Apidae","Apinae","Euglossini","Euglossa","Euglossa","","","Paucartambo","Tono","Peru","","20221113",NA,NA,NA,NA,NA,"","","80",800,20.98124543,"-12.94743 S","-71.53178 W","Paucartambo","","Kosnipata","forest, closed canopy, river nerby",NA,NA,NA,NA,NA,"","","","","","","Euglossini","","","",NA,"",1000,"Tono","netting","Scarabaeidae","Oxysternon","Oxysternon_conspicillatum","Euglossa.Oxysternon","Euglossa","Euglossa","A4_80_20221113_00890",FALSE,FALSE
"A4.80.20221113.00891_S9","16S_AW_Butterfly_Peru_bees","A4_80_20221113_00891","Bees",NA,"A4_bees_3","C12",10,"891","sample","Bees","","Andrea","Hymenoptera","Apidae","Apinae","Euglossini","Euglossa","Euglossa","","","Paucartambo","Tono","Peru","","20221113",NA,NA,NA,NA,NA,"","","80",800,20.98124543,"-12.94743 S","-71.53178 W","Paucartambo","","Kosnipata","forest, closed canopy, river nerby",NA,NA,NA,NA,NA,"","","","","","","Euglossini","","","",NA,"",1000,"Tono","netting","Apidae","Euglossa","Euglossa_townsendi","Euglossa","Euglossa","Euglossa","A4_80_20221113_00891",FALSE,FALSE
"A4.80.20221113.00925_S18","16S_AW_Butterfly_Peru_bees","A4_80_20221113_00925","Bees",NA,"A4_bees_3","F10",10,"925","sample","Bees","","Andrea","Hymenoptera","Apidae","Apinae","Euglossini","Euglossa","Euglossa","","","Paucartambo","Tono","Peru","","20221113",NA,NA,NA,NA,NA,"","","80",800,20.98124543,"-12.94743 S","-71.53178 W","Paucartambo","","Kosnipata","forest, closed canopy, river nerby",NA,NA,NA,NA,NA,"","","","","","","Euglossini","","","",NA,"",1100,"Tono","netting","Apidae","Euglossa","Euglossa_variabilis","Euglossa","Euglossa","Euglossa","A4_80_20221113_00925",FALSE,FALSE
"A4.80.20221113.00926_S19","16S_AW_Butterfly_Peru_bees","A4_80_20221113_00926","Bees",NA,"A4_bees_3","F11",10,"926","sample","Bees","","Andrea","Hymenoptera","Apidae","Apinae","Euglossini","Euglossa","Euglossa","","","Paucartambo","Tono","Peru","","20221113",NA,NA,NA,NA,NA,"","","80",800,20.98124543,"-12.94743 S","-71.53178 W","Paucartambo","","Kosnipata","forest, closed canopy, river nerby",NA,NA,NA,NA,NA,"","","","","","","Euglossini","","","",NA,"",1100,"Tono","netting","Apidae","Euglossa","Euglossa_variabilis","Euglossa","Euglossa","Euglossa","A4_80_20221113_00926",FALSE,FALSE
"A4.80.20221113.00927_S20","16S_AW_Butterfly_Peru_bees","A4_80_20221113_00927","Bees",NA,"A4_bees_3","F12",10,"927","sample","Bees","","Andrea","Hymenoptera","Apidae","Apinae","Euglossini","Euglossa","Euglossa","","","Paucartambo","Tono","Peru","","20221113",NA,NA,NA,NA,NA,"","","80",800,20.98124543,"-12.94743 S","-71.53178 W","Paucartambo","","Kosnipata","forest, closed canopy, river nerby",NA,NA,NA,NA,NA,"","","","","","","Euglossini","","","",NA,"",1100,"Tono","netting","Apidae","Euglossa","Euglossa_variabilis","Euglossa","Euglossa","Euglossa","A4_80_20221113_00927",FALSE,FALSE
"A4.80.20221113.00928_S21","16S_AW_Butterfly_Peru_bees","A4_80_20221113_00928","Bees",NA,"A4_bees_3","G1",10,"928","sample","Bees","","Andrea","Hymenoptera","Apidae","Apinae","Euglossini","Euglossa","Euglossa","","","Paucartambo","Tono","Peru","","20221113",NA,NA,NA,NA,NA,"","","80",800,20.98124543,"-12.94743 S","-71.53178 W","Paucartambo","","Kosnipata","forest, closed canopy, river nerby",NA,NA,NA,NA,NA,"","","","","","","Euglossini","","","",NA,"",1100,"Tono","netting","Apidae","Euglossa","Euglossa_fuscifrons","Euglossa","Euglossa","Euglossa","A4_80_20221113_00928",FALSE,FALSE
"A4.80.20221113.00934_S24","16S_AW_Butterfly_Peru_bees","A4_80_20221113_00934","Bees",NA,"A4_bees_3","G7",10,"934","sample","Bees","","Andrea","Hymenoptera","Apidae","Apinae","Meliponini","Plebeia","Plebeia","","","Paucartambo","Tono","Peru","","20221113",NA,NA,NA,NA,NA,"","","80",800,20.98124543,"-12.94743 S","-71.53178 W","Paucartambo","","Kosnipata","forest, closed canopy, river nerby",NA,NA,NA,NA,NA,"","","","","","","Meliponini","","","",NA,"",1100,"Tono","netting","Apidae","Plebeia","Plebeia_frontalis","Plebeia","Plebeia","Plebeia","A4_80_20221113_00934",FALSE,FALSE
"A4.80.20221113.00935_S25","16S_AW_Butterfly_Peru_bees","A4_80_20221113_00935","Bees",NA,"A4_bees_3","G8",10,"935","sample","Bees","","Andrea","Hymenoptera","Apidae","Apinae","Meliponini","Plebeia","Plebeia","","","Paucartambo","Tono","Peru","","20221113",NA,NA,NA,NA,NA,"","","80",800,20.98124543,"-12.94743 S","-71.53178 W","Paucartambo","","Kosnipata","forest, closed canopy, river nerby",NA,NA,NA,NA,NA,"","","","","","","Meliponini","","","",NA,"",1100,"Tono","netting","Apidae","Plebeia","Plebeia_frontalis","Plebeia","Plebeia","Plebeia","A4_80_20221113_00935",FALSE,FALSE
"A4.80.20221113.00936_S26","16S_AW_Butterfly_Peru_bees","A4_80_20221113_00936","Bees",NA,"A4_bees_3","G9",10,"936","sample","Bees","","Andrea","Hymenoptera","Apidae","Apinae","Meliponini","Scaura","Scaura","","","Paucartambo","Tono","Peru","","20221113",NA,NA,NA,NA,NA,"","","80",800,20.98124543,"-12.94743 S","-71.53178 W","Paucartambo","","Kosnipata","forest, closed canopy, river nerby",NA,NA,NA,NA,NA,"","","","","","","Meliponini","","","",NA,"",1100,"Tono","netting","Apidae","Scaura","Scaura_latitarsis","Scaura","Scaura latitarsis","Scaura","A4_80_20221113_00936",FALSE,FALSE
"A4.80.20221113.00937_S27","16S_AW_Butterfly_Peru_bees","A4_80_20221113_00937","Bees",NA,"A4_bees_3","G10",10,"937","sample","Bees","","Andrea","Hymenoptera","Apidae","Apinae","Meliponini","Plebeia","Plebeia","","","Paucartambo","Tono","Peru","","20221113",NA,NA,NA,NA,NA,"","","80",800,20.98124543,"-12.94743 S","-71.53178 W","Paucartambo","","Kosnipata","forest, closed canopy, river nerby",NA,NA,NA,NA,NA,"","","","","","","Meliponini","","","",NA,"",1100,"Tono","netting","Apidae","Plebeia","Plebeia_frontalis","Plebeia","Plebeia","Plebeia","A4_80_20221113_00937",FALSE,FALSE
"A4.80.20221113.00938_S28","16S_AW_Butterfly_Peru_bees","A4_80_20221113_00938","Bees",NA,"A4_bees_3","G11",10,"938","sample","Bees","","Andrea","Hymenoptera","Apidae","Apinae","Meliponini","Trigona","Trigona","","","Paucartambo","Tono","Peru","","20221113",NA,NA,NA,NA,NA,"","","80",800,20.98124543,"-12.94743 S","-71.53178 W","Paucartambo","","Kosnipata","forest, closed canopy, river nerby",NA,NA,NA,NA,NA,"","","","","","","Meliponini","","","",NA,"",1100,"Tono","netting","Apidae","","",NA,"Trigona","Trigona","A4_80_20221113_00938",FALSE,FALSE
"A4.80.20221113.00939_S29","16S_AW_Butterfly_Peru_bees","A4_80_20221113_00939","Bees",NA,"A4_bees_3","G12",10,"939","sample","Bees","","Andrea","Hymenoptera","Apidae","Apinae","Meliponini","Trigona","Trigona","","","Paucartambo","Tono","Peru","","20221113",NA,NA,NA,NA,NA,"","","80",800,20.98124543,"-12.94743 S","-71.53178 W","Paucartambo","","Kosnipata","forest, closed canopy, river nerby",NA,NA,NA,NA,NA,"","","","","","","Meliponini","","","",NA,"",1100,"Tono","netting","Apidae","","",NA,"Trigona","Trigona","A4_80_20221113_00939",FALSE,FALSE
"A4.80.20221113.00940_S31","16S_AW_Butterfly_Peru_bees","A4_80_20221113_00940","Bees",NA,"A4_bees_3","H1",10,"940","sample","Bees","","Andrea","Hymenoptera","Apidae","Apinae","Meliponini","Trigona","Trigona","","","Paucartambo","Tono","Peru","","20221113",NA,NA,NA,NA,NA,"","","80",800,20.98124543,"-12.94743 S","-71.53178 W","Paucartambo","","Kosnipata","forest, closed canopy, river nerby",NA,NA,NA,NA,NA,"","","","","","","Meliponini","","","",NA,"",1100,"Tono","netting","Apidae","","",NA,"Trigona","Trigona","A4_80_20221113_00940",FALSE,FALSE
"A4.80.20221113.00941_S32","16S_AW_Butterfly_Peru_bees","A4_80_20221113_00941","Bees",NA,"A4_bees_3","H2",10,"941","sample","Bees","","Andrea","Hymenoptera","Apidae","Apinae","Meliponini","Trigona","Trigona","","","Paucartambo","Tono","Peru","","20221113",NA,NA,NA,NA,NA,"","","80",800,20.98124543,"-12.94743 S","-71.53178 W","Paucartambo","","Kosnipata","forest, closed canopy, river nerby",NA,NA,NA,NA,NA,"","","","","","","Meliponini","","","",NA,"",1100,"Tono","netting","Apidae","","",NA,"Trigona","Trigona","A4_80_20221113_00941",FALSE,FALSE
"A4.80.20221113.00942_S33","16S_AW_Butterfly_Peru_bees","A4_80_20221113_00942","Bees",NA,"A4_bees_3","H3",10,"942","sample","Bees","","Andrea","Hymenoptera","Apidae","Apinae","Meliponini","Trigona","Trigona","","","Paucartambo","Tono","Peru","","20221113",NA,NA,NA,NA,NA,"","","80",800,20.98124543,"-12.94743 S","-71.53178 W","Paucartambo","","Kosnipata","forest, closed canopy, river nerby",NA,NA,NA,NA,NA,"","","","","","","Meliponini","","","",NA,"",1100,"Tono","netting","Apidae","","",NA,"Trigona","Trigona","A4_80_20221113_00942",FALSE,FALSE
"A4.80.20221113.00943_S34","16S_AW_Butterfly_Peru_bees","A4_80_20221113_00943","Bees",NA,"A4_bees_3","H4",10,"943","sample","Bees","","Andrea","Hymenoptera","Apidae","Apinae","Meliponini","Cephalotrigona","Cephalotrigona","","","Paucartambo","Tono","Peru","","20221113",NA,NA,NA,NA,NA,"","","80",800,20.98124543,"-12.94743 S","-71.53178 W","Paucartambo","","Kosnipata","forest, closed canopy, river nerby",NA,NA,NA,NA,NA,"","","","","","","Meliponini","","","",NA,"",1100,"Tono","netting","Apidae","Cephalotrigona","Cephalotrigona_zexmeniae","Cephalotrigona","Cephalotrigona","Cephalotrigona","A4_80_20221113_00943",FALSE,FALSE
"A4.80.20221113.00944_S35","16S_AW_Butterfly_Peru_bees","A4_80_20221113_00944","Bees",NA,"A4_bees_3","H5",10,"944","sample","Bees","","Andrea","Hymenoptera","Apidae","Apinae","Meliponini","Cephalotrigona","Cephalotrigona","","","Paucartambo","Tono","Peru","","20221113",NA,NA,NA,NA,NA,"","","80",800,20.98124543,"-12.94743 S","-71.53178 W","Paucartambo","","Kosnipata","forest, closed canopy, river nerby",NA,NA,NA,NA,NA,"","","","","","","Meliponini","","","",NA,"",1100,"Tono","netting","Apidae","Cephalotrigona","Cephalotrigona_zexmeniae","Cephalotrigona","Cephalotrigona","Cephalotrigona","A4_80_20221113_00944",FALSE,FALSE
"A4.80.20221113.00945_S36","16S_AW_Butterfly_Peru_bees","A4_80_20221113_00945","Bees",NA,"A4_bees_3","H6",10,"945","sample","Bees","","Andrea","Hymenoptera","Apidae","Apinae","Meliponini","Meliponini","Meliponini","","","Paucartambo","Tono","Peru","","20221113",NA,NA,NA,NA,NA,"","","80",800,20.98124543,"-12.94743 S","-71.53178 W","Paucartambo","","Kosnipata","forest, closed canopy, river nerby",NA,NA,NA,NA,NA,"","","","","","","Meliponini","","","",NA,"",1100,"Tono","netting",NA,NA,NA,NA,"Meliponini","Meliponini","A4_80_20221113_00945",FALSE,FALSE
"A4.80.20221113.00946_S37","16S_AW_Butterfly_Peru_bees","A4_80_20221113_00946","Bees",NA,"A4_bees_3","H7",10,"946","sample","Bees","","Andrea","Hymenoptera","Apidae","Apinae","Meliponini","Trigona","Trigona","","","Paucartambo","Tono","Peru","","20221113",NA,NA,NA,NA,NA,"","","80",800,20.98124543,"-12.94743 S","-71.53178 W","Paucartambo","","Kosnipata","forest, closed canopy, river nerby",NA,NA,NA,NA,NA,"","","","","","","Meliponini","","","",NA,"",1100,"Tono","netting","Apidae","","",NA,"Trigona","Trigona","A4_80_20221113_00946",FALSE,FALSE
"A4.80.20221113.00947_S38","16S_AW_Butterfly_Peru_bees","A4_80_20221113_00947","Bees",NA,"A4_bees_3","H8",10,"947","sample","Bees","","Andrea","Hymenoptera","Apidae","Apinae","Meliponini","Trigona","Trigona","","","Paucartambo","Tono","Peru","","20221113",NA,NA,NA,NA,NA,"","","80",800,20.98124543,"-12.94743 S","-71.53178 W","Paucartambo","","Kosnipata","forest, closed canopy, river nerby",NA,NA,NA,NA,NA,"","","","","","","Meliponini","","","",NA,"",1100,"Tono","netting","Apidae","","",NA,"Trigona","Trigona","A4_80_20221113_00947",FALSE,FALSE
"A4.80.20221113.00948_S39","16S_AW_Butterfly_Peru_bees","A4_80_20221113_00948","Bees",NA,"A4_bees_3","H9",10,"948","sample","Bees","","Andrea","Hymenoptera","Apidae","Apinae","Meliponini","Scaura","Scaura","","","Paucartambo","Tono","Peru","","20221113",NA,NA,NA,NA,NA,"","","80",800,20.98124543,"-12.94743 S","-71.53178 W","Paucartambo","","Kosnipata","forest, closed canopy, river nerby",NA,NA,NA,NA,NA,"","","","","","","Meliponini","","","",NA,"",1100,"Tono","netting","Apidae","Scaura","Scaura_latitarsis","Scaura","Scaura latitarsis","Scaura","A4_80_20221113_00948",FALSE,FALSE
"A4.80.20221113.00949_S40","16S_AW_Butterfly_Peru_bees","A4_80_20221113_00949","Bees",NA,"A4_bees_3","H10",10,"949","sample","Bees","","Andrea","Hymenoptera","Apidae","Apinae","Meliponini","Trigona","Trigona","","","Paucartambo","Tono","Peru","","20221113",NA,NA,NA,NA,NA,"","","80",800,20.98124543,"-12.94743 S","-71.53178 W","Paucartambo","","Kosnipata","forest, closed canopy, river nerby",NA,NA,NA,NA,NA,"","","","","","","Meliponini","","","",NA,"",1100,"Tono","netting","Apidae","Trigona","","Trigona","Trigona","Trigona","A4_80_20221113_00949",FALSE,FALSE
"A4.80.20221113.00950_S41","16S_AW_Butterfly_Peru_bees","A4_80_20221113_00950","Bees",NA,"A4_bees_3","H11",10,"950","sample","Bees","","Andrea","Hymenoptera","Apidae","Apinae","Meliponini","Meliponini","Meliponini","","","Paucartambo","Tono","Peru","","20221113",NA,NA,NA,NA,NA,"","","80",800,20.98124543,"-12.94743 S","-71.53178 W","Paucartambo","","Kosnipata","forest, closed canopy, river nerby",NA,NA,NA,NA,NA,"","","","","","","Meliponini","","","",NA,"",1100,"Tono","netting",NA,NA,NA,NA,"Meliponini","Meliponini","A4_80_20221113_00950",FALSE,FALSE
"A4.80.20221113.00951_S42","16S_AW_Butterfly_Peru_bees","A4_80_20221113_00951","Bees",NA,"A4_bees_3","A1",11,"951","sample","Bees","","Andrea","Hymenoptera","Apidae","Apinae","Meliponini","Trigonisca","Trigonisca","","","Paucartambo","Tono","Peru","","20221113",NA,NA,NA,NA,NA,"","","80",800,20.98124543,"-12.94743 S","-71.53178 W","Paucartambo","","Kosnipata","forest, closed canopy, river nerby",NA,NA,NA,NA,NA,"","","","","","","Meliponini","","","",NA,"",1100,"Tono","netting","Apidae","Dolichotrigona","","Dolichotrigona","Trigonisca","Trigonisca","A4_80_20221113_00951",FALSE,FALSE
"A4.80.20221113.00952_S44","16S_AW_Butterfly_Peru_bees","A4_80_20221113_00952","Bees",NA,"A4_bees_3","A2",11,"952","sample","Bees","","Andrea","Hymenoptera","Apidae","Apinae","Meliponini","Trigonisca","Trigonisca","","","Paucartambo","Tono","Peru","","20221113",NA,NA,NA,NA,NA,"","","80",800,20.98124543,"-12.94743 S","-71.53178 W","Paucartambo","","Kosnipata","forest, closed canopy, river nerby",NA,NA,NA,NA,NA,"","","","","","","Meliponini","","","",NA,"",1100,"Tono","netting","Apidae","Dolichotrigona","","Dolichotrigona","Trigonisca","Trigonisca","A4_80_20221113_00952",FALSE,FALSE
"A4.80.20221113.00953_S45","16S_AW_Butterfly_Peru_bees","A4_80_20221113_00953","Bees",NA,"A4_bees_3","A3",11,"953","sample","Bees","","Andrea","Hymenoptera","Halictidae","Halictinae","Halictinae","Halictinae","Halictidae_diurnal","","","Paucartambo","Tono","Peru","","20221113",NA,NA,NA,NA,NA,"","","80",800,20.98124543,"-12.94743 S","-71.53178 W","Paucartambo","","Kosnipata","forest, closed canopy, river nerby",NA,NA,NA,NA,NA,"","","","","","","Halictidae_diurnal","","","",NA,"",1100,"Tono","netting",NA,NA,NA,NA,"Halictidae_diurnal","Halictidae_diurnal","A4_80_20221113_00953",FALSE,FALSE
"A4.80.20221113.00954_S46","16S_AW_Butterfly_Peru_bees","A4_80_20221113_00954","Bees",NA,"A4_bees_3","A4",11,"954","sample","Bees","","Andrea","Hymenoptera","Halictidae","Halictinae","Halictinae","Halictinae","Halictidae_diurnal","","","Paucartambo","Tono","Peru","","20221113",NA,NA,NA,NA,NA,"","","80",800,20.98124543,"-12.94743 S","-71.53178 W","Paucartambo","","Kosnipata","forest, closed canopy, river nerby",NA,NA,NA,NA,NA,"","","","","","","Halictidae_diurnal","","","",NA,"",1100,"Tono","netting",NA,NA,NA,NA,"Halictidae_diurnal","Halictidae_diurnal","A4_80_20221113_00954",FALSE,FALSE
"A4.80.20221113.00955_S47","16S_AW_Butterfly_Peru_bees","A4_80_20221113_00955","Bees",NA,"A4_bees_3","A5",11,"955","sample","Bees","","Andrea","Hymenoptera","Halictidae","Halictinae","Augochlorini","Augochloropsis","Augochloropsis","","","Paucartambo","Tono","Peru","","20221113",NA,NA,NA,NA,NA,"","","80",800,20.98124543,"-12.94743 S","-71.53178 W","Paucartambo","","Kosnipata","forest, closed canopy, river nerby",NA,NA,NA,NA,NA,"","","","","","","Halictidae_diurnal","","","",NA,"",1100,"Tono","netting","","","",NA,"Augochloropsis","Augochloropsis","A4_80_20221113_00955",FALSE,FALSE
"A4.80.20221113.00958_S50","16S_AW_Butterfly_Peru_bees","A4_80_20221113_00958","Bees",NA,"A4_bees_3","A8",11,"958","sample","Bees","","Andrea","Hymenoptera","Halictidae","Halictinae","Halictinae","Halictinae","Halictidae_diurnal","","","Paucartambo","Tono","Peru","","20221113",NA,NA,NA,NA,NA,"","","80",800,20.98124543,"-12.94743 S","-71.53178 W","Paucartambo","","Kosnipata","forest, closed canopy, river nerby",NA,NA,NA,NA,NA,"","","","","","","Halictidae_diurnal","","","",NA,"",1100,"Tono","netting",NA,NA,NA,NA,"Halictidae_diurnal","Halictidae_diurnal","A4_80_20221113_00958",FALSE,FALSE
"A4.80.20221113.00959_S51","16S_AW_Butterfly_Peru_bees","A4_80_20221113_00959","Bees",NA,"A4_bees_3","A9",11,"959","sample","Bees","","Andrea","Hymenoptera","Halictidae","Halictinae","Halictinae","Halictinae","Halictidae_diurnal","","","Paucartambo","Tono","Peru","","20221113",NA,NA,NA,NA,NA,"","","80",800,20.98124543,"-12.94743 S","-71.53178 W","Paucartambo","","Kosnipata","forest, closed canopy, river nerby",NA,NA,NA,NA,NA,"","","","","","","Halictidae_diurnal","","","",NA,"",1100,"Tono","netting",NA,NA,NA,NA,"Halictidae_diurnal","Halictidae_diurnal","A4_80_20221113_00959",FALSE,FALSE
"A4.80.20221113.00960_S52","16S_AW_Butterfly_Peru_bees","A4_80_20221113_00960","Bees",NA,"A4_bees_3","A10",11,"960","sample","Bees","","Andrea","Hymenoptera","Halictidae","Halictinae","Halictinae","Halictinae","Halictidae_diurnal","","","Paucartambo","Tono","Peru","","20221113",NA,NA,NA,NA,NA,"","","80",800,20.98124543,"-12.94743 S","-71.53178 W","Paucartambo","","Kosnipata","forest, closed canopy, river nerby",NA,NA,NA,NA,NA,"","","","","","","Halictidae_diurnal","","","",NA,"",1100,"Tono","netting",NA,NA,NA,NA,"Halictidae_diurnal","Halictidae_diurnal","A4_80_20221113_00960",FALSE,FALSE
"A4.80.20221113.00961_S53","16S_AW_Butterfly_Peru_bees","A4_80_20221113_00961","Bees",NA,"A4_bees_3","A11",11,"961","sample","Bees","","Andrea","Hymenoptera","Halictidae","Halictinae","Halictinae","Halictinae","Halictidae_diurnal","","","Paucartambo","Tono","Peru","","20221113",NA,NA,NA,NA,NA,"","","80",800,20.98124543,"-12.94743 S","-71.53178 W","Paucartambo","","Kosnipata","forest, closed canopy, river nerby",NA,NA,NA,NA,NA,"","","","","","","Halictidae_diurnal","","","",NA,"",1100,"Tono","netting",NA,NA,NA,NA,"Halictidae_diurnal","Halictidae_diurnal","A4_80_20221113_00961",FALSE,FALSE
"A4.la.20221123.01342_S374","16S_AW_Butterfly_Peru_bees","A4_la_20221123_01342","Bees",NA,"A4_bees_4","A12",15,"1342","sample","Bees","","Andrea","Hymenoptera","Apidae","Apinae","Bombini","Bombus","Bombus","","","Madre de Dios","Los Amigos Biological field station","Peru","","20221123",NA,NA,NA,NA,NA,"","","la",275,23.85607989,"-12.5693 S","-70.10027 W","Madre de Dios","","Manu","Human settlement or closeby, open canopy, river nerby",NA,NA,NA,NA,NA,"","","","","","","Bombus","","","",NA,"",1100,"Los Amigos Biological field station","netting","Apidae","Bombus","Bombus transversalis","Bombus","Bombus transversalis","Bombus","A4_la_20221123_01342",FALSE,FALSE
"A4.la.20221127.01076_S140","16S_AW_Butterfly_Peru_bees","A4_la_20221127_01076","Bees",NA,"A4_bees_3","C7",12,"1076","sample","Bees","","Andrea","Hymenoptera","Apidae","Apinae","Meliponini","Meliponini","Meliponini","","","Madre de Dios","Los Amigos Biological field station","Peru","","20221127",NA,NA,NA,NA,NA,"","","la",275,23.85607989,"-12.5693 S","-70.10027 W","Madre de Dios","","Manu","Human settlement or closeby, open canopy, river nerby",NA,NA,NA,NA,NA,"","","","","","","Meliponini","","","",NA,"",8000,"Los Amigos Biological field station","netting",NA,NA,NA,NA,"Meliponini","Meliponini","A4_la_20221127_01076",FALSE,FALSE
"A4.la.20221127.01077_S141","16S_AW_Butterfly_Peru_bees","A4_la_20221127_01077","Bees",NA,"A4_bees_3","C8",12,"1077","sample","Bees","","Andrea","Hymenoptera","Apidae","Apinae","Apini","Apis","Apis","","","Madre de Dios","Los Amigos Biological field station","Peru","","20221127",NA,NA,NA,NA,NA,"","","la",275,23.85607989,"-12.5693 S","-70.10027 W","Madre de Dios","","Manu","Human settlement or closeby, open canopy, river nerby",NA,NA,NA,NA,NA,"","","","","","","Apis","","","",NA,"",8000,"Los Amigos Biological field station","netting","Apidae","Apis","Apis melifera","Apis","Apis melifera","Apis","A4_la_20221127_01077",FALSE,FALSE
"A4.la.20221127.01078_S142","16S_AW_Butterfly_Peru_bees","A4_la_20221127_01078","Bees",NA,"A4_bees_3","C9",12,"1078","sample","Bees","","Andrea","Hymenoptera","Halictidae","Halictinae","Halictinae","Halictinae","Halictidae_diurnal","","","Madre de Dios","Los Amigos Biological field station","Peru","","20221127",NA,NA,NA,NA,NA,"","","la",275,23.85607989,"-12.5693 S","-70.10027 W","Madre de Dios","","Manu","Human settlement or closeby, open canopy, river nerby",NA,NA,NA,NA,NA,"","","","","","","Halictidae_diurnal","","","",NA,"",8000,"Los Amigos Biological field station","netting","","","",NA,"Halictidae_diurnal","Halictidae_diurnal","A4_la_20221127_01078",FALSE,FALSE
"A4.la.20221127.01118_S157","16S_AW_Butterfly_Peru_bees","A4_la_20221127_01118","Bees",NA,"A4_bees_3","G1",12,"1118","sample","Bees","","Andrea","Hymenoptera","Apidae","Apinae","Apini","Apis","Apis","","","Madre de Dios","Los Amigos Biological field station","Peru","","20221127",NA,NA,NA,NA,NA,"","","la",275,23.85607989,"-12.5693 S","-70.10027 W","Madre de Dios","","Manu","Human settlement or closeby, open canopy, river nerby",NA,NA,NA,NA,NA,"","","","","","","Apis","","","",NA,"",8000,"Los Amigos Biological field station","netting","Apidae","Apis","Apis melifera","Apis","Apis melifera","Apis","A4_la_20221127_01118",FALSE,FALSE
"A4.la.20221127.01119_S158","16S_AW_Butterfly_Peru_bees","A4_la_20221127_01119","Bees",NA,"A4_bees_3","G2",12,"1119","sample","Bees","","Andrea","Hymenoptera","Apidae","Apinae","Apini","Apis","Apis","","","Madre de Dios","Los Amigos Biological field station","Peru","","20221127",NA,NA,NA,NA,NA,"","","la",275,23.85607989,"-12.5693 S","-70.10027 W","Madre de Dios","","Manu","Human settlement or closeby, open canopy, river nerby",NA,NA,NA,NA,NA,"","","","","","","Apis","","","",NA,"",8000,"Los Amigos Biological field station","netting","Apidae","Apis","Apis melifera","Apis","Apis melifera","Apis","A4_la_20221127_01119",FALSE,FALSE
"A4.la.20221127.01120_S159","16S_AW_Butterfly_Peru_bees","A4_la_20221127_01120","Bees",NA,"A4_bees_3","G3",12,"1120","sample","Bees","","Andrea","Hymenoptera","Apidae","Apinae","Apini","Apis","Apis","","","Madre de Dios","Los Amigos Biological field station","Peru","","20221127",NA,NA,NA,NA,NA,"","","la",275,23.85607989,"-12.5693 S","-70.10027 W","Madre de Dios","","Manu","Human settlement or closeby, open canopy, river nerby",NA,NA,NA,NA,NA,"","","","","","","Apis","","","",NA,"",8000,"Los Amigos Biological field station","netting","Apidae","Apis","Apis melifera","Apis","Apis melifera","Apis","A4_la_20221127_01120",FALSE,FALSE
"A4.la.20221127.01121_S161","16S_AW_Butterfly_Peru_bees","A4_la_20221127_01121","Bees",NA,"A4_bees_3","G4",12,"1121","sample","Bees","","Andrea","Hymenoptera","Apidae","Apinae","Apini","Apis","Apis","","","Madre de Dios","Los Amigos Biological field station","Peru","","20221127",NA,NA,NA,NA,NA,"","","la",275,23.85607989,"-12.5693 S","-70.10027 W","Madre de Dios","","Manu","Human settlement or closeby, open canopy, river nerby",NA,NA,NA,NA,NA,"","","","","","","Apis","","","",NA,"",8000,"Los Amigos Biological field station","netting","Apidae","Apis","Apis melifera","Apis","Apis melifera","Apis","A4_la_20221127_01121",FALSE,FALSE
"A4.la.20221127.01122_S162","16S_AW_Butterfly_Peru_bees","A4_la_20221127_01122","Bees",NA,"A4_bees_3","G5",12,"1122","sample","Bees","","Andrea","Hymenoptera","Apidae","Apinae","Meliponini","Scaptotrigona","Scaptotrigona","","","Madre de Dios","Los Amigos Biological field station","Peru","","20221127",NA,NA,NA,NA,NA,"","","la",275,23.85607989,"-12.5693 S","-70.10027 W","Madre de Dios","","Manu","Human settlement or closeby, open canopy, river nerby",NA,NA,NA,NA,NA,"","","","","","","Meliponini","","","",NA,"",8000,"Los Amigos Biological field station","netting","Apidae","Scaptotrigona","Scaptotrigona postica","Scaptotrigona","Scaptotrigona postica","Scaptotrigona","A4_la_20221127_01122",FALSE,FALSE
"A4.la.20221127.01123_S163","16S_AW_Butterfly_Peru_bees","A4_la_20221127_01123","Bees",NA,"A4_bees_3","G6",12,"1123","sample","Bees","","Andrea","Hymenoptera","Apidae","Apinae","Meliponini","Scaptotrigona","Scaptotrigona","","","Madre de Dios","Los Amigos Biological field station","Peru","","20221127",NA,NA,NA,NA,NA,"","","la",275,23.85607989,"-12.5693 S","-70.10027 W","Madre de Dios","","Manu","Human settlement or closeby, open canopy, river nerby",NA,NA,NA,NA,NA,"","","","","","","Meliponini","","","",NA,"",8000,"Los Amigos Biological field station","netting","Apidae","Scaptotrigona","Scaptotrigona_postica","Scaptotrigona","Scaptotrigona postica","Scaptotrigona","A4_la_20221127_01123",FALSE,FALSE
"A4.la.20221127.01124_S164","16S_AW_Butterfly_Peru_bees","A4_la_20221127_01124","Bees",NA,"A4_bees_3","G7",12,"1124","sample","Bees","","Andrea","Hymenoptera","Apidae","Apinae","Meliponini","Scaptotrigona","Scaptotrigona","","","Madre de Dios","Los Amigos Biological field station","Peru","","20221127",NA,NA,NA,NA,NA,"","","la",275,23.85607989,"-12.5693 S","-70.10027 W","Madre de Dios","","Manu","Human settlement or closeby, open canopy, river nerby",NA,NA,NA,NA,NA,"","","","","","","Meliponini","","","",NA,"",8000,"Los Amigos Biological field station","netting","Apidae","Scaptotrigona","Scaptotrigona_postica","Scaptotrigona","Scaptotrigona postica","Scaptotrigona","A4_la_20221127_01124",FALSE,FALSE
"A4.la.20221127.01125_S165","16S_AW_Butterfly_Peru_bees","A4_la_20221127_01125","Bees",NA,"A4_bees_3","G8",12,"1125","sample","Bees","","Andrea","Hymenoptera","Apidae","Apinae","Meliponini","Trigona","Trigona","","","Madre de Dios","Los Amigos Biological field station","Peru","","20221127",NA,NA,NA,NA,NA,"","","la",275,23.85607989,"-12.5693 S","-70.10027 W","Madre de Dios","","Manu","Human settlement or closeby, open canopy, river nerby",NA,NA,NA,NA,NA,"","","","","","","Meliponini","","","",NA,"",8000,"Los Amigos Biological field station","netting","Apidae","Trigona","Trigona_amalthea","Trigona","Trigona","Trigona","A4_la_20221127_01125",FALSE,FALSE
"A4.la.20221127.01126_S166","16S_AW_Butterfly_Peru_bees","A4_la_20221127_01126","Bees",NA,"A4_bees_3","G9",12,"1126","sample","Bees","","Andrea","Hymenoptera","Apidae","Apinae","Meliponini","Trigona","Trigona","","","Madre de Dios","Los Amigos Biological field station","Peru","","20221127",NA,NA,NA,NA,NA,"","","la",275,23.85607989,"-12.5693 S","-70.10027 W","Madre de Dios","","Manu","Human settlement or closeby, open canopy, river nerby",NA,NA,NA,NA,NA,"","","","","","","Meliponini","","","",NA,"",8000,"Los Amigos Biological field station","netting","Apidae","Trigona","Trigona_amalthea","Trigona","Trigona","Trigona","A4_la_20221127_01126",FALSE,FALSE
"A4.la.20221127.01127_S167","16S_AW_Butterfly_Peru_bees","A4_la_20221127_01127","Bees",NA,"A4_bees_3","G10",12,"1127","sample","Bees","","Andrea","Hymenoptera","Apidae","Apinae","Meliponini","Trigona","Trigona","","","Madre de Dios","Los Amigos Biological field station","Peru","","20221127",NA,NA,NA,NA,NA,"","","la",275,23.85607989,"-12.5693 S","-70.10027 W","Madre de Dios","","Manu","Human settlement or closeby, open canopy, river nerby",NA,NA,NA,NA,NA,"","","","","","","Meliponini","","","",NA,"",8000,"Los Amigos Biological field station","netting","Apidae","Trigona","Trigona_amalthea","Trigona","Trigona","Trigona","A4_la_20221127_01127",FALSE,FALSE
"A4.la.20221127.01128_S168","16S_AW_Butterfly_Peru_bees","A4_la_20221127_01128","Bees",NA,"A4_bees_3","G11",12,"1128","sample","Bees","","Andrea","Hymenoptera","Apidae","Apinae","Meliponini","Trigona","Trigona","","","Madre de Dios","Los Amigos Biological field station","Peru","","20221127",NA,NA,NA,NA,NA,"","","la",275,23.85607989,"-12.5693 S","-70.10027 W","Madre de Dios","","Manu","Human settlement or closeby, open canopy, river nerby",NA,NA,NA,NA,NA,"","","","","","","Meliponini","","","",NA,"",8000,"Los Amigos Biological field station","netting","Apidae","Trigona","Trigona_amalthea","Trigona","Trigona","Trigona","A4_la_20221127_01128",FALSE,FALSE
"A4.la.20221127.01129_S170","16S_AW_Butterfly_Peru_bees","A4_la_20221127_01129","Bees",NA,"A4_bees_3","G12",12,"1129","sample","Bees","","Andrea","Hymenoptera","Apidae","Apinae","Meliponini","Trigona","Trigona","","","Madre de Dios","Los Amigos Biological field station","Peru","","20221127",NA,NA,NA,NA,NA,"","","la",275,23.85607989,"-12.5693 S","-70.10027 W","Madre de Dios","","Manu","Human settlement or closeby, open canopy, river nerby",NA,NA,NA,NA,NA,"","","","","","","Meliponini","","","",NA,"",8000,"Los Amigos Biological field station","netting","Apidae","Trigona","Trigona_amalthea","Trigona","Trigona","Trigona","A4_la_20221127_01129",FALSE,FALSE
"A4.la.20221127.01130_S171","16S_AW_Butterfly_Peru_bees","A4_la_20221127_01130","Bees",NA,"A4_bees_3","H1",12,"1130","sample","Bees","","Andrea","Hymenoptera","Apidae","Apinae","Meliponini","Trigona","Trigona","","","Madre de Dios","Los Amigos Biological field station","Peru","","20221127",NA,NA,NA,NA,NA,"","","la",275,23.85607989,"-12.5693 S","-70.10027 W","Madre de Dios","","Manu","Human settlement or closeby, open canopy, river nerby",NA,NA,NA,NA,NA,"","","","","","","Meliponini","","","",NA,"",8000,"Los Amigos Biological field station","netting","Apidae","Trigona","Trigona_NA","Trigona","Trigona","Trigona","A4_la_20221127_01130",FALSE,FALSE
"A4.la.20221127.01131_S172","16S_AW_Butterfly_Peru_bees","A4_la_20221127_01131","Bees",NA,"A4_bees_3","H2",12,"1131","sample","Bees","","Andrea","Hymenoptera","Apidae","Apinae","Meliponini","Plebeia","Plebeia","","","Madre de Dios","Los Amigos Biological field station","Peru","","20221127",NA,NA,NA,NA,NA,"","","la",275,23.85607989,"-12.5693 S","-70.10027 W","Madre de Dios","","Manu","Human settlement or closeby, open canopy, river nerby",NA,NA,NA,NA,NA,"","","","","","","Meliponini","","","",NA,"",8000,"Los Amigos Biological field station","netting","","","Oxytrigona_mediorufa","Oxytrigona","Plebeia","Plebeia","A4_la_20221127_01131",FALSE,FALSE
"A4.la.20221127.01132_S173","16S_AW_Butterfly_Peru_bees","A4_la_20221127_01132","Bees",NA,"A4_bees_3","H3",12,"1132","sample","Bees","","Andrea","Hymenoptera","Apidae","Apinae","Meliponini","Trigona","Trigona","","","Madre de Dios","Los Amigos Biological field station","Peru","","20221127",NA,NA,NA,NA,NA,"","","la",275,23.85607989,"-12.5693 S","-70.10027 W","Madre de Dios","","Manu","Human settlement or closeby, open canopy, river nerby",NA,NA,NA,NA,NA,"","","","","","","Meliponini","","","",NA,"",8000,"Los Amigos Biological field station","netting","Apidae","Trigona","Trigona_NA","Trigona","Trigona","Trigona","A4_la_20221127_01132",FALSE,FALSE
"A4.la.20221127.01133_S174","16S_AW_Butterfly_Peru_bees","A4_la_20221127_01133","Bees",NA,"A4_bees_3","H4",12,"1133","sample","Bees","","Andrea","Hymenoptera","Apidae","Apinae","Meliponini","Trigona","Trigona","","","Madre de Dios","Los Amigos Biological field station","Peru","","20221127",NA,NA,NA,NA,NA,"","","la",275,23.85607989,"-12.5693 S","-70.10027 W","Madre de Dios","","Manu","Human settlement or closeby, open canopy, river nerby",NA,NA,NA,NA,NA,"","","","","","","Meliponini","","","",NA,"",8000,"Los Amigos Biological field station","netting","Apidae","Trigona","Trigona_NA","Trigona","Trigona","Trigona","A4_la_20221127_01133",FALSE,FALSE
"A4.la.20221127.01134_S175","16S_AW_Butterfly_Peru_bees","A4_la_20221127_01134","Bees",NA,"A4_bees_3","H5",12,"1134","sample","Bees","","Andrea","Hymenoptera","Apidae","Apinae","Meliponini","Trigona","Trigona","","","Madre de Dios","Los Amigos Biological field station","Peru","","20221127",NA,NA,NA,NA,NA,"","","la",275,23.85607989,"-12.5693 S","-70.10027 W","Madre de Dios","","Manu","Human settlement or closeby, open canopy, river nerby",NA,NA,NA,NA,NA,"","","","","","","Meliponini","","","",NA,"",8000,"Los Amigos Biological field station","netting","Apidae","Frieseomelitta","Frieseomelitta_flavicornis","Frieseomelitta","Trigona","Trigona","A4_la_20221127_01134",FALSE,FALSE
"A4.la.20221127.01135_S176","16S_AW_Butterfly_Peru_bees","A4_la_20221127_01135","Bees",NA,"A4_bees_3","H6",12,"1135","sample","Bees","","Andrea","Hymenoptera","Apidae","Apinae","Meliponini","Trigona","Trigona","","","Madre de Dios","Los Amigos Biological field station","Peru","","20221127",NA,NA,NA,NA,NA,"","","la",275,23.85607989,"-12.5693 S","-70.10027 W","Madre de Dios","","Manu","Human settlement or closeby, open canopy, river nerby",NA,NA,NA,NA,NA,"","","","","","","Meliponini","","","",NA,"",8000,"Los Amigos Biological field station","netting","Apidae","Frieseomelitta","Frieseomelitta_flavicornis","Frieseomelitta","Trigona","Trigona","A4_la_20221127_01135",FALSE,FALSE
"A4.la.20221127.01136_S177","16S_AW_Butterfly_Peru_bees","A4_la_20221127_01136","Bees",NA,"A4_bees_3","H7",12,"1136","sample","Bees","","Andrea","Hymenoptera","Apidae","Apinae","Meliponini","Trigona","Trigona","","","Madre de Dios","Los Amigos Biological field station","Peru","","20221127",NA,NA,NA,NA,NA,"","","la",275,23.85607989,"-12.5693 S","-70.10027 W","Madre de Dios","","Manu","Human settlement or closeby, open canopy, river nerby",NA,NA,NA,NA,NA,"","","","","","","Meliponini","","","",NA,"",8000,"Los Amigos Biological field station","netting","Apidae","Frieseomelitta","Frieseomelitta_flavicornis","Frieseomelitta","Trigona","Trigona","A4_la_20221127_01136",FALSE,FALSE
"A4.la.20221127.01137_S178","16S_AW_Butterfly_Peru_bees","A4_la_20221127_01137","Bees",NA,"A4_bees_3","H8",12,"1137","sample","Bees","","Andrea","Hymenoptera","Apidae","Apinae","Meliponini","Trigona","Trigona","","","Madre de Dios","Los Amigos Biological field station","Peru","","20221127",NA,NA,NA,NA,NA,"","","la",275,23.85607989,"-12.5693 S","-70.10027 W","Madre de Dios","","Manu","Human settlement or closeby, open canopy, river nerby",NA,NA,NA,NA,NA,"","","","","","","Meliponini","","","",NA,"",8000,"Los Amigos Biological field station","netting","Apidae","Frieseomelitta","Frieseomelitta_flavicornis","Frieseomelitta","Trigona","Trigona","A4_la_20221127_01137",FALSE,FALSE
"A4.la.20221127.01138_S179","16S_AW_Butterfly_Peru_bees","A4_la_20221127_01138","Bees",NA,"A4_bees_3","H9",12,"1138","sample","Bees","","Andrea","Hymenoptera","Apidae","Apinae","Meliponini","Frieseomelitta","Frieseomelitta","","","Madre de Dios","Los Amigos Biological field station","Peru","","20221127",NA,NA,NA,NA,NA,"","","la",275,23.85607989,"-12.5693 S","-70.10027 W","Madre de Dios","","Manu","Human settlement or closeby, open canopy, river nerby",NA,NA,NA,NA,NA,"","","","","","","Meliponini","","","",NA,"",8000,"Los Amigos Biological field station","netting","Apidae","Frieseomelitta","Frieseomelitta_languida","Frieseomelitta","Frieseomelitta","Frieseomelitta","A4_la_20221127_01138",FALSE,FALSE
"A4.la.20221127.01139_S180","16S_AW_Butterfly_Peru_bees","A4_la_20221127_01139","Bees",NA,"A4_bees_3","H10",12,"1139","sample","Bees","","Andrea","Hymenoptera","Apidae","Apinae","Meliponini","Frieseomelitta","Frieseomelitta","","","Madre de Dios","Los Amigos Biological field station","Peru","","20221127",NA,NA,NA,NA,NA,"","","la",275,23.85607989,"-12.5693 S","-70.10027 W","Madre de Dios","","Manu","Human settlement or closeby, open canopy, river nerby",NA,NA,NA,NA,NA,"","","","","","","Meliponini","","","",NA,"",8000,"Los Amigos Biological field station","netting","Apidae","Frieseomelitta","Frieseomelitta_languida","Frieseomelitta","Frieseomelitta","Frieseomelitta","A4_la_20221127_01139",FALSE,FALSE
"A4.la.20221127.01140_S181","16S_AW_Butterfly_Peru_bees","A4_la_20221127_01140","Bees",NA,"A4_bees_3","H11",12,"1140","sample","Bees","","Andrea","Hymenoptera","Halictidae","Halictinae","Halictinae","Halictinae","Halictidae_diurnal","","","Madre de Dios","Los Amigos Biological field station","Peru","","20221127",NA,NA,NA,NA,NA,"","","la",275,23.85607989,"-12.5693 S","-70.10027 W","Madre de Dios","","Manu","Human settlement or closeby, open canopy, river nerby",NA,NA,NA,NA,NA,"","","","","","","Halictidae_diurnal","","","",NA,"",8000,"Los Amigos Biological field station","netting",NA,NA,NA,NA,"Halictidae_diurnal","Halictidae_diurnal","A4_la_20221127_01140",FALSE,FALSE
"A4.la.20221127.01144_S183","16S_AW_Butterfly_Peru_bees","A4_la_20221127_01144","Bees",NA,"A4_bees_4","A4",13,"1144","sample","Bees","","Andrea","Hymenoptera","Apidae","Apinae","Meliponini","Tetragona","Tetragona","","","Madre de Dios","Los Amigos Biological field station","Peru","","20221127",NA,NA,NA,NA,NA,"","","la",275,23.85607989,"-12.5693 S","-70.10027 W","Madre de Dios","","Manu","Human settlement or closeby, open canopy, river nerby",NA,NA,NA,NA,NA,"","","","","","","Meliponini","","","",NA,"",8000,"Los Amigos Biological field station","netting",NA,NA,NA,NA,"Tetragona","Tetragona","A4_la_20221127_01144",FALSE,FALSE
"A4.la.20221127.01145_S184","16S_AW_Butterfly_Peru_bees","A4_la_20221127_01145","Bees",NA,"A4_bees_4","A5",13,"1145","sample","Bees","","Andrea","Hymenoptera","Apidae","Apinae","Meliponini","Meliponini","Meliponini","","","Madre de Dios","Los Amigos Biological field station","Peru","","20221127",NA,NA,NA,NA,NA,"","","la",275,23.85607989,"-12.5693 S","-70.10027 W","Madre de Dios","","Manu","Human settlement or closeby, open canopy, river nerby",NA,NA,NA,NA,NA,"","","","","","","Meliponini","","","",NA,"",8000,"Los Amigos Biological field station","netting",NA,NA,NA,NA,"Meliponini","Meliponini","A4_la_20221127_01145",FALSE,FALSE
"A4.la.20221127.01146_S185","16S_AW_Butterfly_Peru_bees","A4_la_20221127_01146","Bees",NA,"A4_bees_4","A6",13,"1146","sample","Bees","","Andrea","Hymenoptera","Apidae","Apinae","Meliponini","Meliponini","Meliponini","","","Madre de Dios","Los Amigos Biological field station","Peru","","20221127",NA,NA,NA,NA,NA,"","","la",275,23.85607989,"-12.5693 S","-70.10027 W","Madre de Dios","","Manu","Human settlement or closeby, open canopy, river nerby",NA,NA,NA,NA,NA,"","","","","","","Meliponini","","","",NA,"",8000,"Los Amigos Biological field station","netting",NA,NA,NA," ","Meliponini","Meliponini","A4_la_20221127_01146",FALSE,FALSE
"A4.la.20221127.01148_S187","16S_AW_Butterfly_Peru_bees","A4_la_20221127_01148","Bees",NA,"A4_bees_4","A8",13,"1148","sample","Bees","","Andrea","Hymenoptera","Apidae","Apinae","Meliponini","Trigona","Trigona","","","Madre de Dios","Los Amigos Biological field station","Peru","","20221127",NA,NA,NA,NA,NA,"","","la",275,23.85607989,"-12.5693 S","-70.10027 W","Madre de Dios","","Manu","Human settlement or closeby, open canopy, river nerby",NA,NA,NA,NA,NA,"","","","","","","Meliponini","","","",NA,"",8000,"Los Amigos Biological field station","netting","Apidae","Trigona","","Trigona","Trigona","Trigona","A4_la_20221127_01148",FALSE,FALSE
"A4.la.20221127.01149_S188","16S_AW_Butterfly_Peru_bees","A4_la_20221127_01149","Bees",NA,"A4_bees_4","A9",13,"1149","sample","Bees","","Andrea","Hymenoptera","Apidae","Apinae","Meliponini","Trigona","Trigona","","","Madre de Dios","Los Amigos Biological field station","Peru","","20221127",NA,NA,NA,NA,NA,"","","la",275,23.85607989,"-12.5693 S","-70.10027 W","Madre de Dios","","Manu","Human settlement or closeby, open canopy, river nerby",NA,NA,NA,NA,NA,"","","","","","","Meliponini","","","",NA,"",8000,"Los Amigos Biological field station","netting","Apidae","Trigona","","Trigona","Trigona","Trigona","A4_la_20221127_01149",FALSE,FALSE
"A4.la.20221127.01150_S189","16S_AW_Butterfly_Peru_bees","A4_la_20221127_01150","Bees",NA,"A4_bees_4","A10",13,"1150","sample","Bees","","Andrea","Hymenoptera","Apidae","Apinae","Meliponini","Trigona","Trigona","","","Madre de Dios","Los Amigos Biological field station","Peru","","20221127",NA,NA,NA,NA,NA,"","","la",275,23.85607989,"-12.5693 S","-70.10027 W","Madre de Dios","","Manu","Human settlement or closeby, open canopy, river nerby",NA,NA,NA,NA,NA,"","","","","","","Meliponini","","","",NA,"",8000,"Los Amigos Biological field station","netting","Apidae","Trigona","","Trigona","Trigona","Trigona","A4_la_20221127_01150",FALSE,FALSE
"A4.la.20221127.01151_S190","16S_AW_Butterfly_Peru_bees","A4_la_20221127_01151","Bees",NA,"A4_bees_4","A11",13,"1151","sample","Bees","","Andrea","Hymenoptera","Apidae","Apinae","Meliponini","Trigona","Trigona","","","Madre de Dios","Los Amigos Biological field station","Peru","","20221127",NA,NA,NA,NA,NA,"","","la",275,23.85607989,"-12.5693 S","-70.10027 W","Madre de Dios","","Manu","Human settlement or closeby, open canopy, river nerby",NA,NA,NA,NA,NA,"","","","","","","Meliponini","","","",NA,"",8000,"Los Amigos Biological field station","netting","Apidae","Trigona","","Trigona","Trigona","Trigona","A4_la_20221127_01151",FALSE,FALSE
"A4.la.20221127.01152_S191","16S_AW_Butterfly_Peru_bees","A4_la_20221127_01152","Bees",NA,"A4_bees_4","A12",13,"1152","sample","Bees","","Andrea","Hymenoptera","Apidae","Apinae","Meliponini","Partamona","Partamona","","","Madre de Dios","Los Amigos Biological field station","Peru","","20221127",NA,NA,NA,NA,NA,"","","la",275,23.85607989,"-12.5693 S","-70.10027 W","Madre de Dios","","Manu","Human settlement or closeby, open canopy, river nerby",NA,NA,NA,NA,NA,"","","","","","","Meliponini","","","",NA,"",8000,"Los Amigos Biological field station","netting","Apidae","Melipona","Melipona_quadrifasciata","Melipona","Partamona","Partamona","A4_la_20221127_01152",FALSE,FALSE
"A4.la.20221127.01155_S196","16S_AW_Butterfly_Peru_bees","A4_la_20221127_01155","Bees",NA,"A4_bees_4","B3",13,"1155","sample","Bees","","Andrea","Hymenoptera","Apidae","Apinae","Meliponini","Scaptotrigona","Scaptotrigona","","","Madre de Dios","Los Amigos Biological field station","Peru","","20221127",NA,NA,NA,NA,NA,"","","la",275,23.85607989,"-12.5693 S","-70.10027 W","Madre de Dios","","Manu","Human settlement or closeby, open canopy, river nerby",NA,NA,NA,NA,NA,"","","","","","","Meliponini","","","",NA,"",8000,"Los Amigos Biological field station","netting","Apidae","Scaptotrigona","Scaptotrigona_mexicana","Scaptotrigona","Scaptotrigona","Scaptotrigona","A4_la_20221127_01155",FALSE,FALSE
"A4.la.20221127.01156_S197","16S_AW_Butterfly_Peru_bees","A4_la_20221127_01156","Bees",NA,"A4_bees_4","B4",13,"1156","sample","Bees","","Andrea","Hymenoptera","Apidae","Apinae","Meliponini","Scaptotrigona","Scaptotrigona","","","Madre de Dios","Los Amigos Biological field station","Peru","","20221127",NA,NA,NA,NA,NA,"","","la",275,23.85607989,"-12.5693 S","-70.10027 W","Madre de Dios","","Manu","Human settlement or closeby, open canopy, river nerby",NA,NA,NA,NA,NA,"","","","","","","Meliponini","","","",NA,"",8000,"Los Amigos Biological field station","netting","Apidae","Scaptotrigona","Scaptotrigona_mexicana","Scaptotrigona","Scaptotrigona","Scaptotrigona","A4_la_20221127_01156",FALSE,FALSE
"A4.la.20221127.01157_S198","16S_AW_Butterfly_Peru_bees","A4_la_20221127_01157","Bees",NA,"A4_bees_4","B5",13,"1157","sample","Bees","","Andrea","Hymenoptera","Apidae","Apinae","Meliponini","Scaptotrigona","Scaptotrigona","","","Madre de Dios","Los Amigos Biological field station","Peru","","20221127",NA,NA,NA,NA,NA,"","","la",275,23.85607989,"-12.5693 S","-70.10027 W","Madre de Dios","","Manu","Human settlement or closeby, open canopy, river nerby",NA,NA,NA,NA,NA,"","","","","","","Meliponini","","","",NA,"",8000,"Los Amigos Biological field station","netting","Apidae","Scaptotrigona","Scaptotrigona_mexicana","Scaptotrigona","Scaptotrigona","Scaptotrigona","A4_la_20221127_01157",FALSE,FALSE
"A4.la.20221127.01158_S199","16S_AW_Butterfly_Peru_bees","A4_la_20221127_01158","Bees",NA,"A4_bees_4","B6",13,"1158","sample","Bees","","Andrea","Hymenoptera","Apidae","Apinae","Meliponini","Scaptotrigona","Scaptotrigona","","","Madre de Dios","Los Amigos Biological field station","Peru","","20221127",NA,NA,NA,NA,NA,"","","la",275,23.85607989,"-12.5693 S","-70.10027 W","Madre de Dios","","Manu","Human settlement or closeby, open canopy, river nerby",NA,NA,NA,NA,NA,"","","","","","","Meliponini","","","",NA,"",8000,"Los Amigos Biological field station","netting","Apidae","Scaptotrigona","Scaptotrigona_xanthotricha","Scaptotrigona","Scaptotrigona","Scaptotrigona","A4_la_20221127_01158",FALSE,FALSE
"A4.la.20221127.01159_S200","16S_AW_Butterfly_Peru_bees","A4_la_20221127_01159","Bees",NA,"A4_bees_4","B7",13,"1159","sample","Bees","","Andrea","Hymenoptera","Apidae","Apinae","Meliponini","Geotrigona","Geotrigona","","","Madre de Dios","Los Amigos Biological field station","Peru","","20221127",NA,NA,NA,NA,NA,"","","la",275,23.85607989,"-12.5693 S","-70.10027 W","Madre de Dios","","Manu","Human settlement or closeby, open canopy, river nerby",NA,NA,NA,NA,NA,"","","","","","","Meliponini","","","",NA,"",8000,"Los Amigos Biological field station","netting","Apidae","Geotrigona","Geotrigona_kraussi","Geotrigona","Geotrigona","Geotrigona","A4_la_20221127_01159",FALSE,FALSE
"A4.la.20221127.01161_S202","16S_AW_Butterfly_Peru_bees","A4_la_20221127_01161","Bees",NA,"A4_bees_4","B9",13,"1161","sample","Bees","","Andrea","Hymenoptera","Apidae","Apinae","Meliponini","Scaptotrigona","Scaptotrigona","","","Madre de Dios","Los Amigos Biological field station","Peru","","20221127",NA,NA,NA,NA,NA,"","","la",275,23.85607989,"-12.5693 S","-70.10027 W","Madre de Dios","","Manu","Human settlement or closeby, open canopy, river nerby",NA,NA,NA,NA,NA,"","","","","","","Meliponini","","","",NA,"",8000,"Los Amigos Biological field station","netting","","","",NA,"Scaptotrigona","Scaptotrigona","A4_la_20221127_01161",FALSE,FALSE
"A4.la.20221127.01162_S203","16S_AW_Butterfly_Peru_bees","A4_la_20221127_01162","Bees",NA,"A4_bees_4","B10",13,"1162","sample","Bees","","Andrea","Hymenoptera","Apidae","Apinae","Meliponini","Tetragona","Tetragona","","","Madre de Dios","Los Amigos Biological field station","Peru","","20221127",NA,NA,NA,NA,NA,"","","la",275,23.85607989,"-12.5693 S","-70.10027 W","Madre de Dios","","Manu","Human settlement or closeby, open canopy, river nerby",NA,NA,NA,NA,NA,"","","","","","","Meliponini","","","",NA,"",8000,"Los Amigos Biological field station","netting","Apidae","Tetragona","Tetragona_perangulata","Tetragona","Tetragona perangulata","Tetragona","A4_la_20221127_01162",FALSE,FALSE
"A4.la.20221127.01163_S204","16S_AW_Butterfly_Peru_bees","A4_la_20221127_01163","Bees",NA,"A4_bees_4","B11",13,"1163","sample","Bees","","Andrea","Hymenoptera","Apidae","Apinae","Meliponini","Frieseomelitta","Frieseomelitta","","","Madre de Dios","Los Amigos Biological field station","Peru","","20221127",NA,NA,NA,NA,NA,"","","la",275,23.85607989,"-12.5693 S","-70.10027 W","Madre de Dios","","Manu","Human settlement or closeby, open canopy, river nerby",NA,NA,NA,NA,NA,"","","","","","","Meliponini","","","",NA,"",8000,"Los Amigos Biological field station","netting","Apidae","Tetragonisca","Tetragonisca_fiebrigi","Tetragonisca","Frieseomelitta","Frieseomelitta","A4_la_20221127_01163",FALSE,FALSE
"A4.la.20221127.01164_S205","16S_AW_Butterfly_Peru_bees","A4_la_20221127_01164","Bees",NA,"A4_bees_4","B12",13,"1164","sample","Bees","","Andrea","Hymenoptera","Apidae","Apinae","Meliponini","Tetragona","Tetragona","","","Madre de Dios","Los Amigos Biological field station","Peru","","20221127",NA,NA,NA,NA,NA,"","","la",275,23.85607989,"-12.5693 S","-70.10027 W","Madre de Dios","","Manu","Human settlement or closeby, open canopy, river nerby",NA,NA,NA,NA,NA,"","","","","","","Meliponini","","","",NA,"",8000,"Los Amigos Biological field station","netting","Apidae","Tetragona","Tetragona_perangulata","Tetragona","Tetragona perangulata","Tetragona","A4_la_20221127_01164",FALSE,FALSE
"A4.la.20221127.01165_S206","16S_AW_Butterfly_Peru_bees","A4_la_20221127_01165","Bees",NA,"A4_bees_4","C1",13,"1165","sample","Bees","","Andrea","Hymenoptera","Apidae","Apinae","Meliponini","Tetragona","Tetragona","","","Madre de Dios","Los Amigos Biological field station","Peru","","20221127",NA,NA,NA,NA,NA,"","","la",275,23.85607989,"-12.5693 S","-70.10027 W","Madre de Dios","","Manu","Human settlement or closeby, open canopy, river nerby",NA,NA,NA,NA,NA,"","","","","","","Meliponini","","","",NA,"",8000,"Los Amigos Biological field station","netting","Apidae","Tetragona","Tetragona_perangulata","Tetragona","Tetragona","Tetragona","A4_la_20221127_01165",FALSE,FALSE
"A4.la.20221127.01166_S207","16S_AW_Butterfly_Peru_bees","A4_la_20221127_01166","Bees",NA,"A4_bees_4","C2",13,"1166","sample","Bees","","Andrea","Hymenoptera","Apidae","Apinae","Meliponini","Tetragona","Tetragona","","","Madre de Dios","Los Amigos Biological field station","Peru","","20221127",NA,NA,NA,NA,NA,"","","la",275,23.85607989,"-12.5693 S","-70.10027 W","Madre de Dios","","Manu","Human settlement or closeby, open canopy, river nerby",NA,NA,NA,NA,NA,"","","","","","","Meliponini","","","",NA,"",8000,"Los Amigos Biological field station","netting","Apidae","Tetragona","Tetragona_perangulata","Tetragona","Tetragona perangulata","Tetragona","A4_la_20221127_01166",FALSE,FALSE
"A4.la.20221127.01167_S208","16S_AW_Butterfly_Peru_bees","A4_la_20221127_01167","Bees",NA,"A4_bees_4","C3",13,"1167","sample","Bees","","Andrea","Hymenoptera","Apidae","Apinae","Meliponini","Oxytrigona","Oxytrigona","","","Madre de Dios","Los Amigos Biological field station","Peru","","20221127",NA,NA,NA,NA,NA,"","","la",275,23.85607989,"-12.5693 S","-70.10027 W","Madre de Dios","","Manu","Human settlement or closeby, open canopy, river nerby",NA,NA,NA,NA,NA,"","","","","","","Meliponini","","","",NA,"",8000,"Los Amigos Biological field station","netting","Apidae","Scaura","Scaura_tenuis","Scaura","Oxytrigona","Oxytrigona","A4_la_20221127_01167",FALSE,FALSE
"A4.la.20221127.01168_S209","16S_AW_Butterfly_Peru_bees","A4_la_20221127_01168","Bees",NA,"A4_bees_4","C4",13,"1168","sample","Bees","","Andrea","Hymenoptera","Apidae","Apinae","Meliponini","Trigona","Trigona","","","Madre de Dios","Los Amigos Biological field station","Peru","","20221127",NA,NA,NA,NA,NA,"","","la",275,23.85607989,"-12.5693 S","-70.10027 W","Madre de Dios","","Manu","Human settlement or closeby, open canopy, river nerby",NA,NA,NA,NA,NA,"","","","","","","Meliponini","","","",NA,"",8000,"Los Amigos Biological field station","netting","Apidae","","",NA,"Trigona","Trigona","A4_la_20221127_01168",FALSE,FALSE
"A4.la.20221127.01169_S210","16S_AW_Butterfly_Peru_bees","A4_la_20221127_01169","Bees",NA,"A4_bees_4","C5",13,"1169","sample","Bees","","Andrea","Hymenoptera","Apidae","Apinae","Meliponini","Trigona","Trigona","","","Madre de Dios","Los Amigos Biological field station","Peru","","20221127",NA,NA,NA,NA,NA,"","","la",275,23.85607989,"-12.5693 S","-70.10027 W","Madre de Dios","","Manu","Human settlement or closeby, open canopy, river nerby",NA,NA,NA,NA,NA,"","","","","","","Meliponini","","","",NA,"",8000,"Los Amigos Biological field station","netting","Apidae","","",NA,"Trigona","Trigona","A4_la_20221127_01169",FALSE,FALSE
"A4.la.20221127.01170_S211","16S_AW_Butterfly_Peru_bees","A4_la_20221127_01170","Bees",NA,"A4_bees_4","C6",13,"1170","sample","Bees","","Andrea","Hymenoptera","Apidae","Apinae","Meliponini","Trigona","Trigona","","","Madre de Dios","Los Amigos Biological field station","Peru","","20221127",NA,NA,NA,NA,NA,"","","la",275,23.85607989,"-12.5693 S","-70.10027 W","Madre de Dios","","Manu","Human settlement or closeby, open canopy, river nerby",NA,NA,NA,NA,NA,"","","","","","","Meliponini","","","",NA,"",8000,"Los Amigos Biological field station","netting","Apidae","","",NA,"Trigona","Trigona","A4_la_20221127_01170",FALSE,FALSE
"A4.la.20221127.01171_S212","16S_AW_Butterfly_Peru_bees","A4_la_20221127_01171","Bees",NA,"A4_bees_4","C7",13,"1171","sample","Bees","","Andrea","Hymenoptera","Apidae","Apinae","Meliponini","Trigona","Trigona","","","Madre de Dios","Los Amigos Biological field station","Peru","","20221127",NA,NA,NA,NA,NA,"","","la",275,23.85607989,"-12.5693 S","-70.10027 W","Madre de Dios","","Manu","Human settlement or closeby, open canopy, river nerby",NA,NA,NA,NA,NA,"","","","","","","Meliponini","","","",NA,"",8000,"Los Amigos Biological field station","netting","Apidae","","",NA,"Trigona","Trigona","A4_la_20221127_01171",FALSE,FALSE
"A4.la.20221127.01172_S213","16S_AW_Butterfly_Peru_bees","A4_la_20221127_01172","Bees",NA,"A4_bees_4","C8",13,"1172","sample","Bees","","Andrea","Hymenoptera","Apidae","Apinae","Meliponini","Partamona","Partamona","","","Madre de Dios","Los Amigos Biological field station","Peru","","20221127",NA,NA,NA,NA,NA,"","","la",275,23.85607989,"-12.5693 S","-70.10027 W","Madre de Dios","","Manu","Human settlement or closeby, open canopy, river nerby",NA,NA,NA,NA,NA,"","","","","","","Meliponini","","","",NA,"",8000,"Los Amigos Biological field station","netting","Apidae","Melipona","Melipona_quadrifasciata","Melipona","Partamona","Partamona","A4_la_20221127_01172",FALSE,FALSE
"A4.la.20221127.01173_S215","16S_AW_Butterfly_Peru_bees","A4_la_20221127_01173","Bees",NA,"A4_bees_4","C9",13,"1173","sample","Bees","","Andrea","Hymenoptera","Apidae","Apinae","Meliponini","Trigona","Trigona","","","Madre de Dios","Los Amigos Biological field station","Peru","","20221127",NA,NA,NA,NA,NA,"","","la",275,23.85607989,"-12.5693 S","-70.10027 W","Madre de Dios","","Manu","Human settlement or closeby, open canopy, river nerby",NA,NA,NA,NA,NA,"","","","","","","Meliponini","","","",NA,"",8000,"Los Amigos Biological field station","netting","Apidae","","",NA,"Trigona","Trigona","A4_la_20221127_01173",FALSE,FALSE
"A4.la.20221127.01174_S216","16S_AW_Butterfly_Peru_bees","A4_la_20221127_01174","Bees",NA,"A4_bees_4","C10",13,"1174","sample","Bees","","Andrea","Hymenoptera","Apidae","Apinae","Meliponini","Oxaea","Oxaea","","","Madre de Dios","Los Amigos Biological field station","Peru","","20221127",NA,NA,NA,NA,NA,"","","la",275,23.85607989,"-12.5693 S","-70.10027 W","Madre de Dios","","Manu","Human settlement or closeby, open canopy, river nerby",NA,NA,NA,NA,NA,"","","","","","","Meliponini","","","",NA,"",8000,"Los Amigos Biological field station","netting","Apidae","","",NA,"Trigona","Oxaea","A4_la_20221127_01174",FALSE,FALSE
"A4.la.20221127.01175_S217","16S_AW_Butterfly_Peru_bees","A4_la_20221127_01175","Bees",NA,"A4_bees_4","C11",13,"1175","sample","Bees","","Andrea","Hymenoptera","Apidae","Apinae","Meliponini","Trigona","Trigona","","","Madre de Dios","Los Amigos Biological field station","Peru","","20221127",NA,NA,NA,NA,NA,"","","la",275,23.85607989,"-12.5693 S","-70.10027 W","Madre de Dios","","Manu","Human settlement or closeby, open canopy, river nerby",NA,NA,NA,NA,NA,"","","","","","","Meliponini","","","",NA,"",8000,"Los Amigos Biological field station","netting","Apidae","Trigona","","Trigona","Trigona","Trigona","A4_la_20221127_01175",FALSE,FALSE
"A4.la.20221127.01341_S373","16S_AW_Butterfly_Peru_bees","A4_la_20221127_01341","Bees",NA,"A4_bees_4","A11",15,"1341","sample","Bees","","Andrea","Hymenoptera","Halictidae","Halictinae","Augochlorini","Megalopta","Megalopta","","","Madre de Dios","Los Amigos Biological field station","Peru","","20221127",NA,NA,NA,NA,NA,"","","la",275,23.85607989,"-12.5693 S","-70.10027 W","Madre de Dios","","Manu","Human settlement or closeby, open canopy, river nerby",NA,NA,NA,NA,NA,"","","","","","","Halictidae_nocturnal","","","",NA,"",1900,"Los Amigos Biological field station","tunnel","","","","Megalopta","Megalopta","Megalopta","A4_la_20221127_01341",FALSE,FALSE
"A4.la.20221128.01177_S219","16S_AW_Butterfly_Peru_bees","A4_la_20221128_01177","Bees",NA,"A4_bees_4","D1",13,"1177","sample","Bees","","Andrea","Hymenoptera","Apidae","Apinae","Euglossini","Eulaema","Eulaema","cingulata","","Madre de Dios","Los Amigos Biological field station","Peru","","20221128",NA,NA,NA,NA,NA,"","","la",275,23.85607989,"-12.5693 S","-70.10027 W","Madre de Dios","","Manu","Human settlement or closeby, open canopy, river nerby",NA,NA,NA,NA,NA,"","","","","","","Euglossini","","","",NA,"",1000,"Los Amigos Biological field station","netting","Apidae","Eulaema","Eulaema_cingulata","Eulaema","Eulaema","Eulaema","A4_la_20221128_01177",FALSE,FALSE
"A4.la.20221201.01445_S180","16S_AW_Butterfly_Peru_bees","A4_la_20221201_01445","Bees",NA,"A4_bees_4","B8",16,"1445","sample","Bees","","Andrea","Hymenoptera","Apidae","Apinae","Bombini","Bombus","Bombus","transversalis","","Madre de Dios","Los Amigos Biological field station","Peru","","20221201",NA,NA,NA,NA,NA,"","","la",275,23.85607989,"-12.5693 S","-70.10027 W","Madre de Dios","","Manu","Human settlement or closeby, open canopy, river nerby",NA,NA,NA,NA,NA,"","","","","","","Bombus","","","",NA,"",1400,"Los Amigos Biological field station","netting","Apidae","Bombus","Bombus transversalis","Bombus","Bombus transversalis","Bombus","A4_la_20221201_01445",FALSE,FALSE
"A4.pa.20221025.00509_S103","16S_AW_Butterfly_Peru_bees","A4_pa_20221025_00509","Bees",NA,"A4_bees_2","C10",6,"509","sample","Bees","","Andrea","Hymenoptera","Apidae","Apinae","Bombini","Bombus","Bombus","","","Manu","Pantiacolla","Peru","","20221025",NA,NA,NA,NA,NA,"","","pa",411,23.59631286,"-12.65584 S","-71.23175 W","Manu","","Kosnipata","Human settlement or closeby, open canopy, river nerby",NA,NA,NA,NA,NA,"","","","","","","Bombus","","","",NA,"",8000,"Pantiacolla","netting","Apidae","Bombus","Bombus transversalis","Bombus","Bombus transversalis","Bombus","A4_pa_20221025_00509",FALSE,FALSE
"A4.pa.20221025.00561_S143","16S_AW_Butterfly_Peru_bees","A4_pa_20221025_00561","Bees",NA,"A4_bees_2","H2",6,"561","sample","Bees","","Andrea","Hymenoptera","Apidae","Apinae","Bombini","Bombus","Bombus","transversalis","","Manu","Pantiacolla","Peru","","20221025",NA,NA,NA,NA,NA,"","","pa",411,23.59631286,"-12.65584 S","-71.23175 W","Manu","","Kosnipata","Human settlement or closeby, open canopy, river nerby",NA,NA,NA,NA,NA,"","","","","","","Bombus","","","",NA,"",8000,"Pantiacolla","netting","Apidae","Bombus","Bombus transversalis","Bombus","Bombus transversalis","Bombus","A4_pa_20221025_00561",FALSE,FALSE
"A4.pa.20221025.00562_S144","16S_AW_Butterfly_Peru_bees","A4_pa_20221025_00562","Bees",NA,"A4_bees_2","H3",6,"562","sample","Bees","","Andrea","Hymenoptera","Apidae","Apinae","Bombini","Bombus","Bombus","transversalis","","Manu","Pantiacolla","Peru","","20221025",NA,NA,NA,NA,NA,"","","pa",411,23.59631286,"-12.65584 S","-71.23175 W","Manu","","Kosnipata","Human settlement or closeby, open canopy, river nerby",NA,NA,NA,NA,NA,"","","","","","","Bombus","","","",NA,"",8000,"Pantiacolla","netting","Apidae","Bombus","Bombus transversalis","Bombus","Bombus transversalis","Bombus","A4_pa_20221025_00562",FALSE,FALSE
"A4.pa.20221025.00618_S171","16S_AW_Butterfly_Peru_bees","A4_pa_20221025_00618","Bees",NA,"A4_bees_2","D12",7,"618","sample","Bees","","Andrea","Hymenoptera","Apidae","Apinae","Meliponini","Trigona","Trigona","","","Manu","Pantiacolla","Peru","","20221025",NA,NA,NA,NA,NA,"","","pa",411,23.59631286,"-12.65584 S","-71.23175 W","Manu","","Kosnipata","Human settlement or closeby, open canopy, river nerby",NA,NA,NA,NA,NA,"","","","","","","Meliponini","","","",NA,"",1000,"Pantiacolla","netting","Apidae","Frieseomelitta","","Frieseomelitta","Trigona","Trigona","A4_pa_20221025_00618",FALSE,FALSE
"A4.pa.20221025.00619_S172","16S_AW_Butterfly_Peru_bees","A4_pa_20221025_00619","Bees",NA,"A4_bees_2","E1",7,"619","sample","Bees","","Andrea","Hymenoptera","Apidae","Apinae","Meliponini","Trigona","Trigona","","","Manu","Pantiacolla","Peru","","20221025",NA,NA,NA,NA,NA,"","","pa",411,23.59631286,"-12.65584 S","-71.23175 W","Manu","","Kosnipata","Human settlement or closeby, open canopy, river nerby",NA,NA,NA,NA,NA,"","","","","","","Meliponini","","","",NA,"",1000,"Pantiacolla","netting","Apidae","Frieseomelitta","","Frieseomelitta","Trigona","Trigona","A4_pa_20221025_00619",FALSE,FALSE
"A4.pa.20221025.00620_S173","16S_AW_Butterfly_Peru_bees","A4_pa_20221025_00620","Bees",NA,"A4_bees_2","E2",7,"620","sample","Bees","","Andrea","Hymenoptera","Apidae","Apinae","Meliponini","Trigona","Trigona","","","Manu","Pantiacolla","Peru","","20221025",NA,NA,NA,NA,NA,"","","pa",411,23.59631286,"-12.65584 S","-71.23175 W","Manu","","Kosnipata","Human settlement or closeby, open canopy, river nerby",NA,NA,NA,NA,NA,"","","","","","","Meliponini","","","",NA,"",1000,"Pantiacolla","netting","Apidae","Frieseomelitta","","Frieseomelitta","Trigona","Trigona","A4_pa_20221025_00620",FALSE,FALSE
"A4.pa.20221025.00621_S174","16S_AW_Butterfly_Peru_bees","A4_pa_20221025_00621","Bees",NA,"A4_bees_2","E3",7,"621","sample","Bees","","Andrea","Hymenoptera","Apidae","Apinae","Meliponini","Trigona","Trigona","","","Manu","Pantiacolla","Peru","","20221025",NA,NA,NA,NA,NA,"","","pa",411,23.59631286,"-12.65584 S","-71.23175 W","Manu","","Kosnipata","Human settlement or closeby, open canopy, river nerby",NA,NA,NA,NA,NA,"","","","","","","Meliponini","","","",NA,"",1000,"Pantiacolla","netting","Apidae","Frieseomelitta","","Frieseomelitta","Trigona","Trigona","A4_pa_20221025_00621",FALSE,FALSE
"A4.pa.20221025.00624_S177","16S_AW_Butterfly_Peru_bees","A4_pa_20221025_00624","Bees",NA,"A4_bees_2","E6",7,"624","sample","Bees","","Andrea","Hymenoptera","Apidae","Apinae","Bombini","Bombus","Bombus","transversalis","","Manu","Pantiacolla","Peru","","20221025",NA,NA,NA,NA,NA,"","","pa",411,23.59631286,"-12.65584 S","-71.23175 W","Manu","","Kosnipata","Human settlement or closeby, open canopy, river nerby",NA,NA,NA,NA,NA,"","","","","","","Bombus","","","",NA,"",1000,"Pantiacolla","netting","Apidae","Bombus","Bombus transversalis","Bombus","Bombus transversalis","Bombus","A4_pa_20221025_00624",FALSE,FALSE
"A4.pa.20221025.00630_S178","16S_AW_Butterfly_Peru_bees","A4_pa_20221025_00630","Bees",NA,"A4_bees_2","E12",7,"630","sample","Bees","","Andrea","Hymenoptera","Halictidae","Halictinae","Augochlorini","Pseudaugchlora","Pseudaugchlora","","","Manu","Pantiacolla","Peru","","20221025",NA,NA,NA,NA,NA,"","","pa",411,23.59631286,"-12.65584 S","-71.23175 W","Manu","","Kosnipata","Human settlement or closeby, open canopy, river nerby",NA,NA,NA,NA,NA,"","","","","","","Halictidae_diurnal","","","",NA,"",1000,"Pantiacolla","netting","","","",NA,"Pseudaugchlora","Pseudaugchlora","A4_pa_20221025_00630",FALSE,FALSE
"A4.pa.20221025.00631_S179","16S_AW_Butterfly_Peru_bees","A4_pa_20221025_00631","Bees",NA,"A4_bees_2","F1",7,"631","sample","Bees","","Andrea","Hymenoptera","Apidae","Apinae","Meliponini","Meliponini","Meliponini","","","Manu","Pantiacolla","Peru","","20221025",NA,NA,NA,NA,NA,"","","pa",411,23.59631286,"-12.65584 S","-71.23175 W","Manu","","Kosnipata","Human settlement or closeby, open canopy, river nerby",NA,NA,NA,NA,NA,"","","","","","","Meliponini","","","",NA,"",1000,"Pantiacolla","netting",NA,NA,NA,NA,"Meliponini","Meliponini","A4_pa_20221025_00631",FALSE,FALSE
"A4.pa.20221025.00632_S180","16S_AW_Butterfly_Peru_bees","A4_pa_20221025_00632","Bees",NA,"A4_bees_2","F2",7,"632","sample","Bees","","Andrea","Hymenoptera","Apidae","Apinae","Meliponini","Meliponini","Meliponini","","","Manu","Pantiacolla","Peru","","20221025",NA,NA,NA,NA,NA,"","","pa",411,23.59631286,"-12.65584 S","-71.23175 W","Manu","","Kosnipata","Human settlement or closeby, open canopy, river nerby",NA,NA,NA,NA,NA,"","","","","","","Meliponini","","","",NA,"",1000,"Pantiacolla","netting",NA,NA,NA,NA,"Meliponini","Meliponini","A4_pa_20221025_00632",FALSE,FALSE
"A4.pa.20221025.00633_S181","16S_AW_Butterfly_Peru_bees","A4_pa_20221025_00633","Bees",NA,"A4_bees_2","F3",7,"633","sample","Bees","","Andrea","Hymenoptera","Apidae","Apinae","Meliponini","Trigona","Trigona","","","Manu","Pantiacolla","Peru","","20221025",NA,NA,NA,NA,NA,"","","pa",411,23.59631286,"-12.65584 S","-71.23175 W","Manu","","Kosnipata","Human settlement or closeby, open canopy, river nerby",NA,NA,NA,NA,NA,"","","","","","","Meliponini","","","",NA,"",1000,"Pantiacolla","netting","Apidae","Trigona","Trigona_amalthea","Trigona","Trigona","Trigona","A4_pa_20221025_00633",FALSE,FALSE
"A4.pa.20221025.00634_S182","16S_AW_Butterfly_Peru_bees","A4_pa_20221025_00634","Bees",NA,"A4_bees_2","F4",7,"634","sample","Bees","","Andrea","Hymenoptera","Apidae","Apinae","Meliponini","Trigona","Trigona","","","Manu","Pantiacolla","Peru","","20221025",NA,NA,NA,NA,NA,"","","pa",411,23.59631286,"-12.65584 S","-71.23175 W","Manu","","Kosnipata","Human settlement or closeby, open canopy, river nerby",NA,NA,NA,NA,NA,"","","","","","","Meliponini","","","",NA,"",1000,"Pantiacolla","netting","Apidae","Trigona","Trigona_amalthea","Trigona","Trigona","Trigona","A4_pa_20221025_00634",FALSE,FALSE
"A4.pa.20221025.00635_S183","16S_AW_Butterfly_Peru_bees","A4_pa_20221025_00635","Bees",NA,"A4_bees_2","F5",7,"635","sample","Bees","","Andrea","Hymenoptera","Apidae","Apinae","Meliponini","Trigona","Trigona","","","Manu","Pantiacolla","Peru","","20221025",NA,NA,NA,NA,NA,"","","pa",411,23.59631286,"-12.65584 S","-71.23175 W","Manu","","Kosnipata","Human settlement or closeby, open canopy, river nerby",NA,NA,NA,NA,NA,"","","","","","","Meliponini","","","",NA,"",1000,"Pantiacolla","netting","Apidae","Trigona","Trigona_amalthea","Trigona","Trigona","Trigona","A4_pa_20221025_00635",FALSE,FALSE
"A4.pa.20221025.00636_S184","16S_AW_Butterfly_Peru_bees","A4_pa_20221025_00636","Bees",NA,"A4_bees_2","F6",7,"636","sample","Bees","","Andrea","Hymenoptera","Apidae","Apinae","Meliponini","Trigona","Trigona","","","Manu","Pantiacolla","Peru","","20221025",NA,NA,NA,NA,NA,"","","pa",411,23.59631286,"-12.65584 S","-71.23175 W","Manu","","Kosnipata","Human settlement or closeby, open canopy, river nerby",NA,NA,NA,NA,NA,"","","","","","","Meliponini","","","",NA,"",1000,"Pantiacolla","netting","Apidae","Trigona","Trigona_amalthea","Trigona","Trigona","Trigona","A4_pa_20221025_00636",FALSE,FALSE
"A4.pa.20221025.00638_S186","16S_AW_Butterfly_Peru_bees","A4_pa_20221025_00638","Bees",NA,"A4_bees_2","F8",7,"638","sample","Bees","","Andrea","Hymenoptera","Apidae","Apinae","Meliponini","Trigona","Trigona","","","Manu","Pantiacolla","Peru","","20221025",NA,NA,NA,NA,NA,"","","pa",411,23.59631286,"-12.65584 S","-71.23175 W","Manu","","Kosnipata","Human settlement or closeby, open canopy, river nerby",NA,NA,NA,NA,NA,"","","","","","","Meliponini","","","",NA,"",1000,"Pantiacolla","netting","Apidae","Trigona","","Trigona","Trigona","Trigona","A4_pa_20221025_00638",FALSE,FALSE
"A4.pa.20221025.00639_S187","16S_AW_Butterfly_Peru_bees","A4_pa_20221025_00639","Bees",NA,"A4_bees_2","F9",7,"639","sample","Bees","","Andrea","Hymenoptera","Apidae","Apinae","Meliponini","Trigona","Trigona","","","Manu","Pantiacolla","Peru","","20221025",NA,NA,NA,NA,NA,"","","pa",411,23.59631286,"-12.65584 S","-71.23175 W","Manu","","Kosnipata","Human settlement or closeby, open canopy, river nerby",NA,NA,NA,NA,NA,"","","","","","","Meliponini","","","",NA,"",1000,"Pantiacolla","netting","Apidae","Trigona","","Trigona","Trigona","Trigona","A4_pa_20221025_00639",FALSE,FALSE
"A4.pa.20221025.00640_S188","16S_AW_Butterfly_Peru_bees","A4_pa_20221025_00640","Bees",NA,"A4_bees_2","F10",7,"640","sample","Bees","","Andrea","Hymenoptera","Apidae","Apinae","Meliponini","Trigona","Trigona","","","Manu","Pantiacolla","Peru","","20221025",NA,NA,NA,NA,NA,"","","pa",411,23.59631286,"-12.65584 S","-71.23175 W","Manu","","Kosnipata","Human settlement or closeby, open canopy, river nerby",NA,NA,NA,NA,NA,"","","","","","","Meliponini","","","",NA,"",1000,"Pantiacolla","netting","Apidae","Trigona","","Trigona","Trigona","Trigona","A4_pa_20221025_00640",FALSE,FALSE
"A4.pa.20221025.00641_S189","16S_AW_Butterfly_Peru_bees","A4_pa_20221025_00641","Bees",NA,"A4_bees_2","F11",7,"641","sample","Bees","","Andrea","Hymenoptera","Apidae","Apinae","Meliponini","Trigona","Trigona","","","Manu","Pantiacolla","Peru","","20221025",NA,NA,NA,NA,NA,"","","pa",411,23.59631286,"-12.65584 S","-71.23175 W","Manu","","Kosnipata","Human settlement or closeby, open canopy, river nerby",NA,NA,NA,NA,NA,"","","","","","","Meliponini","","","",NA,"",1000,"Pantiacolla","netting","Apidae","Trigona","","Trigona","Trigona","Trigona","A4_pa_20221025_00641",FALSE,FALSE
"A4.pa.20221025.00642_S190","16S_AW_Butterfly_Peru_bees","A4_pa_20221025_00642","Bees",NA,"A4_bees_2","F12",7,"642","sample","Bees","","Andrea","Hymenoptera","Apidae","Apinae","Meliponini","Geotrigona","Geotrigona","","","Manu","Pantiacolla","Peru","","20221025",NA,NA,NA,NA,NA,"","","pa",411,23.59631286,"-12.65584 S","-71.23175 W","Manu","","Kosnipata","Human settlement or closeby, open canopy, river nerby",NA,NA,NA,NA,NA,"","","","","","","Meliponini","","","",NA,"",1000,"Pantiacolla","netting","Apidae","","",NA,"Geotrigona","Geotrigona","A4_pa_20221025_00642",FALSE,FALSE
"A4.pa.20221025.00643_S191","16S_AW_Butterfly_Peru_bees","A4_pa_20221025_00643","Bees",NA,"A4_bees_2","G1",7,"643","sample","Bees","","Andrea","Hymenoptera","Apidae","Apinae","Meliponini","Trigona","Trigona","","","Manu","Pantiacolla","Peru","","20221025",NA,NA,NA,NA,NA,"","","pa",411,23.59631286,"-12.65584 S","-71.23175 W","Manu","","Kosnipata","Human settlement or closeby, open canopy, river nerby",NA,NA,NA,NA,NA,"","","","","","","Meliponini","","","",NA,"",1000,"Pantiacolla","netting","Apidae","Trigona","","Trigona","Trigona","Trigona","A4_pa_20221025_00643",FALSE,FALSE
"A4.pa.20221028.00615_S170","16S_AW_Butterfly_Peru_bees","A4_pa_20221028_00615","Bees",NA,"A4_bees_2","D9",7,"615","sample","Bees","","Andrea","Hymenoptera","Halictidae","Halictinae","Halictinae","Halictinae","Halictidae_diurnal","","","Manu","Pantiacolla","Peru","","20221028",NA,NA,NA,NA,NA,"","","pa",411,23.59631286,"-12.65584 S","-71.23175 W","Manu","","Kosnipata","Human settlement or closeby, open canopy, river nerby",NA,NA,NA,NA,NA,"","","","","","","Halictidae_diurnal","","","",NA,"",1600,"Pantiacolla","netting","Halictidae","","",NA,"Halictidae_diurnal","Halictidae_diurnal","A4_pa_20221028_00615",FALSE,FALSE
"A4.spe.20220924.00056_S259","16S_AW_Butterfly_Peru_bees","A4_spe_20220924_00056","Bees",NA,"A4_bees_1","C7",1,"56","sample","Bees","","Andrea","Hymenoptera","Apidae","Apinae","Meliponini","Trigonisca","Trigonisca","","","Paucartambo","San Pedro","Peru","","20220924",NA,NA,NA,NA,NA,"","","spe",1350,18.67915608,"-13.05647 S","-71.54417 W","Paucartambo","","Kosnipata","Human settlement or closeby, open canopy, road",NA,NA,NA,NA,NA,"","","","","","","Meliponini","","","",NA,"",1045,"San Pedro","netting",NA,NA,NA,"Trigonisca","Trigonisca","Trigonisca","A4_spe_20220924_00056",FALSE,FALSE
"A4.spe.20220924.00058_S261","16S_AW_Butterfly_Peru_bees","A4_spe_20220924_00058","Bees",NA,"A4_bees_1","C9",1,"58","sample","Bees","","Andrea","Hymenoptera","Apidae","Apinae","Meliponini","Trigonisca","Trigonisca","","","Paucartambo","San Pedro","Peru","","20220924",NA,NA,NA,NA,NA,"","","spe",1350,18.67915608,"-13.05647 S","-71.54417 W","Paucartambo","","Kosnipata","Human settlement or closeby, open canopy, road",NA,NA,NA,NA,NA,"","","","","","","Meliponini","","","",NA,"",1045,"San Pedro","netting",NA,NA,NA,"Trigonisca","Trigonisca","Trigonisca","A4_spe_20220924_00058",FALSE,FALSE
"A4.spe.20220924.00059_S245","16S_AW_Butterfly_Peru_bees","A4_spe_20220924_00059","Bees",NA,"A4_bees_1","B7",1,"59","sample","Bees","","Andrea","Hymenoptera","Apidae","Apinae","Meliponini","Caupolicana","Scaura","","","Paucartambo","San Pedro","Peru","","20220924",NA,NA,NA,NA,NA,"","","spe",1350,18.67915608,"-13.05647 S","-71.54417 W","Paucartambo","","Kosnipata","Human settlement or closeby, open canopy, road",NA,NA,NA,NA,NA,"","","","","","","Meliponini","","","",NA,"",1045,"San Pedro","netting","Apidae","Scaura","Scaura atlantica","Caupolicana.Scaura","Scaura atlantica","Scaura","A4_spe_20220924_00059",FALSE,FALSE
"A4.spe.20220924.00060_S248","16S_AW_Butterfly_Peru_bees","A4_spe_20220924_00060","Bees",NA,"A4_bees_1","B10",1,"60","sample","Bees","","Andrea","Hymenoptera","Apidae","Apinae","Meliponini","Caupolicana","Scaura","","","Paucartambo","San Pedro","Peru","","20220924",NA,NA,NA,NA,NA,"","","spe",1350,18.67915608,"-13.05647 S","-71.54417 W","Paucartambo","","Kosnipata","Human settlement or closeby, open canopy, road",NA,NA,NA,NA,NA,"","","","","","","Meliponini","","","",NA,"",1045,"San Pedro","netting","Apidae","Scaura","Scaura_atlantica","Caupolicana.Scaura","Scaura atlantica","Scaura","A4_spe_20220924_00060",FALSE,FALSE
"A4.spe.20220924.00061_S247","16S_AW_Butterfly_Peru_bees","A4_spe_20220924_00061","Bees",NA,"A4_bees_1","B9",1,"61","sample","Bees","","Andrea","Hymenoptera","Apidae","Apinae","Apini","Apis","Apis","melifera ligustica","","Paucartambo","San Pedro","Peru","","20220924",NA,NA,NA,NA,NA,"","","spe",1350,18.67915608,"-13.05647 S","-71.54417 W","Paucartambo","","Kosnipata","Human settlement or closeby, open canopy, road",NA,NA,NA,NA,NA,"","","","","","","Apis","","","",NA,"",1045,"San Pedro","netting","Apidae","Apis","Apis melifera","Apis","Apis melifera","Apis","A4_spe_20220924_00061",FALSE,FALSE
"A4.spe.20220924.00065_S254","16S_AW_Butterfly_Peru_bees","A4_spe_20220924_00065","Bees",NA,"A4_bees_1","C3",1,"65","sample","Bees","","Andrea","Hymenoptera","Apidae","Apinae","Meliponini","Trigona","Trigona","","","Paucartambo","San Pedro","Peru","","20220924",NA,NA,NA,NA,NA,"","","spe",1350,18.67915608,"-13.05647 S","-71.54417 W","Paucartambo","","Kosnipata","Human settlement or closeby, open canopy, road",NA,NA,NA,NA,NA,"","","","","","","Meliponini","","","",NA,"",1045,"San Pedro","netting",NA,NA,NA,"Trigona","Trigona","Trigona","A4_spe_20220924_00065",FALSE,FALSE
"A4.spe.20220924.00066_S244","16S_AW_Butterfly_Peru_bees","A4_spe_20220924_00066","Bees",NA,"A4_bees_1","B6",1,"66","sample","Bees","","Andrea","Hymenoptera","Apidae","Apinae","Apini","Apis","Apis","melifera ligustica","","Paucartambo","San Pedro","Peru","","20220924",NA,NA,NA,NA,NA,"","","spe",1350,18.67915608,"-13.05647 S","-71.54417 W","Paucartambo","","Kosnipata","Human settlement or closeby, open canopy, road",NA,NA,NA,NA,NA,"","","","","","","Apis","","","",NA,"",1045,"San Pedro","netting","Apidae","Apis","Apis melifera","Apis","Apis melifera","Apis","A4_spe_20220924_00066",FALSE,FALSE
"A4.spe.20220924.00068_S243","16S_AW_Butterfly_Peru_bees","A4_spe_20220924_00068","Bees",NA,"A4_bees_1","B5",1,"68","sample","Bees","","Andrea","Hymenoptera","Apidae","Apinae","Meliponini","Trigona","Trigona","","","Paucartambo","San Pedro","Peru","","20220924",NA,NA,NA,NA,NA,"","","spe",1350,18.67915608,"-13.05647 S","-71.54417 W","Paucartambo","","Kosnipata","Human settlement or closeby, open canopy, road",NA,NA,NA,NA,NA,"","","","","","","Meliponini","","","",NA,"",1045,"San Pedro","netting","Apidae","Trigona","",NA,"Trigona","Trigona","A4_spe_20220924_00068",FALSE,FALSE
"A4.spe.20220924.00069_S257","16S_AW_Butterfly_Peru_bees","A4_spe_20220924_00069","Bees",NA,"A4_bees_1","C5",1,"69","sample","Bees","","Andrea","Hymenoptera","Apidae","Apinae","Meliponini","Trigona","Trigona","","","Paucartambo","San Pedro","Peru","","20220924",NA,NA,NA,NA,NA,"","","spe",1350,18.67915608,"-13.05647 S","-71.54417 W","Paucartambo","","Kosnipata","Human settlement or closeby, open canopy, road",NA,NA,NA,NA,NA,"","","","","","","Meliponini","","","",NA,"",1045,"San Pedro","netting",NA,NA,NA,"Trigona","Trigona","Trigona","A4_spe_20220924_00069",FALSE,FALSE
"A4.tc.20221015.00354_S24","16S_AW_Butterfly_Peru_bees","A4_tc_20221015_00354","Bees",NA,"A4_bees_1","F9",4,"354","sample","Bees","","Andrea","Hymenoptera","Apidae","Apinae","Bombini","Bombus","Bombus","funebris","","Paucartambo","Tres cruces","Peru","","20221015",NA,NA,NA,NA,NA,"","","tc",3658,6.729330426,"-13.12068 S","-71.61148 W","Paucartambo","","Kosnipata","Human settlement or closeby, open canopy, bushland",NA,NA,NA,NA,NA,"","","","","","","Bombus","","","",NA,"",9000,"Tres cruces","netting","Apidae","Bombus","Bombus funebris","Bombus","Bombus funebris","Bombus","A4_tc_20221015_00354",FALSE,FALSE
"A4.tc.20221015.00355_S25","16S_AW_Butterfly_Peru_bees","A4_tc_20221015_00355","Bees",NA,"A4_bees_1","F10",4,"355","sample","Bees","","Andrea","Hymenoptera","Apidae","Apinae","Bombini","Bombus","Bombus","sp1","","Paucartambo","Tres cruces","Peru","","20221015",NA,NA,NA,NA,NA,"","","tc",3658,6.729330426,"-13.12068 S","-71.61148 W","Paucartambo","","Kosnipata","Human settlement or closeby, open canopy, bushland",NA,NA,NA,NA,NA,"","","","","","","Bombus","","","",NA,"",9000,"Tres cruces","netting","Apidae","Bombus","Bombus rubicundus","Bombus","Bombus rubicundus","Bombus","A4_tc_20221015_00355",FALSE,FALSE
"A4.tc.20221015.00356_S26","16S_AW_Butterfly_Peru_bees","A4_tc_20221015_00356","Bees",NA,"A4_bees_1","F11",4,"356","sample","Bees","","Andrea","Hymenoptera","Apidae","Apinae","Bombini","Bombus","Bombus ","sp2","","Paucartambo","Tres cruces","Peru","","20221015",NA,NA,NA,NA,NA,"","","tc",3658,6.729330426,"-13.12068 S","-71.61148 W","Paucartambo","","Kosnipata","Human settlement or closeby, open canopy, bushland",NA,NA,NA,NA,NA,"","","","","","","Bombus","","","",NA,"",9000,"Tres cruces","netting","","","","Bombus","Bombus cf transversalis","Bombus ","A4_tc_20221015_00356",FALSE,FALSE
"A4.tc.20221015.00357_S27","16S_AW_Butterfly_Peru_bees","A4_tc_20221015_00357","Bees",NA,"A4_bees_1","F12",4,"357","sample","Bees","","Andrea","Hymenoptera","Apidae","Apinae","Bombini","Bombus","Bombus ","sp2","","Paucartambo","Tres cruces","Peru","","20221015",NA,NA,NA,NA,NA,"","","tc",3658,6.729330426,"-13.12068 S","-71.61148 W","Paucartambo","","Kosnipata","Human settlement or closeby, open canopy, bushland",NA,NA,NA,NA,NA,"","","","","","","Bombus","","","",NA,"",9000,"Tres cruces","netting","","","","Bombus","Bombus cf transversalis","Bombus ","A4_tc_20221015_00357",FALSE,FALSE
"A4.tc.20221015.00358_S28","16S_AW_Butterfly_Peru_bees","A4_tc_20221015_00358","Bees",NA,"A4_bees_1","G1",4,"358","sample","Bees","","Andrea","Hymenoptera","Apidae","Apinae","Bombini","Bombus","Bombus","funebris","","Paucartambo","Tres cruces","Peru","","20221015",NA,NA,NA,NA,NA,"","","tc",3658,6.729330426,"-13.12068 S","-71.61148 W","Paucartambo","","Kosnipata","Human settlement or closeby, open canopy, bushland",NA,NA,NA,NA,NA,"","","","","","","Bombus","","","",NA,"",9000,"Tres cruces","netting","Apidae","Bombus","Bombus funebris","Bombus","Bombus funebris","Bombus","A4_tc_20221015_00358",FALSE,FALSE
"A4.tc.20221015.00359_S29","16S_AW_Butterfly_Peru_bees","A4_tc_20221015_00359","Bees",NA,"A4_bees_1","G2",4,"359","sample","Bees","","Andrea","Hymenoptera","Apidae","Apinae","Bombini","Bombus","Bombus","funebris","","Paucartambo","Tres cruces","Peru","","20221015",NA,NA,NA,NA,NA,"","","tc",3658,6.729330426,"-13.12068 S","-71.61148 W","Paucartambo","","Kosnipata","Human settlement or closeby, open canopy, bushland",NA,NA,NA,NA,NA,"","","","","","","Bombus","","","",NA,"",1000,"Tres cruces","netting","Apidae","Bombus","Bombus funebris","Bombus","Bombus funebris","Bombus","A4_tc_20221015_00359",FALSE,FALSE
"A4.tc.20221016.00376_S31","16S_AW_Butterfly_Peru_bees","A4_tc_20221016_00376","Bees",NA,"A4_bees_1","H7",4,"376","sample","Bees","","Andrea","Hymenoptera","Apidae","Apinae","Bombini","Bombus","Bombus","funebris","","Paucartambo","Tres cruces","Peru","","20221016",NA,NA,NA,NA,NA,"","","tc",3658,6.729330426,"-13.12068 S","-71.61148 W","Paucartambo","","Kosnipata","Human settlement or closeby, open canopy, bushland",NA,NA,NA,NA,NA,"","","","","","","Bombus","","","",NA,"",1300,"Tres cruces","netting","Apidae","Bombus","Bombus funebris","Bombus","Bombus funebris","Bombus","A4_tc_20221016_00376",FALSE,FALSE
"A4.to.20221114.00894_S10","16S_AW_Butterfly_Peru_bees","A4_to_20221114_00894","Bees",NA,"A4_bees_3","D3",10,"894","sample","Bees","","Andrea","Hymenoptera","Apidae","Apinae","Apini","Apis","Apis","","","Paucartambo","Tono","Peru","","20221114",NA,NA,NA,NA,NA,"","","to",785,20.98124543,"-12.95947 S","-71.53069 W","Paucartambo","","Kosnipata","Human settlement or closeby, open canopy, river nerby",NA,NA,NA,NA,NA,"","","","","","","Apis","","","",NA,"",1000,"Tono","netting","Apidae","Apis","Apis melifera","Apis","Apis melifera","Apis","A4_to_20221114_00894",FALSE,FALSE
"A4.to.20221114.00895_S11","16S_AW_Butterfly_Peru_bees","A4_to_20221114_00895","Bees",NA,"A4_bees_3","D4",10,"895","sample","Bees","","Andrea","Hymenoptera","Apidae","Apinae","Apini","Apis","Apis","","","Paucartambo","Tono","Peru","","20221114",NA,NA,NA,NA,NA,"","","to",785,20.98124543,"-12.95947 S","-71.53069 W","Paucartambo","","Kosnipata","Human settlement or closeby, open canopy, river nerby",NA,NA,NA,NA,NA,"","","","","","","Apis","","","",NA,"",1000,"Tono","netting","Apidae","Apis","Apis melifera","Apis","Apis melifera","Apis","A4_to_20221114_00895",FALSE,FALSE
"A4.to.20221114.00897_S13","16S_AW_Butterfly_Peru_bees","A4_to_20221114_00897","Bees",NA,"A4_bees_3","D6",10,"897","sample","Bees","","Andrea","Hymenoptera","Apidae","Apinae","Meliponini","Trigona","Trigona","","","Paucartambo","Tono","Peru","","20221114",NA,NA,NA,NA,NA,"","","to",785,20.98124543,"-12.95947 S","-71.53069 W","Paucartambo","","Kosnipata","Human settlement or closeby, open canopy, river nerby",NA,NA,NA,NA,NA,"","","","","","","Meliponini","","","",NA,"",1000,"Tono","netting","Apidae","Trigona","Trigona_amazonensis","Trigona","Trigona","Trigona","A4_to_20221114_00897",FALSE,FALSE
"A4.to.20221114.00996_S80","16S_AW_Butterfly_Peru_bees","A4_to_20221114_00996","Bees",NA,"A4_bees_3","D10",11,"996","sample","Bees","","Andrea","Hymenoptera","Apidae","Apinae","Meliponini","Meliponini","Meliponini","","","Paucartambo","Tono","Peru","","20221114",NA,NA,NA,NA,NA,"","","to",785,20.98124543,"-12.95947 S","-71.53069 W","Paucartambo","","Kosnipata","Human settlement or closeby, open canopy, river nerby",NA,NA,NA,NA,NA,"","","","","","","Meliponini","","","",NA,"",1000,"Tono","netting",NA,NA,NA,NA,"Meliponini","Meliponini","A4_to_20221114_00996",FALSE,FALSE
"A4.to.20221114.00997_S81","16S_AW_Butterfly_Peru_bees","A4_to_20221114_00997","Bees",NA,"A4_bees_3","D11",11,"997","sample","Bees","","Andrea","Hymenoptera","Apidae","Apinae","Meliponini","Frieseomelitta","Frieseomelitta","","","Paucartambo","Tono","Peru","","20221114",NA,NA,NA,NA,NA,"","","to",785,20.98124543,"-12.95947 S","-71.53069 W","Paucartambo","","Kosnipata","Human settlement or closeby, open canopy, river nerby",NA,NA,NA,NA,NA,"","","","","","","Meliponini","","","",NA,"",1000,"Tono","netting","Apidae","Frieseomelitta","Frieseomelitta_languida","Frieseomelitta","Frieseomelitta","Frieseomelitta","A4_to_20221114_00997",FALSE,FALSE
"A4.to.20221114.00998_S82","16S_AW_Butterfly_Peru_bees","A4_to_20221114_00998","Bees",NA,"A4_bees_3","D12",11,"998","sample","Bees","","Andrea","Hymenoptera","Apidae","Apinae","Meliponini","Frieseomelitta","Frieseomelitta","","","Paucartambo","Tono","Peru","","20221114",NA,NA,NA,NA,NA,"","","to",785,20.98124543,"-12.95947 S","-71.53069 W","Paucartambo","","Kosnipata","Human settlement or closeby, open canopy, river nerby",NA,NA,NA,NA,NA,"","","","","","","Meliponini","","","",NA,"",1000,"Tono","netting","Apidae","Frieseomelitta","Frieseomelitta_languida","Frieseomelitta","Frieseomelitta","Frieseomelitta","A4_to_20221114_00998",FALSE,FALSE
"A4.to.20221114.00999_S83","16S_AW_Butterfly_Peru_bees","A4_to_20221114_00999","Bees",NA,"A4_bees_3","E1",11,"999","sample","Bees","","Andrea","Hymenoptera","Apidae","Apinae","Meliponini","Frieseomelitta","Frieseomelitta","","","Paucartambo","Tono","Peru","","20221114",NA,NA,NA,NA,NA,"","","to",785,20.98124543,"-12.95947 S","-71.53069 W","Paucartambo","","Kosnipata","Human settlement or closeby, open canopy, river nerby",NA,NA,NA,NA,NA,"","","","","","","Meliponini","","","",NA,"",1000,"Tono","netting","Apidae","Frieseomelitta","Frieseomelitta_languida","Frieseomelitta","Frieseomelitta","Frieseomelitta","A4_to_20221114_00999",FALSE,FALSE
"A4.to.20221114.01000_S84","16S_AW_Butterfly_Peru_bees","A4_to_20221114_01000","Bees",NA,"A4_bees_3","E2",11,"1000","sample","Bees","","Andrea","Hymenoptera","Apidae","Apinae","Meliponini","Frieseomelitta","Frieseomelitta","","","Paucartambo","Tono","Peru","","20221114",NA,NA,NA,NA,NA,"","","to",785,20.98124543,"-12.95947 S","-71.53069 W","Paucartambo","","Kosnipata","Human settlement or closeby, open canopy, river nerby",NA,NA,NA,NA,NA,"","","","","","","Meliponini","","","",NA,"",1000,"Tono","netting","Apidae","Frieseomelitta","Frieseomelitta_languida","Frieseomelitta","Frieseomelitta","Frieseomelitta","A4_to_20221114_01000",FALSE,FALSE
"A4.to.20221114.01001_S85","16S_AW_Butterfly_Peru_bees","A4_to_20221114_01001","Bees",NA,"A4_bees_3","E3",11,"1001","sample","Bees","","Andrea","Hymenoptera","Apidae","Apinae","Meliponini","Tetragona","Tetragona","","","Paucartambo","Tono","Peru","","20221114",NA,NA,NA,NA,NA,"","","to",785,20.98124543,"-12.95947 S","-71.53069 W","Paucartambo","","Kosnipata","Human settlement or closeby, open canopy, river nerby",NA,NA,NA,NA,NA,"","","","","","","Meliponini","","","",NA,"",1000,"Tono","netting","Apidae","Tetragona","Tetragona_perangulata","Tetragona","Tetragona","Tetragona","A4_to_20221114_01001",FALSE,FALSE
"A4.to.20221114.01002_S86","16S_AW_Butterfly_Peru_bees","A4_to_20221114_01002","Bees",NA,"A4_bees_3","E4",11,"1002","sample","Bees","","Andrea","Hymenoptera","Apidae","Apinae","Meliponini","Tetragona","Tetragona","","","Paucartambo","Tono","Peru","","20221114",NA,NA,NA,NA,NA,"","","to",785,20.98124543,"-12.95947 S","-71.53069 W","Paucartambo","","Kosnipata","Human settlement or closeby, open canopy, river nerby",NA,NA,NA,NA,NA,"","","","","","","Meliponini","","","",NA,"",1000,"Tono","netting","Apidae","","",NA,"Tetragona","Tetragona","A4_to_20221114_01002",FALSE,FALSE
"A4.to.20221114.01003_S87","16S_AW_Butterfly_Peru_bees","A4_to_20221114_01003","Bees",NA,"A4_bees_3","E5",11,"1003","sample","Bees","","Andrea","Hymenoptera","Apidae","Apinae","Meliponini","Tetragona","Tetragona","","","Paucartambo","Tono","Peru","","20221114",NA,NA,NA,NA,NA,"","","to",785,20.98124543,"-12.95947 S","-71.53069 W","Paucartambo","","Kosnipata","Human settlement or closeby, open canopy, river nerby",NA,NA,NA,NA,NA,"","","","","","","Meliponini","","","",NA,"",1000,"Tono","netting","Apidae","","",NA,"Tetragona","Tetragona","A4_to_20221114_01003",FALSE,FALSE
"A4.to.20221114.01004_S88","16S_AW_Butterfly_Peru_bees","A4_to_20221114_01004","Bees",NA,"A4_bees_3","E6",11,"1004","sample","Bees","","Andrea","Hymenoptera","Apidae","Apinae","Meliponini","Tetragona","Tetragona","","","Paucartambo","Tono","Peru","","20221114",NA,NA,NA,NA,NA,"","","to",785,20.98124543,"-12.95947 S","-71.53069 W","Paucartambo","","Kosnipata","Human settlement or closeby, open canopy, river nerby",NA,NA,NA,NA,NA,"","","","","","","Meliponini","","","",NA,"",1000,"Tono","netting","Apidae","","",NA,"Tetragona","Tetragona","A4_to_20221114_01004",FALSE,FALSE
"A4.to.20221114.01005_S89","16S_AW_Butterfly_Peru_bees","A4_to_20221114_01005","Bees",NA,"A4_bees_3","E7",11,"1005","sample","Bees","","Andrea","Hymenoptera","Apidae","Apinae","Meliponini","Tetragona","Tetragona","","","Paucartambo","Tono","Peru","","20221114",NA,NA,NA,NA,NA,"","","to",785,20.98124543,"-12.95947 S","-71.53069 W","Paucartambo","","Kosnipata","Human settlement or closeby, open canopy, river nerby",NA,NA,NA,NA,NA,"","","","","","","Meliponini","","","",NA,"",1000,"Tono","netting","Apidae","","",NA,"Tetragona","Tetragona","A4_to_20221114_01005",FALSE,FALSE
"A4.to.20221114.01006_S90","16S_AW_Butterfly_Peru_bees","A4_to_20221114_01006","Bees",NA,"A4_bees_3","E8",11,"1006","sample","Bees","","Andrea","Hymenoptera","Apidae","Apinae","Meliponini","Cephalotrigona","Cephalotrigona","","","Paucartambo","Tono","Peru","","20221114",NA,NA,NA,NA,NA,"","","to",785,20.98124543,"-12.95947 S","-71.53069 W","Paucartambo","","Kosnipata","Human settlement or closeby, open canopy, river nerby",NA,NA,NA,NA,NA,"","","","","","","Meliponini","","","",NA,"",1000,"Tono","netting","Apidae","Cephalotrigona","Cephalotrigona_zexmeniae","Cephalotrigona","Cephalotrigona","Cephalotrigona","A4_to_20221114_01006",FALSE,FALSE
"A4.to.20221114.01007_S91","16S_AW_Butterfly_Peru_bees","A4_to_20221114_01007","Bees",NA,"A4_bees_3","E9",11,"1007","sample","Bees","","Andrea","Hymenoptera","Apidae","Apinae","Meliponini","Trigona","Trigona","","","Paucartambo","Tono","Peru","","20221114",NA,NA,NA,NA,NA,"","","to",785,20.98124543,"-12.95947 S","-71.53069 W","Paucartambo","","Kosnipata","Human settlement or closeby, open canopy, river nerby",NA,NA,NA,NA,NA,"","","","","","","Meliponini","","","",NA,"",1000,"Tono","netting","Apidae","Trigona","Trigona_amazonensis","Trigona","Trigona","Trigona","A4_to_20221114_01007",FALSE,FALSE
"A4.to.20221114.01008_S92","16S_AW_Butterfly_Peru_bees","A4_to_20221114_01008","Bees",NA,"A4_bees_3","E10",11,"1008","sample","Bees","","Andrea","Hymenoptera","Apidae","Apinae","Meliponini","Trigona","Trigona","","","Paucartambo","Tono","Peru","","20221114",NA,NA,NA,NA,NA,"","","to",785,20.98124543,"-12.95947 S","-71.53069 W","Paucartambo","","Kosnipata","Human settlement or closeby, open canopy, river nerby",NA,NA,NA,NA,NA,"","","","","","","Meliponini","","","",NA,"",1000,"Tono","netting","Apidae","Trigona","Trigona_amazonensis","Trigona","Trigona","Trigona","A4_to_20221114_01008",FALSE,FALSE
"A4.to.20221114.01009_S93","16S_AW_Butterfly_Peru_bees","A4_to_20221114_01009","Bees",NA,"A4_bees_3","E11",11,"1009","sample","Bees","","Andrea","Hymenoptera","Apidae","Apinae","Meliponini","Trigona","Trigona","","","Paucartambo","Tono","Peru","","20221114",NA,NA,NA,NA,NA,"","","to",785,20.98124543,"-12.95947 S","-71.53069 W","Paucartambo","","Kosnipata","Human settlement or closeby, open canopy, river nerby",NA,NA,NA,NA,NA,"","","","","","","Meliponini","","","",NA,"",1000,"Tono","netting","Apidae","Trigona","Trigona_amazonensis","Trigona","Trigona","Trigona","A4_to_20221114_01009",FALSE,FALSE
"A4.to.20221114.01010_S94","16S_AW_Butterfly_Peru_bees","A4_to_20221114_01010","Bees",NA,"A4_bees_3","E12",11,"1010","sample","Bees","","Andrea","Hymenoptera","Apidae","Apinae","Meliponini","Trigona","Trigona","","","Paucartambo","Tono","Peru","","20221114",NA,NA,NA,NA,NA,"","","to",785,20.98124543,"-12.95947 S","-71.53069 W","Paucartambo","","Kosnipata","Human settlement or closeby, open canopy, river nerby",NA,NA,NA,NA,NA,"","","","","","","Meliponini","","","",NA,"",1000,"Tono","netting","Apidae","Trigona","Trigona_amazonensis","Trigona","Trigona","Trigona","A4_to_20221114_01010",FALSE,FALSE
"A4.to.20221114.01011_S95","16S_AW_Butterfly_Peru_bees","A4_to_20221114_01011","Bees",NA,"A4_bees_3","F1",11,"1011","sample","Bees","","Andrea","Hymenoptera","Apidae","Apinae","Apini","Apis","Apis","","","Paucartambo","Tono","Peru","","20221114",NA,NA,NA,NA,NA,"","","to",785,20.98124543,"-12.95947 S","-71.53069 W","Paucartambo","","Kosnipata","Human settlement or closeby, open canopy, river nerby",NA,NA,NA,NA,NA,"","","","","","","Apis","","","",NA,"",1000,"Tono","netting","Apidae","Apis","Apis melifera","Apis","Apis melifera","Apis","A4_to_20221114_01011",FALSE,FALSE
"A4.to.20221114.01012_S97","16S_AW_Butterfly_Peru_bees","A4_to_20221114_01012","Bees",NA,"A4_bees_3","F2",11,"1012","sample","Bees","","Andrea","Hymenoptera","Apidae","Apinae","Apini","Apis","Apis","","","Paucartambo","Tono","Peru","","20221114",NA,NA,NA,NA,NA,"","","to",785,20.98124543,"-12.95947 S","-71.53069 W","Paucartambo","","Kosnipata","Human settlement or closeby, open canopy, river nerby",NA,NA,NA,NA,NA,"","","","","","","Apis","","","",NA,"",1000,"Tono","netting","Apidae","Apis","Apis melifera","Apis","Apis melifera","Apis","A4_to_20221114_01012",FALSE,FALSE
"A4.to.20221114.01013_S98","16S_AW_Butterfly_Peru_bees","A4_to_20221114_01013","Bees",NA,"A4_bees_3","F3",11,"1013","sample","Bees","","Andrea","Hymenoptera","Apidae","Apinae","Apini","Apis","Apis","","","Paucartambo","Tono","Peru","","20221114",NA,NA,NA,NA,NA,"","","to",785,20.98124543,"-12.95947 S","-71.53069 W","Paucartambo","","Kosnipata","Human settlement or closeby, open canopy, river nerby",NA,NA,NA,NA,NA,"","","","","","","Apis","","","",NA,"",1000,"Tono","netting","Apidae","Apis","Apis melifera","Apis","Apis melifera","Apis","A4_to_20221114_01013",FALSE,FALSE
"A4.to.20221114.01014_S100","16S_AW_Butterfly_Peru_bees","A4_to_20221114_01014","Bees",NA,"A4_bees_3","F4",11,"1014","sample","Bees","","Andrea","Hymenoptera","Halictidae","Halictinae","Augochlorini","Augochlora","Augochlora","","","Paucartambo","Tono","Peru","","20221114",NA,NA,NA,NA,NA,"","","to",785,20.98124543,"-12.95947 S","-71.53069 W","Paucartambo","","Kosnipata","Human settlement or closeby, open canopy, river nerby",NA,NA,NA,NA,NA,"","","","","","","Halictidae_diurnal","","","",NA,"",1000,"Tono","netting","","","",NA,"Augochlora","Augochlora","A4_to_20221114_01014",FALSE,FALSE
"A4.to.20221114.01015_S101","16S_AW_Butterfly_Peru_bees","A4_to_20221114_01015","Bees",NA,"A4_bees_3","F5",11,"1015","sample","Bees","","Andrea","Hymenoptera","Halictidae","Halictinae","Halictinae","Lasioglossum","Lasioglossum","","","Paucartambo","Tono","Peru","","20221114",NA,NA,NA,NA,NA,"","","to",785,20.98124543,"-12.95947 S","-71.53069 W","Paucartambo","","Kosnipata","Human settlement or closeby, open canopy, river nerby",NA,NA,NA,NA,NA,"","","","","","","Halictidae_diurnal","","","",NA,"",1000,"Tono","netting","Halictidae","Lasioglossum","","Lasioglossum","Lasioglossum","Lasioglossum","A4_to_20221114_01015",FALSE,FALSE
"A4.to.20221114.01016_S102","16S_AW_Butterfly_Peru_bees","A4_to_20221114_01016","Bees",NA,"A4_bees_3","F6",11,"1016","sample","Bees","","Andrea","Hymenoptera","Halictidae","Halictinae","Halictinae","Lasioglossum","Lasioglossum","","","Paucartambo","Tono","Peru","","20221114",NA,NA,NA,NA,NA,"","","to",785,20.98124543,"-12.95947 S","-71.53069 W","Paucartambo","","Kosnipata","Human settlement or closeby, open canopy, river nerby",NA,NA,NA,NA,NA,"","","","","","","Halictidae_diurnal","","","",NA,"",1000,"Tono","netting","Halictidae","Lasioglossum","","Lasioglossum","Lasioglossum","Lasioglossum","A4_to_20221114_01016",FALSE,FALSE
"A4.to.20221114.01018_S104","16S_AW_Butterfly_Peru_bees","A4_to_20221114_01018","Bees",NA,"A4_bees_3","F8",11,"1018","sample","Bees","","Andrea","Hymenoptera","Halictidae","Halictinae","Augochlorini","Augochlora","Augochlora","","","Paucartambo","Tono","Peru","","20221114",NA,NA,NA,NA,NA,"","","to",785,20.98124543,"-12.95947 S","-71.53069 W","Paucartambo","","Kosnipata","Human settlement or closeby, open canopy, river nerby",NA,NA,NA,NA,NA,"","","","","","","Halictidae_diurnal","","","",NA,"",1000,"Tono","netting","","","",NA,"Augochlora","Augochlora","A4_to_20221114_01018",FALSE,FALSE
"A4.to.20221114.01020_S106","16S_AW_Butterfly_Peru_bees","A4_to_20221114_01020","Bees",NA,"A4_bees_3","F10",11,"1020","sample","Bees","","Andrea","Hymenoptera","Halictidae","Halictinae","Halictinae","Lasioglossum","Lasioglossum","","","Paucartambo","Tono","Peru","","20221114",NA,NA,NA,NA,NA,"","","to",785,20.98124543,"-12.95947 S","-71.53069 W","Paucartambo","","Kosnipata","Human settlement or closeby, open canopy, river nerby",NA,NA,NA,NA,NA,"","","","","","","Halictidae_diurnal","","","",NA,"",1000,"Tono","netting","Halictidae","Lasioglossum","",NA,"Lasioglossum","Lasioglossum","A4_to_20221114_01020",FALSE,FALSE
"A4.to.20221114.01022_S108","16S_AW_Butterfly_Peru_bees","A4_to_20221114_01022","Bees",NA,"A4_bees_3","F12",11,"1022","sample","Bees","","Andrea","Hymenoptera","Halictidae","Halictinae","Halictinae","Halictinae","Halictidae_diurnal","","","Paucartambo","Tono","Peru","","20221114",NA,NA,NA,NA,NA,"","","to",785,20.98124543,"-12.95947 S","-71.53069 W","Paucartambo","","Kosnipata","Human settlement or closeby, open canopy, river nerby",NA,NA,NA,NA,NA,"","","","","","","Halictidae_diurnal","","","",NA,"",1000,"Tono","netting",NA,NA,NA,NA,"Halictidae_diurnal","Halictidae_diurnal","A4_to_20221114_01022",FALSE,FALSE
"A4.to.20221114.01023_S109","16S_AW_Butterfly_Peru_bees","A4_to_20221114_01023","Bees",NA,"A4_bees_3","G1",11,"1023","sample","Bees","","Andrea","Hymenoptera","Halictidae","Halictinae","Halictinae","Halictinae","Halictidae_diurnal","","","Paucartambo","Tono","Peru","","20221114",NA,NA,NA,NA,NA,"","","to",785,20.98124543,"-12.95947 S","-71.53069 W","Paucartambo","","Kosnipata","Human settlement or closeby, open canopy, river nerby",NA,NA,NA,NA,NA,"","","","","","","Halictidae_diurnal","","","",NA,"",1000,"Tono","netting",NA,NA,NA,NA,"Halictidae_diurnal","Halictidae_diurnal","A4_to_20221114_01023",FALSE,FALSE
"A4.to.20221114.01024_S110","16S_AW_Butterfly_Peru_bees","A4_to_20221114_01024","Bees",NA,"A4_bees_3","G2",11,"1024","sample","Bees","","Andrea","Hymenoptera","Halictidae","Halictinae","Halictinae","Halictinae","Halictidae_diurnal","","","Paucartambo","Tono","Peru","","20221114",NA,NA,NA,NA,NA,"","","to",785,20.98124543,"-12.95947 S","-71.53069 W","Paucartambo","","Kosnipata","Human settlement or closeby, open canopy, river nerby",NA,NA,NA,NA,NA,"","","","","","","Halictidae_diurnal","","","",NA,"",1000,"Tono","netting",NA,NA,NA,NA,"Halictidae_diurnal","Halictidae_diurnal","A4_to_20221114_01024",FALSE,FALSE
"A4.to.20221114.01025_S111","16S_AW_Butterfly_Peru_bees","A4_to_20221114_01025","Bees",NA,"A4_bees_3","G3",11,"1025","sample","Bees","","Andrea","Hymenoptera","Halictidae","Halictinae","Halictinae","Halictinae","Halictidae_diurnal","","","Paucartambo","Tono","Peru","","20221114",NA,NA,NA,NA,NA,"","","to",785,20.98124543,"-12.95947 S","-71.53069 W","Paucartambo","","Kosnipata","Human settlement or closeby, open canopy, river nerby",NA,NA,NA,NA,NA,"","","","","","","Halictidae_diurnal","","","",NA,"",1000,"Tono","netting",NA,NA,NA,NA,"Halictidae_diurnal","Halictidae_diurnal","A4_to_20221114_01025",FALSE,FALSE
"A4.to.20221114.01026_S112","16S_AW_Butterfly_Peru_bees","A4_to_20221114_01026","Bees",NA,"A4_bees_3","G4",11,"1026","sample","Bees","","Andrea","Hymenoptera","Halictidae","Halictinae","Augochlorini","Augochloropsis","Augochloropsis","","","Paucartambo","Tono","Peru","","20221114",NA,NA,NA,NA,NA,"","","to",785,20.98124543,"-12.95947 S","-71.53069 W","Paucartambo","","Kosnipata","Human settlement or closeby, open canopy, river nerby",NA,NA,NA,NA,NA,"","","","","","","Halictidae_diurnal","","","",NA,"",1000,"Tono","netting","","","",NA,"Augochloropsis","Augochloropsis","A4_to_20221114_01026",FALSE,FALSE
"A4.to.20221114.01027_S113","16S_AW_Butterfly_Peru_bees","A4_to_20221114_01027","Bees",NA,"A4_bees_3","G5",11,"1027","sample","Bees","","Andrea","Hymenoptera","Halictidae","Halictinae","Augochlorini","Augochlora","Augochlora","","","Paucartambo","Tono","Peru","","20221114",NA,NA,NA,NA,NA,"","","to",785,20.98124543,"-12.95947 S","-71.53069 W","Paucartambo","","Kosnipata","Human settlement or closeby, open canopy, river nerby",NA,NA,NA,NA,NA,"","","","","","","Halictidae_diurnal","","","",NA,"",1000,"Tono","netting","Halictidae","Augochlora","","Augochlora","Augochlora","Augochlora","A4_to_20221114_01027",FALSE,FALSE
"A4.to.20221114.01028_S114","16S_AW_Butterfly_Peru_bees","A4_to_20221114_01028","Bees",NA,"A4_bees_3","G6",11,"1028","sample","Bees","","Andrea","Hymenoptera","Halictidae","Halictinae","Halictinae","Halictinae","Halictidae_diurnal","","","Paucartambo","Tono","Peru","","20221114",NA,NA,NA,NA,NA,"","","to",785,20.98124543,"-12.95947 S","-71.53069 W","Paucartambo","","Kosnipata","Human settlement or closeby, open canopy, river nerby",NA,NA,NA,NA,NA,"","","","","","","Halictidae_diurnal","","","",NA,"",1000,"Tono","netting",NA,NA,NA,NA,"Halictidae_diurnal","Halictidae_diurnal","A4_to_20221114_01028",FALSE,FALSE
"A4.to.20221114.01029_S115","16S_AW_Butterfly_Peru_bees","A4_to_20221114_01029","Bees",NA,"A4_bees_3","G7",11,"1029","sample","Bees","","Andrea","Hymenoptera","Halictidae","Halictinae","Augochlorini","Augochloropsis","Augochloropsis","","","Paucartambo","Tono","Peru","","20221114",NA,NA,NA,NA,NA,"","","to",785,20.98124543,"-12.95947 S","-71.53069 W","Paucartambo","","Kosnipata","Human settlement or closeby, open canopy, river nerby",NA,NA,NA,NA,NA,"","","","","","","Halictidae_diurnal","","","",NA,"",1000,"Tono","netting","","","",NA,"Augochloropsis","Augochloropsis","A4_to_20221114_01029",FALSE,FALSE
"A4.to.20221114.01030_S116","16S_AW_Butterfly_Peru_bees","A4_to_20221114_01030","Bees",NA,"A4_bees_3","G8",11,"1030","sample","Bees","","Andrea","Hymenoptera","Halictidae","Halictinae","Augochlorini","Augochloropsis","Augochloropsis","","","Paucartambo","Tono","Peru","","20221114",NA,NA,NA,NA,NA,"","","to",785,20.98124543,"-12.95947 S","-71.53069 W","Paucartambo","","Kosnipata","Human settlement or closeby, open canopy, river nerby",NA,NA,NA,NA,NA,"","","","","","","Halictidae_diurnal","","","",NA,"",1000,"Tono","netting","Halictidae","Augochloropsis","","Augochloropsis","Augochloropsis","Augochloropsis","A4_to_20221114_01030",FALSE,FALSE
"A4.to.20221114.01031_S117","16S_AW_Butterfly_Peru_bees","A4_to_20221114_01031","Bees",NA,"A4_bees_3","G9",11,"1031","sample","Bees","","Andrea","Hymenoptera","Halictidae","Halictinae","Augochlorini","Augochloropsis","Augochloropsis","","","Paucartambo","Tono","Peru","","20221114",NA,NA,NA,NA,NA,"","","to",785,20.98124543,"-12.95947 S","-71.53069 W","Paucartambo","","Kosnipata","Human settlement or closeby, open canopy, river nerby",NA,NA,NA,NA,NA,"","","","","","","Halictidae_diurnal","","","",NA,"",1000,"Tono","netting","","","",NA,"Augochloropsis","Augochloropsis","A4_to_20221114_01031",FALSE,FALSE
"A4.vca.20220926.00102_S285","16S_AW_Butterfly_Peru_bees","A4_vca_20220926_00102","Bees",NA,"A4_bees_1","E10",1,"102","sample","Bees","","Andrea","Hymenoptera","Apidae","Apinae","Bombini","Bombus","Bombus","funebris","","Paucartambo","Villa Carmen","Peru","","20220926",NA,NA,NA,NA,NA,"","","vca",500,22.97684105,"-12,89514 S","-71,40374 W","Paucartambo","","Kosnipata","(Secondary forest, river nerby, canopy closed) Human settlement or closeby, open canopy, road",NA,NA,NA,NA,NA,"","","","","","","Bombus","","","",NA,"",9000,"Villa Carmen","netting",NA,NA,NA,"Bombus","Bombus","Bombus","A4_vca_20220926_00102",FALSE,FALSE
"A4.vca.20220926.00103_S229","16S_AW_Butterfly_Peru_bees","A4_vca_20220926_00103","Bees",NA,"A4_bees_1","A4",1,"103","sample","Bees","","Andrea","Hymenoptera","Apidae","Apinae","Bombini","Bombus","Bombus","transversalis","","Paucartambo","Villa Carmen","Peru","","20220926",NA,NA,NA,NA,NA,"","","vca",500,22.97684105,"-12,89514 S","-71,40374 W","Paucartambo","","Kosnipata","(Secondary forest, river nerby, canopy closed) Human settlement or closeby, open canopy, road",NA,NA,NA,NA,NA,"","","","","","","Bombus","","","",NA,"",9000,"Villa Carmen","netting","Apidae","Bombus","Bombus transversalis","Bombus","Bombus transversalis","Bombus","A4_vca_20220926_00103",FALSE,FALSE
"A4.vca.20220926.00104_S230","16S_AW_Butterfly_Peru_bees","A4_vca_20220926_00104","Bees",NA,"A4_bees_1","A5",1,"104","sample","Bees","","Andrea","Hymenoptera","Apidae","Apinae","Bombini","Bombus","Bombus","transversalis","","Paucartambo","Villa Carmen","Peru","","20220926",NA,NA,NA,NA,NA,"","","vca",500,22.97684105,"-12,89514 S","-71,40374 W","Paucartambo","","Kosnipata","(Secondary forest, river nerby, canopy closed) Human settlement or closeby, open canopy, road",NA,NA,NA,NA,NA,"","","","","","","Bombus","","","",NA,"",9000,"Villa Carmen","netting","Apidae","Bombus","Bombus transversalis","Bombus","Bombus transversalis","Bombus","A4_vca_20220926_00104",FALSE,FALSE
"A4.vca.20220926.00105_S231","16S_AW_Butterfly_Peru_bees","A4_vca_20220926_00105","Bees",NA,"A4_bees_1","A6",1,"105","sample","Bees","","Andrea","Hymenoptera","Apidae","Apinae","Bombini","Bombus","Bombus","transversalis","","Paucartambo","Villa Carmen","Peru","","20220926",NA,NA,NA,NA,NA,"","","vca",500,22.97684105,"-12,89514 S","-71,40374 W","Paucartambo","","Kosnipata","(Secondary forest, river nerby, canopy closed) Human settlement or closeby, open canopy, road",NA,NA,NA,NA,NA,"","","","","","","Bombus","","","",NA,"",9000,"Villa Carmen","netting","Apidae","Bombus","Bombus transversalis","Bombus","Bombus transversalis","Bombus","A4_vca_20220926_00105",FALSE,FALSE
"A4.vca.20220926.00106_S232","16S_AW_Butterfly_Peru_bees","A4_vca_20220926_00106","Bees",NA,"A4_bees_1","A7",1,"106","sample","Bees","","Andrea","Hymenoptera","Apidae","Apinae","Bombini","Bombus","Bombus","transversalis","","Paucartambo","Villa Carmen","Peru","","20220926",NA,NA,NA,NA,NA,"","","vca",500,22.97684105,"-12,89514 S","-71,40374 W","Paucartambo","","Kosnipata","(Secondary forest, river nerby, canopy closed) Human settlement or closeby, open canopy, road",NA,NA,NA,NA,NA,"","","","","","","Bombus","","","",NA,"",9000,"Villa Carmen","netting","Apidae","Bombus","Bombus transversalis","Bombus","Bombus transversalis","Bombus","A4_vca_20220926_00106",FALSE,FALSE
"A4.vca.20220926.00107_S233","16S_AW_Butterfly_Peru_bees","A4_vca_20220926_00107","Bees",NA,"A4_bees_1","A8",1,"107","sample","Bees","","Andrea","Hymenoptera","Apidae","Apinae","Euglossini","Eufriesea","Eufriesea","","","Paucartambo","Villa Carmen","Peru","","20220926",NA,NA,NA,NA,NA,"","","vca",500,22.97684105,"-12,89514 S","-71,40374 W","Paucartambo","","Kosnipata","(Secondary forest, river nerby, canopy closed) Human settlement or closeby, open canopy, road",NA,NA,NA,NA,NA,"","","","","","","Euglossini","","","",NA,"",9000,"Villa Carmen","netting","","","","Eufriesea","Eufriesea","Eufriesea","A4_vca_20220926_00107",FALSE,FALSE
"A4.vca.20220926.00108_S287","16S_AW_Butterfly_Peru_bees","A4_vca_20220926_00108","Bees",NA,"A4_bees_1","F1",1,"108","sample","Bees","","Andrea","Hymenoptera","Apidae","Apinae","Euglossini","Euglossa","Euglossa","sp1","","Paucartambo","Villa Carmen","Peru","","20220926",NA,NA,NA,NA,NA,"","","vca",500,22.97684105,"-12,89514 S","-71,40374 W","Paucartambo","","Kosnipata","(Secondary forest, river nerby, canopy closed) Human settlement or closeby, open canopy, road",NA,NA,NA,NA,NA,"","","","","","","Euglossini","","","",NA,"",9000,"Villa Carmen","netting","Apidae","Euglossa","Euglossa_townsendi","Euglossa","Euglossa","Euglossa","A4_vca_20220926_00108",FALSE,FALSE
"A4.vca.20220926.00109_S289","16S_AW_Butterfly_Peru_bees","A4_vca_20220926_00109","Bees",NA,"A4_bees_1","F2",1,"109","sample","Bees","","Andrea","Hymenoptera","Apidae","Apinae","Euglossini","Euglossa","Euglossa","sp1","","Paucartambo","Villa Carmen","Peru","","20220926",NA,NA,NA,NA,NA,"","","vca",500,22.97684105,"-12,89514 S","-71,40374 W","Paucartambo","","Kosnipata","(Secondary forest, river nerby, canopy closed) Human settlement or closeby, open canopy, road",NA,NA,NA,NA,NA,"","","","","","","Euglossini","","","",NA,"",9000,"Villa Carmen","netting","Apidae","Euglossa","Euglossa_glanntupperi","Euglossa","Euglossa","Euglossa","A4_vca_20220926_00109",FALSE,FALSE
"A4.vca.20220926.00111_S234","16S_AW_Butterfly_Peru_bees","A4_vca_20220926_00111","Bees",NA,"A4_bees_1","A9",1,"111","sample","Bees","","Andrea","Hymenoptera","Apidae","Apinae","Meliponini","Trigona","Trigona","sp1","","Paucartambo","Villa Carmen","Peru","","20220926",NA,NA,NA,NA,NA,"","","vca",500,22.97684105,"-12,89514 S","-71,40374 W","Paucartambo","","Kosnipata","(Secondary forest, river nerby, canopy closed) Human settlement or closeby, open canopy, road",NA,NA,NA,NA,NA,"","","","","","","Meliponini","","","",NA,"",9000,"Villa Carmen","netting","Apidae","Trigona","Trigona_amalthea","Trigona","Trigona","Trigona","A4_vca_20220926_00111",FALSE,FALSE
"A4.vca.20220926.00112_S239","16S_AW_Butterfly_Peru_bees","A4_vca_20220926_00112","Bees",NA,"A4_bees_1","B1",1,"112","sample","Bees","","Andrea","Hymenoptera","Apidae","Apinae","Meliponini","Trigona","Trigona","chanchamayoensis","","Paucartambo","Villa Carmen","Peru","","20220926",NA,NA,NA,NA,NA,"","","vca",500,22.97684105,"-12,89514 S","-71,40374 W","Paucartambo","","Kosnipata","(Secondary forest, river nerby, canopy closed) Human settlement or closeby, open canopy, road",NA,NA,NA,NA,NA,"","","","","","","Meliponini","","","",NA,"",9000,"Villa Carmen","netting",NA,NA,NA,"Trigona","Trigona","Trigona","A4_vca_20220926_00112",FALSE,FALSE
"A4.vca.20220926.00113_S240","16S_AW_Butterfly_Peru_bees","A4_vca_20220926_00113","Bees",NA,"A4_bees_1","B2",1,"113","sample","Bees","","Andrea","Hymenoptera","Apidae","Apinae","Meliponini","Trigona","Trigona","chanchamayoensis","","Paucartambo","Villa Carmen","Peru","","20220926",NA,NA,NA,NA,NA,"","","vca",500,22.97684105,"-12,89514 S","-71,40374 W","Paucartambo","","Kosnipata","(Secondary forest, river nerby, canopy closed) Human settlement or closeby, open canopy, road",NA,NA,NA,NA,NA,"","","","","","","Meliponini","","","",NA,"",9000,"Villa Carmen","netting","Apidae","Frieseomelitta","Frieseomelitta_flavicornis","Trigona.Frieseomelitta","Trigona","Trigona","A4_vca_20220926_00113",FALSE,FALSE
"A4.vca.20220926.00114_S241","16S_AW_Butterfly_Peru_bees","A4_vca_20220926_00114","Bees",NA,"A4_bees_1","B3",1,"114","sample","Bees","","Andrea","Hymenoptera","Apidae","Apinae","Meliponini","Trigona","Trigona","chanchamayoensis","","Paucartambo","Villa Carmen","Peru","","20220926",NA,NA,NA,NA,NA,"","","vca",500,22.97684105,"-12,89514 S","-71,40374 W","Paucartambo","","Kosnipata","(Secondary forest, river nerby, canopy closed) Human settlement or closeby, open canopy, road",NA,NA,NA,NA,NA,"","","","","","","Meliponini","","","",NA,"",9000,"Villa Carmen","netting",NA,NA,NA,"Trigona","Trigona","Trigona","A4_vca_20220926_00114",FALSE,FALSE
"A4.vca.20220926.00115_S242","16S_AW_Butterfly_Peru_bees","A4_vca_20220926_00115","Bees",NA,"A4_bees_1","B4",1,"115","sample","Bees","","Andrea","Hymenoptera","Apidae","Apinae","Meliponini","Trigona","Trigona","chanchamayoensis","","Paucartambo","Villa Carmen","Peru","","20220926",NA,NA,NA,NA,NA,"","","vca",500,22.97684105,"-12,89514 S","-71,40374 W","Paucartambo","","Kosnipata","(Secondary forest, river nerby, canopy closed) Human settlement or closeby, open canopy, road",NA,NA,NA,NA,NA,"","","","","","","Meliponini","","","",NA,"",9000,"Villa Carmen","netting","Apidae","Frieseomelitta","Frieseomelitta_flavicornis","Trigona.Frieseomelitta","Trigona","Trigona","A4_vca_20220926_00115",FALSE,FALSE
"A4.vca.20220926.00116_S226","16S_AW_Butterfly_Peru_bees","A4_vca_20220926_00116","Bees",NA,"A4_bees_1","A1",1,"116","sample","Bees","","Andrea","Hymenoptera","Apidae","Apinae","Apini","Apis","Apis","melifera ligustica","","Paucartambo","Villa Carmen","Peru","","20220926",NA,NA,NA,NA,NA,"","","vca",500,22.97684105,"-12,89514 S","-71,40374 W","Paucartambo","","Kosnipata","(Secondary forest, river nerby, canopy closed) Human settlement or closeby, open canopy, road",NA,NA,NA,NA,NA,"","","","","","","Apis","","","",NA,"",9000,"Villa Carmen","netting","Apidae","Apis","Apis melifera","Apis","Apis melifera","Apis","A4_vca_20220926_00116",FALSE,FALSE
"A4.vca.20220926.00117_S227","16S_AW_Butterfly_Peru_bees","A4_vca_20220926_00117","Bees",NA,"A4_bees_1","A2",1,"117","sample","Bees","","Andrea","Hymenoptera","Apidae","Apinae","Apini","Apis","Apis","melifera ligustica","","Paucartambo","Villa Carmen","Peru","","20220926",NA,NA,NA,NA,NA,"","","vca",500,22.97684105,"-12,89514 S","-71,40374 W","Paucartambo","","Kosnipata","(Secondary forest, river nerby, canopy closed) Human settlement or closeby, open canopy, road",NA,NA,NA,NA,NA,"","","","","","","Apis","","","",NA,"",9000,"Villa Carmen","netting","Apidae","Apis","Apis melifera","Apis","Apis melifera","Apis","A4_vca_20220926_00117",FALSE,FALSE
"A4.vca.20220926.00118_S228","16S_AW_Butterfly_Peru_bees","A4_vca_20220926_00118","Bees",NA,"A4_bees_1","A3",1,"118","sample","Bees","","Andrea","Hymenoptera","Apidae","Apinae","Apini","Apis","Apis","melifera ligustica","","Paucartambo","Villa Carmen","Peru","","20220926",NA,NA,NA,NA,NA,"","","vca",500,22.97684105,"-12,89514 S","-71,40374 W","Paucartambo","","Kosnipata","(Secondary forest, river nerby, canopy closed) Human settlement or closeby, open canopy, road",NA,NA,NA,NA,NA,"","","","","","","Apis","","","",NA,"",9000,"Villa Carmen","netting","Apidae","Apis","Apis melifera","Apis","Apis melifera","Apis","A4_vca_20220926_00118",FALSE,FALSE
"A4.vca.20220926.00121_S236","16S_AW_Butterfly_Peru_bees","A4_vca_20220926_00121","Bees",NA,"A4_bees_1","A10",1,"121","sample","Bees","","Andrea","Hymenoptera","Halictidae","Halictinae","Halictinae","Halictinae","Halictidae_diurnal","","","Paucartambo","Villa Carmen","Peru","","20220926",NA,NA,NA,NA,NA,"","","vca",500,22.97684105,"-12,89514 S","-71,40374 W","Paucartambo","","Kosnipata","(Secondary forest, river nerby, canopy closed) Human settlement or closeby, open canopy, road",NA,NA,NA,NA,NA,"","","","","","","Halictidae_diurnal","","","",NA,"",9000,"Villa Carmen","netting",NA,NA,NA,NA,"Halictidae_diurnal","Halictidae_diurnal","A4_vca_20220926_00121",FALSE,FALSE
"A4.vca.20220926.00133_S286","16S_AW_Butterfly_Peru_bees","A4_vca_20220926_00133","Bees",NA,"A4_bees_1","E12",1,"133","sample","Bees","","Andrea","Hymenoptera","Halictidae","Halictinae","Halictinae","Lasioglossum","Lasioglossum","","","Paucartambo","Villa Carmen","Peru","","20220926",NA,NA,NA,NA,NA,"","","vca",500,22.97684105,"-12,89514 S","-71,40374 W","Paucartambo","","Kosnipata","(Secondary forest, river nerby, canopy closed) Human settlement or closeby, open canopy, road",NA,NA,NA,NA,NA,"","","","","","","Halictidae_diurnal","","","",NA,"",9000,"Villa Carmen","netting",NA,NA,NA,"Lasioglossum","Lasioglossum","Lasioglossum","A4_vca_20220926_00133",FALSE,FALSE
"A4.vca.20220926.00134_S292","16S_AW_Butterfly_Peru_bees","A4_vca_20220926_00134","Bees",NA,"A4_bees_1","F4",1,"134","sample","Bees","","Andrea","Hymenoptera","Apidae","Apinae","Euglossini","Euglossa","Euglossa","sp1","","Paucartambo","Villa Carmen","Peru","","20220926",NA,NA,NA,NA,NA,"","","vca",500,22.97684105,"-12,89514 S","-71,40374 W","Paucartambo","","Kosnipata","(Secondary forest, river nerby, canopy closed) Human settlement or closeby, open canopy, road",NA,NA,NA,NA,NA,"","","","","","","Euglossini","","","",NA,"",9000,"Villa Carmen","netting","Apidae","Euglossa","Euglossa_townsendi","Euglossa","Euglossa","Euglossa","A4_vca_20220926_00134",FALSE,FALSE
"A4.vca.20220926.00136_S267","16S_AW_Butterfly_Peru_bees","A4_vca_20220926_00136","Bees",NA,"A4_bees_1","D3",1,"136","sample","Bees","","Andrea","Hymenoptera","Apidae","Apinae","Euglossini","Euglossa","Euglossa","sp1","","Paucartambo","Villa Carmen","Peru","","20220926",NA,NA,NA,NA,NA,"","","vca",500,22.97684105,"-12,89514 S","-71,40374 W","Paucartambo","","Kosnipata","(Secondary forest, river nerby, canopy closed) Human settlement or closeby, open canopy, road",NA,NA,NA,NA,NA,"","","","","","","Euglossini","","","",NA,"",9000,"Villa Carmen","netting","Apidae","Euglossa","Euglossa_townsendi","Euglossa","Euglossa","Euglossa","A4_vca_20220926_00136",FALSE,FALSE
"A4.vca.20220926.00137_S293","16S_AW_Butterfly_Peru_bees","A4_vca_20220926_00137","Bees",NA,"A4_bees_1","F5",1,"137","sample","Bees","","Andrea","Hymenoptera","Apidae","Apinae","Euglossini","Euglossa","Euglossa","sp2","","Paucartambo","Villa Carmen","Peru","","20220926",NA,NA,NA,NA,NA,"","","vca",500,22.97684105,"-12,89514 S","-71,40374 W","Paucartambo","","Kosnipata","(Secondary forest, river nerby, canopy closed) Human settlement or closeby, open canopy, road",NA,NA,NA,NA,NA,"","","","","","","Euglossini","","","",NA,"",9000,"Villa Carmen","netting","Apidae","Euglossa","Euglossa_glanntupperi","Euglossa","Euglossa","Euglossa","A4_vca_20220926_00137",FALSE,FALSE
"A4.vca.20220926.00138_S290","16S_AW_Butterfly_Peru_bees","A4_vca_20220926_00138","Bees",NA,"A4_bees_1","F3",1,"138","sample","Bees","","Andrea","Hymenoptera","Apidae","Apinae","Euglossini","Euglossa","Euglossa","sp1","","Paucartambo","Villa Carmen","Peru","","20220926",NA,NA,NA,NA,NA,"","","vca",500,22.97684105,"-12,89514 S","-71,40374 W","Paucartambo","","Kosnipata","(Secondary forest, river nerby, canopy closed) Human settlement or closeby, open canopy, road",NA,NA,NA,NA,NA,"","","","","","","Euglossini","","","",NA,"",9000,"Villa Carmen","netting","Apidae","Euglossa","Euglossa_glanntupperi","Euglossa","Euglossa","Euglossa","A4_vca_20220926_00138",FALSE,FALSE
"A4.vca.20220926.00141_S282","16S_AW_Butterfly_Peru_bees","A4_vca_20220926_00141","Bees",NA,"A4_bees_1","E7",1,"141","sample","Bees","","Andrea","Hymenoptera","Apidae","Apinae","Meliponini","Paratrigona","Paratrigona","","","Paucartambo","Villa Carmen","Peru","","20220926",NA,NA,NA,NA,NA,"","","vca",500,22.97684105,"-12,89514 S","-71,40374 W","Paucartambo","","Kosnipata","(Secondary forest, river nerby, canopy closed) Human settlement or closeby, open canopy, road",NA,NA,NA,NA,NA,"","","","","","","Meliponini","","","",NA,"",9000,"Villa Carmen","netting","Apidae","","","Paratrigona","Paratrigona","Paratrigona","A4_vca_20220926_00141",FALSE,FALSE
"A4.vca.20220926.00142_S283","16S_AW_Butterfly_Peru_bees","A4_vca_20220926_00142","Bees",NA,"A4_bees_1","E8",1,"142","sample","Bees","","Andrea","Hymenoptera","Apidae","Apinae","Meliponini","Paratrigona","Paratrigona","","","Paucartambo","Villa Carmen","Peru","","20220926",NA,NA,NA,NA,NA,"","","vca",500,22.97684105,"-12,89514 S","-71,40374 W","Paucartambo","","Kosnipata","(Secondary forest, river nerby, canopy closed) Human settlement or closeby, open canopy, road",NA,NA,NA,NA,NA,"","","","","","","Meliponini","","","",NA,"",9000,"Villa Carmen","netting","Apidae","","","Paratrigona","Paratrigona","Paratrigona","A4_vca_20220926_00142",FALSE,FALSE
"A4.vca.20220926.00143_S280","16S_AW_Butterfly_Peru_bees","A4_vca_20220926_00143","Bees",NA,"A4_bees_1","E5",1,"143","sample","Bees","","Andrea","Hymenoptera","Apidae","Apinae","Meliponini","Trigona","Trigona","","","Paucartambo","Villa Carmen","Peru","","20220926",NA,NA,NA,NA,NA,"","","vca",500,22.97684105,"-12,89514 S","-71,40374 W","Paucartambo","","Kosnipata","(Secondary forest, river nerby, canopy closed) Human settlement or closeby, open canopy, road",NA,NA,NA,NA,NA,"","","","","","","Meliponini","","","",NA,"",9000,"Villa Carmen","netting","Apidae","","","Trigona","Trigona","Trigona","A4_vca_20220926_00143",FALSE,FALSE
"A4.vca.20220926.00144_S264","16S_AW_Butterfly_Peru_bees","A4_vca_20220926_00144","Bees",NA,"A4_bees_1","D1",1,"144","sample","Bees","","Andrea","Hymenoptera","Apidae","Apinae","Meliponini","Trigona","Trigona","sp1","","Paucartambo","Villa Carmen","Peru","","20220926",NA,NA,NA,NA,NA,"","","vca",500,22.97684105,"-12,89514 S","-71,40374 W","Paucartambo","","Kosnipata","(Secondary forest, river nerby, canopy closed) Human settlement or closeby, open canopy, road",NA,NA,NA,NA,NA,"","","","","","","Meliponini","","","",NA,"",9000,"Villa Carmen","netting","Apidae","Trigona","Trigona_amalthea","Trigona","Trigona","Trigona","A4_vca_20220926_00144",FALSE,FALSE
"A4.vca.20220926.00145_S278","16S_AW_Butterfly_Peru_bees","A4_vca_20220926_00145","Bees",NA,"A4_bees_1","E3",1,"145","sample","Bees","","Andrea","Hymenoptera","Halictidae","Halictinae","Halictinae","Lasioglossum","Lasioglossum","","","Paucartambo","Villa Carmen","Peru","","20220926",NA,NA,NA,NA,NA,"","","vca",500,22.97684105,"-12,89514 S","-71,40374 W","Paucartambo","","Kosnipata","(Secondary forest, river nerby, canopy closed) Human settlement or closeby, open canopy, road",NA,NA,NA,NA,NA,"","","","","","","Halictidae_diurnal","","","",NA,"",9000,"Villa Carmen","netting",NA,NA,NA,"Lasioglossum","Lasioglossum","Lasioglossum","A4_vca_20220926_00145",FALSE,FALSE
"A4.vca.20220926.00147_S269","16S_AW_Butterfly_Peru_bees","A4_vca_20220926_00147","Bees",NA,"A4_bees_1","D5",1,"147","sample","Bees","","Andrea","Hymenoptera","Apidae","Apinae","Meliponini","Melipona","Melipona","","","Paucartambo","Villa Carmen","Peru","","20220926",NA,NA,NA,NA,NA,"","","vca",500,22.97684105,"-12,89514 S","-71,40374 W","Paucartambo","","Kosnipata","(Secondary forest, river nerby, canopy closed) Human settlement or closeby, open canopy, road",NA,NA,NA,NA,NA,"","","","","","","Meliponini","","","",NA,"",9000,"Villa Carmen","netting",NA,NA,NA,"Melipona","Melipona","Melipona","A4_vca_20220926_00147",FALSE,FALSE
"A4.vca.20220926.00148_S270","16S_AW_Butterfly_Peru_bees","A4_vca_20220926_00148","Bees",NA,"A4_bees_1","D6",1,"148","sample","Bees","","Andrea","Hymenoptera","Apidae","Apinae","Meliponini","Melipona","Melipona","","","Paucartambo","Villa Carmen","Peru","","20220926",NA,NA,NA,NA,NA,"","","vca",500,22.97684105,"-12,89514 S","-71,40374 W","Paucartambo","","Kosnipata","(Secondary forest, river nerby, canopy closed) Human settlement or closeby, open canopy, road",NA,NA,NA,NA,NA,"","","","","","","Meliponini","","","",NA,"",9000,"Villa Carmen","netting","Apidae","Scaura","Scaura_atlantica","Scaura","Melipona","Melipona","A4_vca_20220926_00148",FALSE,FALSE
"A4.vca.20220926.00149_S271","16S_AW_Butterfly_Peru_bees","A4_vca_20220926_00149","Bees",NA,"A4_bees_1","D7",1,"149","sample","Bees","","Andrea","Hymenoptera","Apidae","Apinae","Meliponini","Trigona","Plebeia","sp2","","Paucartambo","Villa Carmen","Peru","","20220926",NA,NA,NA,NA,NA,"","","vca",500,22.97684105,"-12,89514 S","-71,40374 W","Paucartambo","","Kosnipata","(Secondary forest, river nerby, canopy closed) Human settlement or closeby, open canopy, road",NA,NA,NA,NA,NA,"","","","","","","Meliponini","","","",NA,"",9000,"Villa Carmen","netting","Apidae","","","Trigona","Plebeia","Plebeia","A4_vca_20220926_00149",FALSE,FALSE
"A4.vca.20220926.00150_S272","16S_AW_Butterfly_Peru_bees","A4_vca_20220926_00150","Bees",NA,"A4_bees_1","D8",1,"150","sample","Bees","","Andrea","Hymenoptera","Apidae","Apinae","Meliponini","Trigona","Plebeia","sp2","","Paucartambo","Villa Carmen","Peru","","20220926",NA,NA,NA,NA,NA,"","","vca",500,22.97684105,"-12,89514 S","-71,40374 W","Paucartambo","","Kosnipata","(Secondary forest, river nerby, canopy closed) Human settlement or closeby, open canopy, road",NA,NA,NA,NA,NA,"","","","","","","Meliponini","","","",NA,"",9000,"Villa Carmen","netting","Apidae","","","Trigona","Plebeia","Plebeia","A4_vca_20220926_00150",FALSE,FALSE
"A4.vca.20220926.00151_S273","16S_AW_Butterfly_Peru_bees","A4_vca_20220926_00151","Bees",NA,"A4_bees_1","D9",1,"151","sample","Bees","","Andrea","Hymenoptera","Apidae","Apinae","Meliponini","Trigona","Plebeia","sp2","","Paucartambo","Villa Carmen","Peru","","20220926",NA,NA,NA,NA,NA,"","","vca",500,22.97684105,"-12,89514 S","-71,40374 W","Paucartambo","","Kosnipata","(Secondary forest, river nerby, canopy closed) Human settlement or closeby, open canopy, road",NA,NA,NA,NA,NA,"","","","","","","Meliponini","","","",NA,"",9000,"Villa Carmen","netting","Apidae","","","Trigona","Plebeia","Plebeia","A4_vca_20220926_00151",FALSE,FALSE
"A4.vca.20220926.00152_S274","16S_AW_Butterfly_Peru_bees","A4_vca_20220926_00152","Bees",NA,"A4_bees_1","D10",1,"152","sample","Bees","","Andrea","Hymenoptera","Apidae","Apinae","Meliponini","Trigona","Trigona","sp2","","Paucartambo","Villa Carmen","Peru","","20220926",NA,NA,NA,NA,NA,"","","vca",500,22.97684105,"-12,89514 S","-71,40374 W","Paucartambo","","Kosnipata","(Secondary forest, river nerby, canopy closed) Human settlement or closeby, open canopy, road",NA,NA,NA,NA,NA,"","","","","","","Meliponini","","","",NA,"",9000,"Villa Carmen","netting",NA,NA,NA,"Trigona","Trigona","Trigona","A4_vca_20220926_00152",FALSE,FALSE
"A4.vca.20220926.00153_S275","16S_AW_Butterfly_Peru_bees","A4_vca_20220926_00153","Bees",NA,"A4_bees_1","D11",1,"153","sample","Bees","","Andrea","Hymenoptera","Apidae","Apinae","Meliponini","Trigona","Plebeia","sp2","","Paucartambo","Villa Carmen","Peru","","20220926",NA,NA,NA,NA,NA,"","","vca",500,22.97684105,"-12,89514 S","-71,40374 W","Paucartambo","","Kosnipata","(Secondary forest, river nerby, canopy closed) Human settlement or closeby, open canopy, road",NA,NA,NA,NA,NA,"","","","","","","Meliponini","","","",NA,"",9000,"Villa Carmen","netting","Apidae","","","Trigona","Plebeia","Plebeia","A4_vca_20220926_00153",FALSE,FALSE
"A4.vca.20220926.00154_S281","16S_AW_Butterfly_Peru_bees","A4_vca_20220926_00154","Bees",NA,"A4_bees_1","E6",1,"154","sample","Bees","","Andrea","Hymenoptera","Halictidae","Halictinae","Halictinae","Lasioglossum","Lasioglossum","","","Paucartambo","Villa Carmen","Peru","","20220926",NA,NA,NA,NA,NA,"","","vca",500,22.97684105,"-12,89514 S","-71,40374 W","Paucartambo","","Kosnipata","(Secondary forest, river nerby, canopy closed) Human settlement or closeby, open canopy, road",NA,NA,NA,NA,NA,"","","","","","","Halictidae_diurnal","","","",NA,"",9000,"Villa Carmen","netting",NA,NA,NA,"Lasioglossum","Lasioglossum","Lasioglossum","A4_vca_20220926_00154",FALSE,FALSE
"A4.vca.20220926.00155_S277","16S_AW_Butterfly_Peru_bees","A4_vca_20220926_00155","Bees",NA,"A4_bees_1","E2",1,"155","sample","Bees","","Andrea","Hymenoptera","Halictidae","Halictinae","Halictinae","Lasioglossum","Lasioglossum","","","Paucartambo","Villa Carmen","Peru","","20220926",NA,NA,NA,NA,NA,"","","vca",500,22.97684105,"-12,89514 S","-71,40374 W","Paucartambo","","Kosnipata","(Secondary forest, river nerby, canopy closed) Human settlement or closeby, open canopy, road",NA,NA,NA,NA,NA,"","","","","","","Halictidae_diurnal","","","",NA,"",9000,"Villa Carmen","netting",NA,NA,NA,"Lasioglossum","Lasioglossum","Lasioglossum","A4_vca_20220926_00155",FALSE,FALSE
"A4.vca.20221109.00753_S266","16S_AW_Butterfly_Peru_bees","A4_vca_20221109_00753","Bees",NA,"A4_bees_2","H4",8,"753","sample","Bees","","Andrea","Hymenoptera","Apidae","Apinae","Bombini","Bombus","Bombus","","","Paucartambo","Villa Carmen","Peru","","20221109",NA,NA,NA,NA,NA,"","","vca",500,22.97684105,"-12,89514 S","-71,40374 W","Paucartambo","","Kosnipata","(Secondary forest, river nerby, canopy closed) Human settlement or closeby, open canopy, road",NA,NA,NA,NA,NA,"","","","","","","Bombus","","","",NA,"",9000,"Villa Carmen","netting","Apidae","Bombus","Bombus transversalis","Bombus","Bombus transversalis","Bombus","A4_vca_20221109_00753",FALSE,FALSE
"A4.vca.20221109.00754_S267","16S_AW_Butterfly_Peru_bees","A4_vca_20221109_00754","Bees",NA,"A4_bees_2","H5",8,"754","sample","Bees","","Andrea","Hymenoptera","Apidae","Apinae","Bombini","Bombus","Bombus","","","Paucartambo","Villa Carmen","Peru","","20221109",NA,NA,NA,NA,NA,"","","vca",500,22.97684105,"-12,89514 S","-71,40374 W","Paucartambo","","Kosnipata","(Secondary forest, river nerby, canopy closed) Human settlement or closeby, open canopy, road",NA,NA,NA,NA,NA,"","","","","","","Bombus","","","",NA,"",9000,"Villa Carmen","netting","Apidae","Bombus","Bombus transversalis","Bombus","Bombus transversalis","Bombus","A4_vca_20221109_00754",FALSE,FALSE
"A4.way.20200920.00004_S309","16S_AW_Butterfly_Peru_bees","A4_way_20200920_00004","Bees",NA,"A4_bees_1","G11",1,"4","sample","Bees","","Andrea","Hymenoptera","Apidae","Apinae","Apini","Apis","Apis","melifera ligustica","","Paucartambo","Wayqecha","Peru","","20200920",NA,NA,NA,NA,NA,"","","way",2950,11.18559326,"-13.18251 S","-71.58266 W","Paucartambo","","Kosnipata","Human settlement or closeby, open canopy, bushland",NA,NA,NA,NA,NA,"","","","","","","Apis","","","",NA,"",1400,"Wayqecha","netting","Apidae","Apis","Apis melifera","Apis","Apis melifera","Apis","A4_way_20200920_00004",FALSE,FALSE
"A4.way.20200920.00005_S305","16S_AW_Butterfly_Peru_bees","A4_way_20200920_00005","Bees",NA,"A4_bees_1","G7",1,"5","sample","Bees","","Andrea","Hymenoptera","Apidae","Apinae","Bombini","Bombus","Bombus","coccineus","","Paucartambo","Wayqecha","Peru","","20200920",NA,NA,NA,NA,NA,"","","way",2950,11.18559326,"-13.18251 S","-71.58266 W","Paucartambo","","Kosnipata","Human settlement or closeby, open canopy, bushland",NA,NA,NA,NA,NA,"","","","","","","Bombus","","","",NA,"",1500,"Wayqecha","netting","Apidae","Bombus","Bombus hortulanus","Bombus","Bombus hortulanus","Bombus","A4_way_20200920_00005",FALSE,FALSE
"A4.way.20220920.00003_S308","16S_AW_Butterfly_Peru_bees","A4_way_20220920_00003","Bees",NA,"A4_bees_1","G10",1,"3","sample","Bees","","Andrea","Hymenoptera","Apidae","Apinae","Apini","Apis","Apis","melifera ligustica","","Paucartambo","Wayqecha","Peru","","20220920",NA,NA,NA,NA,NA,"","","way",2950,11.18559326,"-13.18251 S","-71.58266 W","Paucartambo","","Kosnipata","Human settlement or closeby, open canopy, bushland",NA,NA,NA,NA,NA,"","","","","","","Apis","","","",NA,"",1400,"Wayqecha","netting","Apidae","Apis","Apis melifera","Apis","Apis melifera","Apis","A4_way_20220920_00003",FALSE,FALSE
"A4.way.20220922.00023_S263","16S_AW_Butterfly_Peru_bees","A4_way_20220922_00023","Bees",NA,"A4_bees_1","C12",1,"23","sample","Bees","","Andrea","Hymenoptera","Apidae","Apinae","Bombini","Bombus","Bombus","coccineus","","Paucartambo","Wayqecha","Peru","","20220922",NA,NA,NA,NA,NA,"","","way",2950,11.18559326,"-13.18251 S","-71.58266 W","Paucartambo","","Kosnipata","Human settlement or closeby, open canopy, bushland",NA,NA,NA,NA,NA,"","","","","","","Bombus","","","",NA,"",1100,"Wayqecha","netting","Apidae","Bombus","Bombus hortulanus","Bombus","Bombus hortulanus","Bombus","A4_way_20220922_00023",FALSE,FALSE
"A4.way.20220922.00025_S306","16S_AW_Butterfly_Peru_bees","A4_way_20220922_00025","Bees",NA,"A4_bees_1","G8",1,"25","sample","Bees","","Andrea","Hymenoptera","Apidae","Apinae","Apini","Apis","Apis","melifera melifera","","Paucartambo","Wayqecha","Peru","","20220922",NA,NA,NA,NA,NA,"","","way",2950,11.18559326,"-13.18251 S","-71.58266 W","Paucartambo","","Kosnipata","Human settlement or closeby, open canopy, bushland",NA,NA,NA,NA,NA,"","","","","","","Apis","","","",NA,"",1100,"Wayqecha","netting","Apidae","Apis","Apis melifera","Apis","Apis melifera","Apis","A4_way_20220922_00025",FALSE,FALSE
"A4.way.20220922.00026_S303","16S_AW_Butterfly_Peru_bees","A4_way_20220922_00026","Bees",NA,"A4_bees_1","G5",1,"26","sample","Bees","","Andrea","Hymenoptera","Apidae","Apinae","Apini","Apis","Apis","melifera melifera","","Paucartambo","Wayqecha","Peru","","20220922",NA,NA,NA,NA,NA,"","","way",2950,11.18559326,"-13.18251 S","-71.58266 W","Paucartambo","","Kosnipata","Human settlement or closeby, open canopy, bushland",NA,NA,NA,NA,NA,"","","","","","","Apis","","","",NA,"",1030,"Wayqecha","netting","Apidae","Apis","Apis melifera","Apis","Apis melifera","Apis","A4_way_20220922_00026",FALSE,FALSE
"A4.way.20220922.00027_S304","16S_AW_Butterfly_Peru_bees","A4_way_20220922_00027","Bees",NA,"A4_bees_1","G6",1,"27","sample","Bees","","Andrea","Hymenoptera","Apidae","Apinae","Apini","Apis","Apis","melifera ligustica","","Paucartambo","Wayqecha","Peru","","20220922",NA,NA,NA,NA,NA,"","","way",2950,11.18559326,"-13.18251 S","-71.58266 W","Paucartambo","","Kosnipata","Human settlement or closeby, open canopy, bushland",NA,NA,NA,NA,NA,"","","","","","","Apis","","","",NA,"",1030,"Wayqecha","netting","Apidae","Apis","Apis melifera","Apis","Apis melifera","Apis","A4_way_20220922_00027",FALSE,FALSE
"AW.B1.G001_S1","16S_AW_Butterfly_join12","AW-B1-G001_S1","Other",1,"B1","A1",1,"G001","sample","Pieris","Pieridae","Arne","Lepidoptera","Pieridae","Pierinae","Pierini","Pieris","","Pieris rapae","female","Nuremberg","Laufamholz","Germany","19","12.07.2021",2021,7,12,712,29,"","","",320,17.86,"49.46372","11.15081","","","Amigo","",NA,NA,NA,NA,NA,"abdomen","","dry frozen","AW_B1_G001","G001","Pr","Pierinae","sample","med","SAMN55876226",1202446,"PRJNA1426605",NA,"","","","","","","","","",FALSE,FALSE
"AW.B1.G002_S2","16S_AW_Butterfly_join12","AW-B1-G002_S2","Other",2,"B1","A2",1,"G002","sample","Pieris","Pieridae","Arne","Lepidoptera","Pieridae","Pierinae","Pierini","Pieris","","Pieris rapae","female","Nuremberg","Laufamholz","Germany","36","12.07.2021",2021,7,12,712,29,"","","",320,17.86,"49.46372","11.15081","","","Amigo","",NA,NA,NA,NA,NA,"abdomen","","dry frozen","AW_B1_G002","G002","Pr","Pierinae","sample","med","SAMN55876227",1202446,"PRJNA1426605",NA,"","","","","","","","","",FALSE,FALSE
"AW.B1.G003_S3","16S_AW_Butterfly_join12","AW-B1-G003_S3","Other",3,"B1","A3",1,"G003","sample","Pieris","Pieridae","Arne","Lepidoptera","Pieridae","Pierinae","Pierini","Pieris","","Pieris rapae","female","Nuremberg","Laufamholz","Germany","23","12.07.2021",2021,7,12,712,29,"","","",320,17.86,"49.46372","11.15081","","","Amigo","",NA,NA,NA,NA,NA,"abdomen","","dry frozen","AW_B1_G003","G003","Pr","Pierinae","sample","med","SAMN55876228",1202446,"PRJNA1426605",NA,"","","","","","","","","",FALSE,FALSE
"AW.B1.G004_S4","16S_AW_Butterfly_join12","AW-B1-G004_S4","Other",4,"B1","A4",1,"G004","sample","Pieris","Pieridae","Arne","Lepidoptera","Pieridae","Pierinae","Pierini","Pieris","","Pieris rapae","male","Nuremberg","Laufamholz","Germany","16","12.07.2021",2021,7,12,712,29,"","","",320,17.86,"49.46372","11.15081","","","Amigo","",NA,NA,NA,NA,NA,"abdomen","","dry frozen","AW_B1_G004","G004","Pr","Pierinae","sample","med","SAMN55876229",1202446,"PRJNA1426605",NA,"","","","","","","","","",FALSE,FALSE
"AW.B1.G005_S5","16S_AW_Butterfly_join12","AW-B1-G005_S5","Other",5,"B1","A5",1,"G005","sample","Pieris","Pieridae","Arne","Lepidoptera","Pieridae","Pierinae","Pierini","Pieris","","Pieris rapae","female","Nuremberg","Laufamholz","Germany","23","12.07.2021",2021,7,12,712,29,"","","",320,17.86,"49.46372","11.15081","","","Amigo","",NA,NA,NA,NA,NA,"abdomen","","dry frozen","AW_B1_G005","G005","Pr","Pierinae","sample","high","SAMN55876230",1202446,"PRJNA1426605",NA,"","","","","","","","","",FALSE,FALSE
"AW.B1.G006_S6","16S_AW_Butterfly_join12","AW-B1-G006_S6","Other",6,"B1","A6",1,"G006","sample","Other","Nymphalidae","Arne","Lepidoptera","Nymphalidae","Satyrinae","Melanargiini","Melanargia","","Melanargia galathea","unknown","Nuremberg","Laufamholz","Germany","8","18.07.2021",2021,7,18,718,30,"","","",320,18.67,"49.46372","11.15081","","","Kita Wiese","",NA,NA,NA,NA,NA,"abdomen","","dry frozen","AW_B1_G006","G006","Mg","Satyrinae","sample","high","SAMN55876231",1202446,"PRJNA1426605",NA,"","","","","","","","","",FALSE,FALSE
"AW.B1.G007_S7","16S_AW_Butterfly_join12","AW-B1-G007_S7","Other",7,"B1","A7",1,"G007","sample","Other","Nymphalidae","Arne","Lepidoptera","Nymphalidae","Satyrinae","Melanargiini","Melanargia","","Melanargia galathea","unknown","Nuremberg","Laufamholz","Germany","7","18.07.2021",2021,7,18,718,30,"","","",320,18.67,"49.46372","11.15081","","","Kita Wiese","",NA,NA,NA,NA,NA,"abdomen","","dry frozen","AW_B1_G007","G007","Mg","Satyrinae","sample","high","SAMN55876232",1202446,"PRJNA1426605",NA,"","","","","","","","","",FALSE,FALSE
"AW.B1.G008_S8","16S_AW_Butterfly_join12","AW-B1-G008_S8","Other",8,"B1","A8",1,"G008","sample","Other","Nymphalidae","Arne","Lepidoptera","Nymphalidae","Satyrinae","Melanargiini","Melanargia","","Melanargia galathea","unknown","Nuremberg","Laufamholz","Germany","29","18.07.2021",2021,7,18,718,30,"","","",320,18.67,"49.46372","11.15081","","","Kita Wiese","",NA,NA,NA,NA,NA,"abdomen","","dry frozen","AW_B1_G008","G008","Mg","Satyrinae","sample","med","SAMN55876233",1202446,"PRJNA1426605",NA,"","","","","","","","","",FALSE,FALSE
"AW.B1.G009_S9","16S_AW_Butterfly_join12","AW-B1-G009_S9","Other",9,"B1","A9",1,"G009","sample","Other","Nymphalidae","Arne","Lepidoptera","Nymphalidae","Satyrinae","Melanargiini","Melanargia","","Melanargia galathea","unknown","Nuremberg","Laufamholz","Germany","18","18.07.2021",2021,7,18,718,30,"","","",320,18.67,"49.46372","11.15081","","","Kita Wiese","",NA,NA,NA,NA,NA,"abdomen","","dry frozen","AW_B1_G009","G009","Mg","Satyrinae","sample","med","SAMN55876234",1202446,"PRJNA1426605",NA,"","","","","","","","","",FALSE,FALSE
"AW.B1.G010_S10","16S_AW_Butterfly_join12","AW-B1-G010_S10","Other",10,"B1","A10",1,"G010","sample","Pieris","Pieridae","Arne","Lepidoptera","Pieridae","Pierinae","Pierini","Pieris","","Pieris napi","female","Nuremberg","Laufamholz","Germany","28","18.07.2021",2021,7,18,718,30,"","","",320,18.67,"49.46372","11.15081","","","Kita Wiese","",NA,NA,NA,NA,NA,"abdomen","","dry frozen","AW_B1_G010","G010","Pn","Pierinae","sample","med","SAMN55876235",1202446,"PRJNA1426605",NA,"","","","","","","","","",FALSE,FALSE
"AW.B1.G011_S11","16S_AW_Butterfly_join12","AW-B1-G011_S11","Other",11,"B1","A11",1,"G011","sample","Pieris","Pieridae","Arne","Lepidoptera","Pieridae","Pierinae","Pierini","Pieris","","Pieris napi","female","Nuremberg","Laufamholz","Germany","27","25.07.2021",2021,7,25,725,31,"","","",320,19.6,"49.46372","11.15081","","","Kita Wiese","",NA,NA,NA,NA,NA,"abdomen","","dry frozen","AW_B1_G011","G011","Pn","Pierinae","sample","high","SAMN55876236",1202446,"PRJNA1426605",NA,"","","","","","","","","",FALSE,FALSE
"AW.B1.G013_S13","16S_AW_Butterfly_join12","AW-B1-G013_S13","Other",13,"B1","B1",1,"G013","sample","Pieris","Pieridae","Arne","Lepidoptera","Pieridae","Pierinae","Pierini","Pieris","","Pieris rapae","female","Nuremberg","Laufamholz","Germany","12","25.07.2021",2021,7,25,725,31,"","","",320,19.6,"49.46372","11.15081","","","Kita Wiese","",NA,NA,NA,NA,NA,"abdomen","","dry frozen","AW_B1_G013","G013","Pr","Pierinae","sample","high","SAMN55876237",1202446,"PRJNA1426605",NA,"","","","","","","","","",FALSE,FALSE
"AW.B1.G014_S14","16S_AW_Butterfly_join12","AW-B1-G014_S14","Other",14,"B1","B2",1,"G014","sample","Pieris","Pieridae","Arne","Lepidoptera","Pieridae","Pierinae","Pierini","Pieris","","Pieris rapae","female","Nuremberg","Laufamholz","Germany","29","25.07.2021",2021,7,25,725,31,"","","",320,19.6,"49.46372","11.15081","","","Kita Wiese","",NA,NA,NA,NA,NA,"abdomen","","dry frozen","AW_B1_G014","G014","Pr","Pierinae","sample","med","SAMN55876238",1202446,"PRJNA1426605",NA,"","","","","","","","","",FALSE,FALSE
"AW.B1.G015_S15","16S_AW_Butterfly_join12","AW-B1-G015_S15","Other",15,"B1","B3",1,"G015","sample","Pieris","Pieridae","Arne","Lepidoptera","Pieridae","Pierinae","Pierini","Pieris","","Pieris rapae","male","Nuremberg","Laufamholz","Germany","13","25.07.2021",2021,7,25,725,31,"","","",320,19.6,"49.46372","11.15081","","","Kita Wiese","",NA,NA,NA,NA,NA,"abdomen","","dry frozen","AW_B1_G015","G015","Pr","Pierinae","sample","med","SAMN55876239",1202446,"PRJNA1426605",NA,"","","","","","","","","",FALSE,FALSE
"AW.B1.G016_S16","16S_AW_Butterfly_join12","AW-B1-G016_S16","Other",16,"B1","B4",1,"G016","sample","Pieris","Pieridae","Arne","Lepidoptera","Pieridae","Pierinae","Pierini","Pieris","","Pieris rapae","female","Nuremberg","Laufamholz","Germany","13","25.07.2021",2021,7,25,725,31,"","","",320,19.6,"49.46372","11.15081","","","Kita Wiese","",NA,NA,NA,NA,NA,"abdomen","","dry frozen","AW_B1_G016","G016","Pr","Pierinae","sample","high","SAMN55876240",1202446,"PRJNA1426605",NA,"","","","","","","","","",FALSE,FALSE
"AW.B1.G018_S18","16S_AW_Butterfly_join12","AW-B1-G018_S18","Other",18,"B1","B6",1,"G018","sample","Pieris","Pieridae","Arne","Lepidoptera","Pieridae","Pierinae","Pierini","Pieris","","Pieris rapae","female","Nuremberg","Laufamholz","Germany","14","25.07.2021",2021,7,25,725,31,"","","",320,19.6,"49.46372","11.15081","","","Kita Wiese","",NA,NA,NA,NA,NA,"abdomen","","dry frozen","AW_B1_G018","G018","Pr","Pierinae","sample","high","SAMN55876242",1202446,"PRJNA1426605",NA,"","","","","","","","","",FALSE,FALSE
"AW.B1.G019_S19","16S_AW_Butterfly_join12","AW-B1-G019_S19","Other",19,"B1","B7",1,"G019","sample","Pieris","Pieridae","Arne","Lepidoptera","Pieridae","Pierinae","Pierini","Pieris","","Pieris rapae","female","Nuremberg","Laufamholz","Germany","9","02.08.2021",2021,8,2,802,32,"","","",320,18.7,"49.46372","11.15081","","","Kita Wiese","",NA,NA,NA,NA,NA,"abdomen","","dry frozen","AW_B1_G019","G019","Pr","Pierinae","sample","high","SAMN55876243",1202446,"PRJNA1426605",NA,"","","","","","","","","",FALSE,FALSE
"AW.B1.G020_S20","16S_AW_Butterfly_join12","AW-B1-G020_S20","Other",20,"B1","B8",1,"G020","sample","Pieris","Pieridae","Arne","Lepidoptera","Pieridae","Pierinae","Pierini","Pieris","","Pieris rapae","female","Nuremberg","Laufamholz","Germany","5","02.08.2021",2021,8,2,802,32,"","","",320,18.7,"49.46372","11.15081","","","Kita Wiese","",NA,NA,NA,NA,NA,"abdomen","","dry frozen","AW_B1_G020","G020","Pr","Pierinae","sample","high","SAMN55876244",1202446,"PRJNA1426605",NA,"","","","","","","","","",FALSE,FALSE
"AW.B1.G021_S21","16S_AW_Butterfly_join12","AW-B1-G021_S21","Other",21,"B1","B9",1,"G021","sample","Pieris","Pieridae","Arne","Lepidoptera","Pieridae","Pierinae","Pierini","Pieris","","Pieris napi","female","Nuremberg","Laufamholz","Germany","8","02.08.2021",2021,8,2,802,32,"","","",320,18.7,"49.46372","11.15081","","","Kita Wiese","",NA,NA,NA,NA,NA,"abdomen","","dry frozen","AW_B1_G021","G021","Pn","Pierinae","sample","med","SAMN55876245",1202446,"PRJNA1426605",NA,"","","","","","","","","",FALSE,FALSE
"AW.B1.G022_S22","16S_AW_Butterfly_join12","AW-B1-G022_S22","Other",22,"B1","B10",1,"G022","sample","Pieris","Pieridae","Arne","Lepidoptera","Pieridae","Pierinae","Pierini","Pieris","","Pieris rapae","female","Nuremberg","Malmsbach","Germany","11","08.08.2021",2021,8,8,808,33,"","","",311,16.71,"49.47511","11.18093","","","Pegnitz Wiese","",NA,NA,NA,NA,NA,"abdomen","","dry frozen","AW_B1_G022","G022","Prn","Pierinae","sample","med","SAMN55876246",1202446,"PRJNA1426605",NA,"","","","","","","","","",FALSE,FALSE
"AW.B1.G023_S23","16S_AW_Butterfly_join12","AW-B1-G023_S23","Other",23,"B1","B11",1,"G023","sample","Pieris","Pieridae","Arne","Lepidoptera","Pieridae","Pierinae","Pierini","Pieris","","Pieris napi","male","Nuremberg","Malmsbach","Germany","9","08.08.2021",2021,8,8,808,33,"","","",311,16.71,"49.47511","11.18093","","","Pegnitz Wiese","",NA,NA,NA,NA,NA,"abdomen","","dry frozen","AW_B1_G023","G023","Prn","Pierinae","sample","high","SAMN55876247",1202446,"PRJNA1426605",NA,"","","","","","","","","",FALSE,FALSE
"AW.B1.G024_S24","16S_AW_Butterfly_join12","AW-B1-G024_S24","Other",24,"B1","B12",1,"G024","sample","Pieris","Pieridae","Arne","Lepidoptera","Pieridae","Pierinae","Pierini","Pieris","","Pieris napi","male","Nuremberg","Malmsbach","Germany","5","08.08.2021",2021,8,8,808,33,"","","",311,16.71,"49.47511","11.18093","","","Pegnitz Wiese","",NA,NA,NA,NA,NA,"abdomen","","dry frozen","AW_B1_G024","G024","Prn","Pierinae","sample","high","SAMN55876248",1202446,"PRJNA1426605",NA,"","","","","","","","","",FALSE,FALSE
"AW.B1.G026_S26","16S_AW_Butterfly_join12","AW-B1-G026_S26","Other",26,"B1","C2",1,"G026","sample","Pieris","Pieridae","Arne","Lepidoptera","Pieridae","Pierinae","Pierini","Pieris","","Pieris napi","female","Nuremberg","Malmsbach","Germany","17","08.08.2021",2021,8,8,808,33,"","","",311,16.71,"49.47511","11.18093","","","Pegnitz Wiese","",NA,NA,NA,NA,NA,"abdomen","","dry frozen","AW_B1_G026","G026","Prn","Pierinae","sample","med","SAMN55876250",1202446,"PRJNA1426605",NA,"","","","","","","","","",FALSE,FALSE
"AW.B1.G027_S27","16S_AW_Butterfly_join12","AW-B1-G027_S27","Other",27,"B1","C3",1,"G027","sample","Pieris","Pieridae","Arne","Lepidoptera","Pieridae","Pierinae","Pierini","Pieris","","Pieris napi","male","Nuremberg","Malmsbach","Germany","8","08.08.2021",2021,8,8,808,33,"","","",311,16.71,"49.47511","11.18093","","","Pegnitz Wiese","",NA,NA,NA,NA,NA,"abdomen","","dry frozen","AW_B1_G027","G027","Prn","Pierinae","sample","med","SAMN55876251",1202446,"PRJNA1426605",NA,"","","","","","","","","",FALSE,FALSE
"AW.B1.G028_S28","16S_AW_Butterfly_join12","AW-B1-G028_S28","Other",28,"B1","C4",1,"G028","sample","Pieris","Pieridae","Arne","Lepidoptera","Pieridae","Pierinae","Pierini","Pieris","","Pieris napi","male","Nuremberg","Malmsbach","Germany","15","08.08.2021",2021,8,8,808,33,"","","",311,16.71,"49.47511","11.18093","","","Pegnitz Wiese","",NA,NA,NA,NA,NA,"abdomen","","dry frozen","AW_B1_G028","G028","Prn","Pierinae","sample","med","SAMN55876252",1202446,"PRJNA1426605",NA,"","","","","","","","","",FALSE,FALSE
"AW.B1.G029_S29","16S_AW_Butterfly_join12","AW-B1-G029_S29","Other",29,"B1","C5",1,"G029","sample","Pieris","Pieridae","Arne","Lepidoptera","Pieridae","Pierinae","Pierini","Pieris","","Pieris napi","female","Nuremberg","Malmsbach","Germany","9","14.08.2021",2021,8,14,814,33,"","9-11 Uhr","",311,19.64,"49.47511","11.18093","","","","",NA,NA,NA,NA,NA,"abdomen","","dry frozen","AW_B1_G029","G029","Pn","Pierinae","sample","high","SAMN55876253",1202446,"PRJNA1426605",NA,"","","","","","","","","",FALSE,FALSE
"AW.B1.G030_S31","16S_AW_Butterfly_join12","AW-B1-G030_S31","Other",31,"B1","C7",1,"G030","sample","Pieris","Pieridae","Arne","Lepidoptera","Pieridae","Pierinae","Pierini","Pieris","","Pieris napi","female","Nuremberg","Malmsbach","Germany","34","14.08.2021",2021,8,14,814,33,"","9-11 Uhr","",311,19.64,"49.47511","11.18093","","","","",NA,NA,NA,NA,NA,"abdomen","","dry frozen","AW_B1_G030","G030","Pn","Pierinae","sample","med","SAMN55876254",1202446,"PRJNA1426605",NA,"","","","","","","","","",FALSE,FALSE
"AW.B1.G032_S33","16S_AW_Butterfly_join12","AW-B1-G032_S33","Other",33,"B1","C9",1,"G032","sample","Pieris","Pieridae","Arne","Lepidoptera","Pieridae","Pierinae","Pierini","Pieris","","Pieris rapae","female","Nuremberg","Malmsbach","Germany","15","14.08.2021",2021,8,14,814,33,"","9-11 Uhr","",311,19.64,"49.47511","11.18093","","","","",NA,NA,NA,NA,NA,"abdomen","","dry frozen","AW_B1_G032","G032","Pr","Pierinae","sample","med","SAMN55876256",1202446,"PRJNA1426605",NA,"","","","","","","","","",FALSE,FALSE
"AW.B1.G033_S34","16S_AW_Butterfly_join12","AW-B1-G033_S34","Other",34,"B1","C10",1,"G033","sample","Pieris","Pieridae","Arne","Lepidoptera","Pieridae","Pierinae","Pierini","Pieris","","Pieris napi","male","Nuremberg","Malmsbach","Germany","17","16.08.2021",2021,8,16,816,34,"","10-12 Uhr","",311,20.5,"49.47511","11.18093","","","","",NA,NA,NA,NA,NA,"abdomen","","dry frozen","AW_B1_G033","G033","Pn","Pierinae","sample","high","SAMN55876257",1202446,"PRJNA1426605",NA,"","","","","","","","","",FALSE,FALSE
"AW.B1.G034_S35","16S_AW_Butterfly_join12","AW-B1-G034_S35","Other",35,"B1","C11",1,"G034","sample","Pieris","Pieridae","Arne","Lepidoptera","Pieridae","Pierinae","Pierini","Pieris","","Pieris rapae","male","Nuremberg","Malmsbach","Germany","7","16.08.2021",2021,8,16,816,34,"","10-12 Uhr","",311,20.5,"49.47511","11.18093","","","","",NA,NA,NA,NA,NA,"abdomen","","dry frozen","AW_B1_G034","G034","Pr","Pierinae","sample","high","SAMN55876258",1202446,"PRJNA1426605",NA,"","","","","","","","","",FALSE,FALSE
"AW.B1.G035_S36","16S_AW_Butterfly_join12","AW-B1-G035_S36","Other",36,"B1","C12",1,"G035","sample","Pieris","Pieridae","Arne","Lepidoptera","Pieridae","Pierinae","Pierini","Pieris","","Pieris napi","female","Nuremberg","Malmsbach","Germany","12","16.08.2021",2021,8,16,816,34,"","10-12 Uhr","",311,20.5,"49.47511","11.18093","","","","",NA,NA,NA,NA,NA,"abdomen","","dry frozen","AW_B1_G035","G035","Pn","Pierinae","sample","med","SAMN55876259",1202446,"PRJNA1426605",NA,"","","","","","","","","",FALSE,FALSE
"AW.B1.G037_S38","16S_AW_Butterfly_join12","AW-B1-G037_S38","Other",38,"B1","D2",1,"G037","sample","Pieris","Pieridae","Arne","Lepidoptera","Pieridae","Pierinae","Pierini","Pieris","","Pieris rapae","male","Nuremberg","Malmsbach","Germany","14","16.08.2021",2021,8,16,816,34,"","10-12 Uhr","",311,20.5,"49.47511","11.18093","","","","",NA,NA,NA,NA,NA,"abdomen","","dry frozen","AW_B1_G037","G037","Pr","Pierinae","sample","med","SAMN55876261",1202446,"PRJNA1426605",NA,"","","","","","","","","",FALSE,FALSE
"AW.B1.G038_S39","16S_AW_Butterfly_join12","AW-B1-G038_S39","Other",39,"B1","D3",1,"G038","sample","Pieris","Pieridae","Arne","Lepidoptera","Pieridae","Pierinae","Pierini","Pieris","","Pieris napi","male","Nuremberg","Malmsbach","Germany","12","16.08.2021",2021,8,16,816,34,"","10-12 Uhr","",311,20.5,"49.47511","11.18093","","","","",NA,NA,NA,NA,NA,"abdomen","","dry frozen","AW_B1_G038","G038","Pn","Pierinae","sample","med","SAMN55876262",1202446,"PRJNA1426605",NA,"","","","","","","","","",FALSE,FALSE
"AW.B1.G039_S40","16S_AW_Butterfly_join12","AW-B1-G039_S40","Other",40,"B1","D4",1,"G039","sample","Pieris","Pieridae","Arne","Lepidoptera","Pieridae","Pierinae","Pierini","Pieris","","Pieris rapae","male","Nuremberg","Malmsbach","Germany","14","16.08.2021",2021,8,16,816,34,"","10-12 Uhr","",311,20.5,"49.47511","11.18093","","","","",NA,NA,NA,NA,NA,"abdomen","","dry frozen","AW_B1_G039","G039","Pr","Pierinae","sample","med","SAMN55876263",1202446,"PRJNA1426605",NA,"","","","","","","","","",FALSE,FALSE
"AW.B1.G040_S41","16S_AW_Butterfly_join12","AW-B1-G040_S41","Other",41,"B1","D5",1,"G040","sample","Pieris","Pieridae","Arne","Lepidoptera","Pieridae","Pierinae","Pierini","Pieris","","Pieris napi","male","Nuremberg","Malmsbach","Germany","13","03.09.2021",2021,9,3,903,36,"","","",311,14.56,"49.47511","11.18093","","","Pegnitz Wiese","",NA,NA,NA,NA,NA,"abdomen","","dry frozen","AW_B1_G040","G040","Pn","Pierinae","sample","med","SAMN55876264",1202446,"PRJNA1426605",NA,"","","","","","","","","",FALSE,FALSE
"AW.B1.G041_S42","16S_AW_Butterfly_join12","AW-B1-G041_S42","Other",42,"B1","D6",1,"G041","sample","Pieris","Pieridae","Arne","Lepidoptera","Pieridae","Pierinae","Pierini","Pieris","","Pieris napi","female","Nuremberg","Malmsbach","Germany","17","03.09.2021",2021,9,3,903,36,"","","",311,14.56,"49.47511","11.18093","","","Pegnitz Wiese","",NA,NA,NA,NA,NA,"abdomen","","dry frozen","AW_B1_G041","G041","Pn","Pierinae","sample","med","SAMN55876265",1202446,"PRJNA1426605",NA,"","","","","","","","","",FALSE,FALSE
"AW.B1.G042_S43","16S_AW_Butterfly_join12","AW-B1-G042_S43","Other",43,"B1","D7",1,"G042","sample","Pieris","Pieridae","Arne","Lepidoptera","Pieridae","Pierinae","Pierini","Pieris","","Pieris rapae","male","Nuremberg","Malmsbach","Germany","12","03.09.2021",2021,9,3,903,36,"","","",311,14.56,"49.47511","11.18093","","","Pegnitz Wiese","",NA,NA,NA,NA,NA,"abdomen","","dry frozen","AW_B1_G042","G042","Pr","Pierinae","sample","med","SAMN55876266",1202446,"PRJNA1426605",NA,"","","","","","","","","",FALSE,FALSE
"AW.B1.G043_S44","16S_AW_Butterfly_join12","AW-B1-G043_S44","Other",44,"B1","D8",1,"G043","sample","Pieris","Pieridae","Arne","Lepidoptera","Pieridae","Pierinae","Pierini","Pieris","","Pieris napi","female","Nuremberg","Malmsbach","Germany","10","03.09.2021",2021,9,3,903,36,"","","",311,14.56,"49.47511","11.18093","","","Pegnitz Wiese","",NA,NA,NA,NA,NA,"abdomen","","dry frozen","AW_B1_G043","G043","Pn","Pierinae","sample","med","SAMN55876267",1202446,"PRJNA1426605",NA,"","","","","","","","","",FALSE,FALSE
"AW.B1.G044_S45","16S_AW_Butterfly_join12","AW-B1-G044_S45","Other",45,"B1","D9",1,"G044","sample","Pieris","Pieridae","Arne","Lepidoptera","Pieridae","Pierinae","Pierini","Pieris","","Pieris napi","female","Nuremberg","Malmsbach","Germany","10","03.09.2021",2021,9,3,903,36,"","","",311,14.56,"49.47511","11.18093","","","Pegnitz Wiese","",NA,NA,NA,NA,NA,"abdomen","","dry frozen","AW_B1_G044","G044","Pn","Pierinae","sample","med","SAMN55876268",1202446,"PRJNA1426605",NA,"","","","","","","","","",FALSE,FALSE
"AW.B1.G045_S46","16S_AW_Butterfly_join12","AW-B1-G045_S46","Other",46,"B1","D10",1,"G045","sample","Pieris","Pieridae","Arne","Lepidoptera","Pieridae","Pierinae","Pierini","Pieris","","Pieris rapae","female","Nuremberg","Malmsbach","Germany","13","03.09.2021",2021,9,3,903,36,"","","",311,14.56,"49.47511","11.18093","","","Pegnitz Wiese","",NA,NA,NA,NA,NA,"abdomen","","dry frozen","AW_B1_G045","G045","Pr","Pierinae","sample","med","SAMN55876269",1202446,"PRJNA1426605",NA,"","","","","","","","","",FALSE,FALSE
"AW.B1.G050_S51","16S_AW_Butterfly_join12","AW-B1-G050_S51","Other",51,"B1","E3",1,"G050","sample","Pieris","Pieridae","Arne","Lepidoptera","Pieridae","Pierinae","Pierini","Pieris","","Pieris rapae","female","Nuremberg","Malmsbach","Germany","27","07.09.2021",2021,9,7,907,37,"","","",311,16.33,"49.47511","11.18093","","","Pegnitz Wiese","",NA,NA,NA,NA,NA,"abdomen","","dry frozen","AW_B1_G050","G050","Pr","Pierinae","sample","med","SAMN55876273",1202446,"PRJNA1426605",NA,"","","","","","","","","",FALSE,FALSE
"AW.B1.G051_S52","16S_AW_Butterfly_join12","AW-B1-G051_S52","Other",52,"B1","E4",1,"G051","sample","Pieris","Pieridae","Arne","Lepidoptera","Pieridae","Pierinae","Pierini","Pieris","","Pieris napi","male","Nuremberg","Malmsbach","Germany","8","07.09.2021",2021,9,7,907,37,"","","",311,16.33,"49.47511","11.18093","","","Pegnitz Wiese","",NA,NA,NA,NA,NA,"abdomen","","dry frozen","AW_B1_G051","G051","Pn","Pierinae","sample","med","SAMN55876274",1202446,"PRJNA1426605",NA,"","","","","","","","","",FALSE,FALSE
"AW.B1.G052_S53","16S_AW_Butterfly_join12","AW-B1-G052_S53","Other",53,"B1","E5",1,"G052","sample","Pieris","Pieridae","Arne","Lepidoptera","Pieridae","Pierinae","Pierini","Pieris","","Pieris napi","male","Nuremberg","Malmsbach","Germany","10","07.09.2021",2021,9,7,907,37,"","","",311,16.33,"49.47511","11.18093","","","Pegnitz Wiese","",NA,NA,NA,NA,NA,"abdomen","","dry frozen","AW_B1_G052","G052","Pn","Pierinae","sample","high","SAMN55876275",1202446,"PRJNA1426605",NA,"","","","","","","","","",FALSE,FALSE
"AW.B1.G053_S54","16S_AW_Butterfly_join12","AW-B1-G053_S54","Other",54,"B1","E6",1,"G053","sample","Pieris","Pieridae","Arne","Lepidoptera","Pieridae","Pierinae","Pierini","Pieris","","Pieris napi","male","Nuremberg","Malmsbach","Germany","30","07.09.2021",2021,9,7,907,37,"","","",311,16.33,"49.47511","11.18093","","","Pegnitz Wiese","",NA,NA,NA,NA,NA,"abdomen","","dry frozen","AW_B1_G053","G053","Pn","Pierinae","sample","med","SAMN55876276",1202446,"PRJNA1426605",NA,"","","","","","","","","",FALSE,FALSE
"AW.B1.G054_S55","16S_AW_Butterfly_join12","AW-B1-G054_S55","Other",55,"B1","E7",1,"G054","sample","Pieris","Pieridae","Arne","Lepidoptera","Pieridae","Pierinae","Pierini","Pieris","","Pieris napi","male","Nuremberg","Malmsbach","Germany","6","23.09.2021",2021,9,23,923,39,"","","",311,12.31,"49.47511","11.18093","","","","",NA,NA,NA,NA,NA,"abdomen","","dry frozen","AW_B1_G054","G054","Pn","Pierinae","sample","med","SAMN55876277",1202446,"PRJNA1426605",NA,"","","","","","","","","",FALSE,FALSE
"AW.B1.G055_S57","16S_AW_Butterfly_join12","AW-B1-G055_S57","Other",57,"B1","E9",1,"G055","sample","Pieris","Pieridae","Arne","Lepidoptera","Pieridae","Pierinae","Pierini","Pieris","","Pieris napi","female","Hersbrucker Alb","Henfenfeld","Germany","6","25.09.2021",2021,9,25,925,39,"","","",329,12.79,"49.50689","11.38637","","","","",NA,NA,NA,NA,NA,"abdomen","","dry frozen","AW_B1_G055","G055","Pn","Pierinae","sample","med","SAMN55876278",1202446,"PRJNA1426605",NA,"","","","","","","","","",FALSE,FALSE
"AW.B1.G056_S58","16S_AW_Butterfly_join12","AW-B1-G056_S58","Other",58,"B1","E10",1,"G056","sample","Pieris","Pieridae","Arne","Lepidoptera","Pieridae","Pierinae","Pierini","Pieris","","Pieris rapae","male","Hersbrucker Alb","Henfenfeld","Germany","7","25.09.2021",2021,9,25,925,39,"","","",329,12.79,"49.50689","11.38637","","","","",NA,NA,NA,NA,NA,"abdomen","","dry frozen","AW_B1_G056","G056","Pr","Pierinae","sample","med","SAMN55876279",1202446,"PRJNA1426605",NA,"","","","","","","","","",FALSE,FALSE
"AW.B1.G057_S59","16S_AW_Butterfly_join12","AW-B1-G057_S59","Other",59,"B1","E11",1,"G057","sample","Pieris","Pieridae","Arne","Lepidoptera","Pieridae","Pierinae","Pierini","Pieris","","Pieris napi","male","Hersbrucker Alb","Henfenfeld","Germany","10","25.09.2021",2021,9,25,925,39,"","","",329,12.79,"49.50689","11.38637","","","","",NA,NA,NA,NA,NA,"abdomen","","dry frozen","AW_B1_G057","G057","Pr","Pierinae","sample","med","SAMN55876280",1202446,"PRJNA1426605",NA,"","","","","","","","","",FALSE,FALSE
"AW.B1.G060_S60","16S_AW_Butterfly_join12","AW-B1-G060_S60","Other",60,"B1","E12",1,"G060","sample","Pieris","Pieridae","Arne","Lepidoptera","Pieridae","Pierinae","Pierini","Pieris","","Pieris napi","male","Nuremberg","Malmsbach","Germany","5","27.09.2021",2021,9,27,927,40,"","","",311,14.54,"49.47511","11.18093","","","","",NA,NA,NA,NA,NA,"abdomen","","dry frozen","AW_B1_G060","G060","Pn","Pierinae","sample","med","SAMN55876281",1202446,"PRJNA1426605",NA,"","","","","","","","","",FALSE,FALSE
"AW.B1.G061_S61","16S_AW_Butterfly_join12","AW-B1-G061_S61","Other",61,"B1","F1",1,"G061","sample","Pieris","Pieridae","Arne","Lepidoptera","Pieridae","Pierinae","Pierini","Pieris","","Pieris rapae","male","Nuremberg","Malmsbach","Germany","5","27.09.2021",2021,9,27,927,40,"","","",311,14.54,"49.47511","11.18093","","","","",NA,NA,NA,NA,NA,"abdomen","","dry frozen","AW_B1_G061","G061","Pr","Pierinae","sample","med","SAMN55876282",1202446,"PRJNA1426605",NA,"","","","","","","","","",FALSE,FALSE
"AW.B1.G062_S62","16S_AW_Butterfly_join12","AW-B1-G062_S62","Other",62,"B1","F2",1,"G062","sample","Pieris","Pieridae","Arne","Lepidoptera","Pieridae","Pierinae","Pierini","Pieris","","Pieris napi","male","Nuremberg","Malmsbach","Germany","5","27.09.2021",2021,9,27,927,40,"","","",311,14.54,"49.47511","11.18093","","","","",NA,NA,NA,NA,NA,"abdomen","","dry frozen","AW_B1_G062","G062","Pn","Pierinae","sample","med","SAMN55876283",1202446,"PRJNA1426605",NA,"","","","","","","","","",FALSE,FALSE
"AW.B1.G063_S63","16S_AW_Butterfly_join12","AW-B1-G063_S63","Other",63,"B1","F3",1,"G063","sample","Pieris","Pieridae","Arne","Lepidoptera","Pieridae","Pierinae","Pierini","Pieris","","Pieris rapae","male","Nuremberg","Malmsbach","Germany","7","27.09.2021",2021,9,27,927,40,"","","",311,14.54,"49.47511","11.18093","","","","",NA,NA,NA,NA,NA,"abdomen","","dry frozen","AW_B1_G063","G063","Pr","Pierinae","sample","med","SAMN55876284",1202446,"PRJNA1426605",NA,"","","","","","","","","",FALSE,FALSE
"AW.B1.G064_S64","16S_AW_Butterfly_join12","AW-B1-G064_S64","Other",64,"B1","F4",1,"G064","sample","Other","Nymphalidae","Arne","Lepidoptera","Nymphalidae","Nymphalinae","Nymphalini","Aglais","","Aglais urticae","unknown","Munich","LMU","Germany","56","15.03.2022",2022,3,15,315,12,"","cellar","",546,4.46,"48.10916","11.46039","","","","",NA,NA,NA,NA,NA,"abdomen","","dry frozen","AW_B1_G064","G064","Au","Nymphalinae","sample","low","SAMN55876285",1202446,"PRJNA1426605",NA,"","","","","","","","","",FALSE,FALSE
"AW.B1.G065_S65","16S_AW_Butterfly_join12","AW-B1-G065_S65","Other",65,"B1","F5",1,"G065","sample","Other","Nymphalidae","Arne","Lepidoptera","Nymphalidae","Nymphalinae","Nymphalini","Aglais","","Aglais io","unknown","Nuremberg","Malmsbach","Germany","78","23.03.2022",2022,3,23,323,13,"","","",311,6.74,"49.47511","11.18093","","","","",NA,NA,NA,NA,NA,"abdomen","","dry frozen","AW_B1_G065","G065","Ai","Nymphalinae","sample","low","SAMN55876286",1202446,"PRJNA1426605",NA,"","","","","","","","","",FALSE,FALSE
"AW.B1.G066_S66","16S_AW_Butterfly_join12","AW-B1-G066_S66","Other",66,"B1","F6",1,"G066","sample","Other","Nymphalidae","Arne","Lepidoptera","Nymphalidae","Nymphalinae","Nymphalini","Aglais","","Aglais io","unknown","Nuremberg","Malmsbach","Germany","73","23.03.2022",2022,3,23,323,13,"","","",311,6.74,"49.47511","11.18093","","","","",NA,NA,NA,NA,NA,"abdomen","","dry frozen","AW_B1_G066","G066","Ai","Nymphalinae","sample","low","SAMN55876287",1202446,"PRJNA1426605",NA,"","","","","","","","","",FALSE,FALSE
"AW.B1.G067_S67","16S_AW_Butterfly_join12","AW-B1-G067_S67","Other",67,"B1","F7",1,"G067","sample","Other","Nymphalidae","Arne","Lepidoptera","Nymphalidae","Nymphalinae","Nymphalini","Aglais","","Aglais io","unknown","Nuremberg","Malmsbach","Germany","52","23.03.2022",2022,3,23,323,13,"","","",311,6.74,"49.47511","11.18093","","","","",NA,NA,NA,NA,NA,"abdomen","","dry frozen","AW_B1_G067","G067","Ai","Nymphalinae","sample","med","SAMN55876288",1202446,"PRJNA1426605",NA,"","","","","","","","","",FALSE,FALSE
"AW.B1.G068_S68","16S_AW_Butterfly_join12","AW-B1-G068_S68","Other",68,"B1","F8",1,"G068","sample","Other","Nymphalidae","Arne","Lepidoptera","Nymphalidae","Nymphalinae","Nymphalini","Aglais","","Aglais io","unknown","Nuremberg","Malmsbach","Germany","82","23.03.2022",2022,3,23,323,13,"","","",311,6.74,"49.47511","11.18093","","","","",NA,NA,NA,NA,NA,"abdomen","","dry frozen","AW_B1_G068","G068","Ai","Nymphalinae","sample","low","SAMN55876289",1202446,"PRJNA1426605",NA,"","","","","","","","","",FALSE,FALSE
"AW.B1.G069_S69","16S_AW_Butterfly_join12","AW-B1-G069_S69","Other",69,"B1","F9",1,"G069","sample","Other","Nymphalidae","Arne","Lepidoptera","Nymphalidae","Nymphalinae","Nymphalini","Aglais","","Aglais io","unknown","Nuremberg","Malmsbach","Germany","66","23.03.2022",2022,3,23,323,13,"","","",311,6.74,"49.47511","11.18093","","","","",NA,NA,NA,NA,NA,"abdomen","","dry frozen","AW_B1_G069","G069","Ai","Nymphalinae","sample","low","SAMN55876290",1202446,"PRJNA1426605",NA,"","","","","","","","","",FALSE,FALSE
"AW.B1.G070_S70","16S_AW_Butterfly_join12","AW-B1-G070_S70","Other",70,"B1","F10",1,"G070","sample","Other","Nymphalidae","Arne","Lepidoptera","Nymphalidae","Nymphalinae","Nymphalini","Aglais","","Aglais io","unknown","Nuremberg","Malmsbach","Germany","58","25.03.2022",2022,3,25,325,13,"","","",311,6.89,"49.47511","11.18093","","","","",NA,NA,NA,NA,NA,"abdomen","","dry frozen","AW_B1_G070","G070","Ai","Nymphalinae","sample","low","SAMN55876291",1202446,"PRJNA1426605",NA,"","","","","","","","","",FALSE,FALSE
"AW.B1.G071_S71","16S_AW_Butterfly_join12","AW-B1-G071_S71","Other",71,"B1","F11",1,"G071","sample","Other","Nymphalidae","Arne","Lepidoptera","Nymphalidae","Nymphalinae","Nymphalini","Aglais","","Aglais io","unknown","Nuremberg","Malmsbach","Germany","43","25.03.2022",2022,3,25,325,13,"","","",311,6.89,"49.47511","11.18093","","","","",NA,NA,NA,NA,NA,"abdomen","","dry frozen","AW_B1_G071","G071","Ai","Nymphalinae","sample","low","SAMN55876292",1202446,"PRJNA1426605",NA,"","","","","","","","","",FALSE,FALSE
"AW.B1.G072_S72","16S_AW_Butterfly_join12","AW-B1-G072_S72","Other",72,"B1","F12",1,"G072","sample","Other","Nymphalidae","Arne","Lepidoptera","Nymphalidae","Nymphalinae","Nymphalini","Polygonia","","Polygonia c-album","unknown","Nuremberg","Malmsbach","Germany","52","25.03.2022",2022,3,25,325,13,"","C-Falter","",311,6.89,"49.47511","11.18093","","","","",NA,NA,NA,NA,NA,"abdomen","","dry frozen","AW_B1_G072","G072","Pc","Nymphalinae","sample","med","SAMN55876293",1202446,"PRJNA1426605",NA,"","","","","","","","","",FALSE,FALSE
"AW.B1.G076_S76","16S_AW_Butterfly_join12","AW-B1-G076_S76","Other",76,"B1","G4",1,"G076","sample","Other","Nymphalidae","Arne","Lepidoptera","Nymphalidae","Nymphalinae","Nymphalini","Aglais","","Aglais io","unknown","Nuremberg","Malmsbach","Germany","53","13.04.2022",2022,4,13,413,16,"","","",311,7.7,"49.47511","11.18093","","","","",NA,NA,NA,NA,NA,"abdomen","","dry frozen","AW_B1_G076","G076","Ai","Nymphalinae","sample","low","SAMN55876297",1202446,"PRJNA1426605",NA,"","","","","","","","","",FALSE,FALSE
"AW.B1.G078_S78","16S_AW_Butterfly_join12","AW-B1-G078_S78","Other",78,"B1","G6",1,"G078","sample","Other","Nymphalidae","Arne","Lepidoptera","Nymphalidae","Satyrinae","Melanargiini","Melanargia","","Melanargia galathea","unknown","Nuremberg","Laufamholz","Germany","60","02.07.2022",2022,7,2,702,27,"","Schachbrett","",320,21.14,"49.46372","11.15081","","","","",NA,NA,NA,NA,NA,"abdomen","","dry frozen","AW_B1_G078","G078","Mg","Satyrinae","sample","med","SAMN55876299",1202446,"PRJNA1426605",NA,"","","","","","","","","",FALSE,FALSE
"AW.B1.G079_S79","16S_AW_Butterfly_join12","AW-B1-G079_S79","Other",79,"B1","G7",1,"G079","sample","Other","Nymphalidae","Arne","Lepidoptera","Nymphalidae","Satyrinae","Melanargiini","Melanargia","","Melanargia galathea","unknown","Nuremberg","Laufamholz","Germany","15","02.07.2022",2022,7,2,702,27,"","Schachbrett","",320,21.14,"49.46372","11.15081","","","","",NA,NA,NA,NA,NA,"abdomen","","dry frozen","AW_B1_G079","G079","Mg","Satyrinae","sample","high","SAMN55876300",1202446,"PRJNA1426605",NA,"","","","","","","","","",FALSE,FALSE
"AW.B1.G080_S80","16S_AW_Butterfly_join12","AW-B1-G080_S80","Other",80,"B1","G8",1,"G080","sample","Other","Pieridae","Arne","Lepidoptera","Pieridae","Coliadinae","Gonepterygini","Gonepteryx","","Gonepteryx rhamni","female","Hersbrucker Alb","Happurg","Germany","105","25.07.2022",2022,7,25,725,31,"","Zitronenfalter","",347,24.77,"49.4972","11.46821","","","","",NA,NA,NA,NA,NA,"abdomen","","dry frozen","AW_B1_G080","G080","Gr","Coliadinae","sample","med","SAMN55876301",1202446,"PRJNA1426605",NA,"","","","","","","","","",FALSE,FALSE
"AW.B1.G081_S81","16S_AW_Butterfly_join12","AW-B1-G081_S81","Other",81,"B1","G9",1,"G081","sample","Other","Pieridae","Arne","Lepidoptera","Pieridae","Coliadinae","Gonepterygini","Gonepteryx","","Gonepteryx rhamni","female","Hersbrucker Alb","Happurg","Germany","94","25.07.2022",2022,7,25,725,31,"","Zitronenfalter","",347,24.77,"49.4972","11.46821","","","","",NA,NA,NA,NA,NA,"abdomen","","dry frozen","AW_B1_G081","G081","Gr","Coliadinae","sample","med","SAMN55876302",1202446,"PRJNA1426605",NA,"","","","","","","","","",FALSE,FALSE
"AW.B1.G082_S85","16S_AW_Butterfly_join12","AW-B1-G082_S85","Other",85,"B1","H1",1,"G082","sample","Other","Pieridae","Arne","Lepidoptera","Pieridae","Coliadinae","Gonepterygini","Gonepteryx","","Gonepteryx rhamni","female","Hersbrucker Alb","Happurg","Germany","71","25.07.2022",2022,7,25,725,31,"","Zitronenfalter","",347,24.77,"49.4972","11.46821","","","","",NA,NA,NA,NA,NA,"abdomen","","dry frozen","AW_B1_G082","G082","Gr","Coliadinae","sample","med","SAMN55876303",1202446,"PRJNA1426605",NA,"","","","","","","","","",FALSE,FALSE
"AW.B1.G083_S86","16S_AW_Butterfly_join12","AW-B1-G083_S86","Other",86,"B1","H2",1,"G083","sample","Pieris","Pieridae","Arne","Lepidoptera","Pieridae","Pierinae","Pierini","Pieris","","Pieris napi","female","Nuremberg","Malmsbach","Germany","23","08.08.2021",2021,8,8,808,33,"","Pegnitz Wiese","",311,16.71,"49.47511","11.18093","","","","",NA,NA,NA,NA,NA,"abdomen","","dry frozen","AW_B1_G083","G083","Pn","Pierinae","sample","med","SAMN55876304",1202446,"PRJNA1426605",NA,"","","","","","","","","",FALSE,FALSE
"AW.B1.H001_S97","16S_AW_Butterfly_join12","AW-B1-H001_S97","Peru",97,"B1","A1",3,"H001","sample","Peru","Nymphalidae","Andrea","Lepidoptera","Nymphalidae","Danainae","Ithomiini","Tithorea","","Tithorea harmonia","unknown","Paucartambo","Villa Carmen","Peru","","07.11.2022",2022,11,7,1107,46,"ANDIV1591-23","Heliconius","52",500,20.95768229,"-12.887","-71.401","Cusco","Paucartambo","Villa Carmen","",NA,NA,NA,NA,NA,"abdomen","","DNA shield","AW_B1_H001","H001","He","Danainae","sample","med","SAMN55876305",1202446,"PRJNA1426605",NA,"","","","","","","","","",FALSE,FALSE
"AW.B1.H002_S98","16S_AW_Butterfly_join12","AW-B1-H002_S98","Peru",98,"B1","A2",3,"H002","sample","Peru","Nymphalidae","Andrea","Lepidoptera","Nymphalidae","Heliconiinae","Heliconiini","Heliconius","","Heliconius sara","unknown","Paucartambo","Villa Carmen","Peru","","08.11.2022",2022,11,8,1108,46,"ANDIV1592-23","Heliconius  ","52",500,21.15429688,"-12.887","-71.401","Cusco","Paucartambo","Villa Carmen","",NA,NA,NA,NA,NA,"abdomen","","DNA shield","AW_B1_H002","H002","He","Heliconiinae","sample","med","SAMN55876306",1202446,"PRJNA1426605",NA,"","","","","","","","","",FALSE,FALSE
"AW.B1.H003_S99","16S_AW_Butterfly_join12","AW-B1-H003_S99","Peru",99,"B1","A3",3,"H003","sample","Peru","Nymphalidae","Andrea","Lepidoptera","Nymphalidae","Heliconiinae","Heliconiini","Heliconius","","Heliconius doris","unknown","Paucartambo","Villa Carmen","Peru","","08.11.2022",2022,11,8,1108,46,"ANDIV1593-23","Heliconius","52",500,21.15429688,"-12.887","-71.401","Cusco","Paucartambo","Villa Carmen","",NA,NA,NA,NA,NA,"abdomen","","DNA shield","AW_B1_H003","H003","He","Heliconiinae","sample","med","SAMN55876307",1202446,"PRJNA1426605",NA,"","","","","","","","","",FALSE,FALSE
"AW.B1.H004_S100","16S_AW_Butterfly_join12","AW-B1-H004_S100","Peru",100,"B1","A4",3,"H004","sample","Peru","Nymphalidae","Andrea","Lepidoptera","Nymphalidae","Danainae","Ithomiini","Tithorea","","Tithorea harmonia","unknown","Paucartambo","Villa Carmen","Peru","","08.11.2022",2022,11,8,1108,46,"ANDIV1594-23","Heliconius","52",500,21.15429688,"-12.887","-71.401","Cusco","Paucartambo","Villa Carmen","",NA,NA,NA,NA,NA,"abdomen","","DNA shield","AW_B1_H004","H004","He","Danainae","sample","med","SAMN55876308",1202446,"PRJNA1426605",NA,"","","","","","","","","",FALSE,FALSE
"AW.B1.H005_S101","16S_AW_Butterfly_join12","AW-B1-H005_S101","Peru",101,"B1","A5",3,"H005","sample","Peru","Nymphalidae","Andrea","Lepidoptera","Nymphalidae","Danainae","Euploeini","Lycorea","","Lycorea halia","unknown","Paucartambo","Villa Carmen","Peru","","08.11.2022",2022,11,8,1108,46,"ANDIV1595-23","Lycorea sp","52",500,21.15429688,"-12.887","-71.401","Cusco","Paucartambo","Villa Carmen","",NA,NA,NA,NA,NA,"abdomen","","DNA shield","AW_B1_H005","H005","He","Danainae","sample","med","SAMN55876309",1202446,"PRJNA1426605",NA,"","","","","","","","","",FALSE,FALSE
"AW.B1.H006_S102","16S_AW_Butterfly_join12","AW-B1-H006_S102","Peru",102,"B1","A6",3,"H006","sample","Peru","Nymphalidae","Andrea","Lepidoptera","Nymphalidae","Heliconiinae","Heliconiini","Heliconius","","Heliconius erato","unknown","Paucartambo","Tono","Peru","","17.11.2022",2022,11,17,1117,47,"ANDIV1596-23","Heliconius","80",800,22.48242188,"-12.947","-71.531","Cusco","Paucartambo","Tono","",NA,NA,NA,NA,NA,"abdomen","","DNA shield","AW_B1_H006","H006","He","Heliconiinae","sample","med","SAMN55876310",1202446,"PRJNA1426605",NA,"","","","","","","","","",FALSE,FALSE
"AW.B1.H007_S103","16S_AW_Butterfly_join12","AW-B1-H007_S103","Peru",103,"B1","A7",3,"H007","sample","Peru","Nymphalidae","Andrea","Lepidoptera","Nymphalidae","Heliconiinae","Heliconiini","Heliconius","","Heliconius erato","unknown","Manu","Los Amigos","Peru","","24.11.2022",2022,11,24,1124,48,"ANDIV1597-23","Heliconius","25",275,25.87890625,"-12.569","-70.1","Madre de Dios","Manu","Los Amigos","",NA,NA,NA,NA,NA,"abdomen","","DNA shield","AW_B1_H007","H007","He","Heliconiinae","sample","med","SAMN55876311",1202446,"PRJNA1426605",NA,"","","","","","","","","",FALSE,FALSE
"AW.B1.H008_S104","16S_AW_Butterfly_join12","AW-B1-H008_S104","Peru",104,"B1","A8",3,"H008","sample","Peru","Nymphalidae","Andrea","Lepidoptera","Nymphalidae","Heliconiinae","Heliconiini","Heliconius","","Heliconius erato","unknown","Manu","Los Amigos","Peru","","25.11.2022",2022,11,25,1125,48,"ANDIV1598-23","Heliconius","23",245,25.30478051,"-12.551","-70.097","Madre de Dios","Manu","Los Amigos","",NA,NA,NA,NA,NA,"abdomen","","DNA shield","AW_B1_H008","H008","He","Heliconiinae","sample","med","SAMN55876312",1202446,"PRJNA1426605",NA,"","","","","","","","","",FALSE,FALSE
"AW.B1.H009_S105","16S_AW_Butterfly_join12","AW-B1-H009_S105","Peru",105,"B1","A9",3,"H009","sample","Peru","Nymphalidae","Andrea","Lepidoptera","Nymphalidae","Heliconiinae","Heliconiini","Heliconius","","Heliconius erato","unknown","Manu","Los Amigos","Peru","","25.11.2022",2022,11,25,1125,48,"ANDIV1599-23","Heliconius","29",290,25.76822917,"-12.563","-70.097","Madre de Dios","Manu","Los Amigos","",NA,NA,NA,NA,NA,"abdomen","","DNA shield","AW_B1_H009","H009","He","Heliconiinae","sample","med","SAMN55876313",1202446,"PRJNA1426605",NA,"","","","","","","","","",FALSE,FALSE
"AW.B1.H010_S106","16S_AW_Butterfly_join12","AW-B1-H010_S106","Peru",106,"B1","A10",3,"H010","sample","Peru","Nymphalidae","Andrea","Lepidoptera","Nymphalidae","Heliconiinae","Heliconiini","Heliconius","","Heliconius erato","unknown","Manu","Los Amigos","Peru","","27.11.2022",2022,11,27,1127,49,"ANDIV1600-23","Heliconius","25",275,26.06597222,"-12.569","-70.1","Madre de Dios","Manu","Los Amigos","",NA,NA,NA,NA,NA,"abdomen","","DNA shield","AW_B1_H010","H010","He","Heliconiinae","sample","med","SAMN55876314",1202446,"PRJNA1426605",NA,"","","","","","","","","",FALSE,FALSE
"AW.B1.H011_S107","16S_AW_Butterfly_join12","AW-B1-H011_S107","Peru",107,"B1","A11",3,"H011","sample","Peru","Nymphalidae","Andrea","Lepidoptera","Nymphalidae","Heliconiinae","Heliconiini","Heliconius","","Heliconius pardalinus","unknown","Manu","Los Amigos","Peru","","28.11.2022",2022,11,28,1128,49,"ANDIV1601-23","Heliconius astraea astraea Neruda aoede bartletti","23",245,25.30478051,"-12.571","-70.093","Madre de Dios","Manu","Los Amigos","",NA,NA,NA,NA,NA,"abdomen","","DNA shield","AW_B1_H011","H011","He","Heliconiinae","sample","med","SAMN55876315",1202446,"PRJNA1426605",NA,"","","","","","","","","",FALSE,FALSE
"AW.B1.H012_S108","16S_AW_Butterfly_join12","AW-B1-H012_S108","Peru",108,"B1","A12",3,"H012","sample","Peru","Nymphalidae","Andrea","Lepidoptera","Nymphalidae","Heliconiinae","Heliconiini","Heliconius","","Heliconius numata","unknown","Manu","Los Amigos","Peru","","28.11.2022",2022,11,28,1128,49,"ANDIV1602-23","Heliconius","29",290,26.01171875,"-12.563","-70.097","Madre de Dios","Manu","Los Amigos","",NA,NA,NA,NA,NA,"abdomen","","DNA shield","AW_B1_H012","H012","He","Heliconiinae","sample","med","SAMN55876316",1202446,"PRJNA1426605",NA,"","","","","","","","","",FALSE,FALSE
"AW.B1.H013_S109","16S_AW_Butterfly_join12","AW-B1-H013_S109","Peru",109,"B1","B1",3,"H013","sample","Peru","Nymphalidae","Andrea","Lepidoptera","Nymphalidae","Heliconiinae","Heliconiini","Heliconius","","Heliconius erato","unknown","Manu","Los Amigos","Peru","","30.11.2022",2022,11,30,1130,49,"ANDIV1603-23","Heliconius","25",275,25.82638889,"-12.569","-70.1","Madre de Dios","Manu","Los Amigos","",NA,NA,NA,NA,NA,"abdomen","","DNA shield","AW_B1_H013","H013","He","Heliconiinae","sample","med","SAMN55876317",1202446,"PRJNA1426605",NA,"","","","","","","","","",FALSE,FALSE
"AW.B1.H014_S110","16S_AW_Butterfly_join12","AW-B1-H014_S110","Peru",110,"B1","B2",3,"H014","sample","Peru","Nymphalidae","Andrea","Lepidoptera","Nymphalidae","Heliconiinae","Heliconiini","Heliconius","","Heliconius erato","unknown","Manu","Los Amigos","Peru","","30.11.2022",2022,11,30,1130,49,"ANDIV1604-23","Heliconius","25",275,25.82638889,"-12.569","-70.1","Madre de Dios","Manu","Los Amigos","",NA,NA,NA,NA,NA,"abdomen","","DNA shield","AW_B1_H014","H014","He","Heliconiinae","sample","med","SAMN55876318",1202446,"PRJNA1426605",NA,"","","","","","","","","",FALSE,FALSE
"AW.B1.P001_S112","16S_AW_Butterfly_join12","AW-B1-P001_S112","Peru",112,"B1","B4",3,"P001","sample","Peru","Pieridae","Andrea","Lepidoptera","Pieridae","Coliadinae","Euremini","Eurema","","Eurema elathea","unknown","Paucartambo","Villa Carmen","Peru","","07.11.2022",2022,11,7,1107,46,"ANDIV1605-23","Eurema sp.","52",500,20.95768229,"-12.887","-71.401","Cusco","Paucartambo","Villa Carmen","",NA,NA,NA,NA,NA,"abdomen","","DNA shield","AW_B1_P001","P001","Pe","Coliadinae","sample","med","SAMN55876319",1202446,"PRJNA1426605",NA,"","","","","","","","","",FALSE,FALSE
"AW.B1.P002_S113","16S_AW_Butterfly_join12","AW-B1-P002_S113","Peru",113,"B1","B5",3,"P002","sample","Peru","Pieridae","Andrea","Lepidoptera","Pieridae","Coliadinae","Euremini","Abaeis","","Abaeis albula","unknown","Paucartambo","Villa Carmen","Peru","","24.11.2022",2022,11,24,1124,48,"ANDIV1606-23","","52",500,23.09626116,"-12.895","-71.404","Cusco","Paucartambo","Villa Carmen","",NA,NA,NA,NA,NA,"abdomen","","DNA shield","AW_B1_P002","P002","Pe","Coliadinae","sample","med","SAMN55876320",1202446,"PRJNA1426605",NA,"","","","","","","","","",FALSE,FALSE
"AW.B1.P003_S114","16S_AW_Butterfly_join12","AW-B1-P003_S114","Peru",114,"B1","B6",3,"P003","sample","Peru","Pieridae","Andrea","Lepidoptera","Pieridae","Pierinae","Pierini","Perrhybris","","Perrhybris pamela","unknown","Manu","Los Amigos","Peru","","25.11.2022",2022,11,25,1125,48,"ANDIV1607-23","Perrhybis pamela?","23",245,25.30478051,"-12.551","-70.097","Madre de Dios","Manu","Los Amigos","",NA,NA,NA,NA,NA,"abdomen","","DNA shield","AW_B1_P003","P003","Pe","Pierinae","sample","med","SAMN55876321",1202446,"PRJNA1426605",NA,"","","","","","","","","",FALSE,FALSE
"AW.B1.P004_S115","16S_AW_Butterfly_join12","AW-B1-P004_S115","Peru",115,"B1","B7",3,"P004","sample","Peru","Pieridae","Andrea","Lepidoptera","Pieridae","Pierinae","Pierini","Glutophrissa","","Glutophrissa drusilla","unknown","Manu","Los Amigos","Peru","","27.11.2022",2022,11,27,1127,49,"ANDIV1608-23","","25",275,26.06597222,"-12.569","-70.1","Madre de Dios","Manu","Los Amigos","",NA,NA,NA,NA,NA,"abdomen","","DNA shield","AW_B1_P004","P004","Pe","Pierinae","sample","med","SAMN55876322",1202446,"PRJNA1426605",NA,"","","","","","","","","",FALSE,FALSE
"AW.B1.P005_S116","16S_AW_Butterfly_join12","AW-B1-P005_S116","Peru",116,"B1","B8",3,"P005","sample","Peru","Pieridae","Andrea","Lepidoptera","Pieridae","Coliadinae","Coliadini","Anteos","","Anteos menippe","unknown","Manu","Los Amigos","Peru","","27.11.2022",2022,11,27,1127,49,"ANDIV1609-23","","25",275,26.06597222,"-12.569","-70.1","Madre de Dios","Manu","Los Amigos","",NA,NA,NA,NA,NA,"abdomen","","DNA shield","AW_B1_P005","P005","Pe","Coliadinae","sample","med","SAMN55876323",1202446,"PRJNA1426605",NA,"","","","","","","","","",FALSE,FALSE
"AW.B1.P006_S117","16S_AW_Butterfly_join12","AW-B1-P006_S117","Peru",117,"B1","B9",3,"P006","sample","Peru","Pieridae","Andrea","Lepidoptera","Pieridae","Coliadinae","Euremini","Abaeis","","Abaeis albula","unknown","Manu","Los Amigos","Peru","","27.11.2022",2022,11,27,1127,49,"ANDIV1610-23","Liptenina","25",275,26.06597222,"-12.569","-70.1","Madre de Dios","Manu","Los Amigos","",NA,NA,NA,NA,NA,"abdomen","","DNA shield","AW_B1_P006","P006","Pe","Coliadinae","sample","med","SAMN55876324",1202446,"PRJNA1426605",NA,"","","","","","","","","",FALSE,FALSE
"AW.B1.P007_S118","16S_AW_Butterfly_join12","AW-B1-P007_S118","Peru",118,"B1","B10",3,"P007","sample","Peru","Pieridae","Andrea","Lepidoptera","Pieridae","Coliadinae","Euremini","Abaeis","","Abaeis albula","unknown","Manu","Los Amigos","Peru","","27.11.2022",2022,11,27,1127,49,"ANDIV1611-23","","25",275,26.06597222,"-12.569","-70.1","Madre de Dios","Manu","Los Amigos","",NA,NA,NA,NA,NA,"abdomen","","DNA shield","AW_B1_P007","P007","Pe","Coliadinae","sample","med","SAMN55876325",1202446,"PRJNA1426605",NA,"","","","","","","","","",FALSE,FALSE
"AW.B1.P008_S119","16S_AW_Butterfly_join12","AW-B1-P008_S119","Peru",119,"B1","B11",3,"P008","sample","Peru","Pieridae","Andrea","Lepidoptera","Pieridae","Coliadinae","Coliadini","Anteos","","Anteos menippe","unknown","Manu","Los Amigos","Peru","","27.11.2022",2022,11,27,1127,49,"ANDIV1612-23","Ganyra phaloe","25",275,26.06597222,"-12.569","-70.1","Madre de Dios","Manu","Los Amigos","",NA,NA,NA,NA,NA,"abdomen","","DNA shield","AW_B1_P008","P008","Pe","Coliadinae","sample","med","SAMN55876326",1202446,"PRJNA1426605",NA,"","","","","","","","","",FALSE,FALSE
"AW.B1.P009_S120","16S_AW_Butterfly_join12","AW-B1-P009_S120","Peru",120,"B1","B12",3,"P009","sample","Peru","Pieridae","Andrea","Lepidoptera","Pieridae","Coliadinae","Euremini","Abaeis","","Abaeis albula","unknown","Manu","Los Amigos","Peru","","28.11.2022",2022,11,28,1128,49,"ANDIV1613-23","Liptenina","29",290,26.01171875,"-12.569","-70.1","Madre de Dios","Manu","Los Amigos","",NA,NA,NA,NA,NA,"abdomen","","DNA shield","AW_B1_P009","P009","Pe","Coliadinae","sample","med","SAMN55876327",1202446,"PRJNA1426605",NA,"","","","","","","","","",FALSE,FALSE
"AW.B1.P010_S121","16S_AW_Butterfly_join12","AW-B1-P010_S121","Peru",121,"B1","C1",3,"P010","sample","Peru","Pieridae","Andrea","Lepidoptera","Pieridae","Coliadinae","Euremini","Abaeis","","Abaeis albula","unknown","Manu","Los Amigos","Peru","","28.11.2022",2022,11,28,1128,49,"ANDIV1614-23","Liptenina","25",275,26.05745443,"-12.563","-70.097","Madre de Dios","Manu","Los Amigos","",NA,NA,NA,NA,NA,"abdomen","","DNA shield","AW_B1_P010","P010","Pe","Coliadinae","sample","med","SAMN55876328",1202446,"PRJNA1426605",NA,"","","","","","","","","",FALSE,FALSE
"AW.B1.P011_S122","16S_AW_Butterfly_join12","AW-B1-P011_S122","Peru",122,"B1","C2",3,"P011","sample","Peru","Pieridae","Andrea","Lepidoptera","Pieridae","Coliadinae","Euremini","Abaeis","","Abaeis albula","unknown","Manu","Los Amigos","Peru","","01.12.2022",2022,12,1,1201,49,"ANDIV1615-23","","25",275,25.54315476,"-12.569","-70.1","Madre de Dios","Manu","Los Amigos","",NA,NA,NA,NA,NA,"abdomen","","DNA shield","AW_B1_P011","P011","Pe","Coliadinae","sample","med","SAMN55876329",1202446,"PRJNA1426605",NA,"","","","","","","","","",FALSE,FALSE
"AW.B1.P012_S123","16S_AW_Butterfly_join12","AW-B1-P012_S123","Peru",123,"B1","C3",3,"P012","sample","Peru","Pieridae","Andrea","Lepidoptera","Pieridae","Coliadinae","Euremini","Abaeis","","Abaeis albula","unknown","Manu","Los Amigos","Peru","","01.12.2022",2022,12,1,1201,49,"ANDIV1901-23","","25",275,25.54315476,"-12.569","-70.1","Madre de Dios","Manu","Los Amigos","",NA,NA,NA,NA,NA,"abdomen","","DNA shield","AW_B1_P012","P012","Pe","Coliadinae","sample","med","SAMN55876330",1202446,"PRJNA1426605",NA,"","","","","","","","","",FALSE,FALSE
"AW.B1.P013_S124","16S_AW_Butterfly_join12","AW-B1-P013_S124","Peru",124,"B1","C4",3,"P013","sample","Peru","Pieridae","Andrea","Lepidoptera","Pieridae","Pierinae","Pierini","Leptophobia","","Leptophobia tovaria","unknown","Paucartambo","San Pedro","Peru","","04.12.2022",2022,12,4,1204,50,"ANDIV1902-23","","143",1350,17.29882813,"-13.057","-71.544","Cusco","Paucartambo","San Pedro","",NA,NA,NA,NA,NA,"abdomen","","DNA shield","AW_B1_P013","P013","Pe","Pierinae","sample","med","SAMN55876331",1202446,"PRJNA1426605",NA,"","","","","","","","","",FALSE,FALSE
"AW.B1.P014_S125","16S_AW_Butterfly_join12","AW-B1-P014_S125","Peru",125,"B1","C5",3,"P014","sample","Peru","Pieridae","Andrea","Lepidoptera","Pieridae","Pierinae","Pierini","Glutophrissa","","Glutophrissa drusilla","unknown","Paucartambo","Santa Isabel","Peru","","04.12.2022",2022,12,4,1204,50,"ANDIV1903-23","","120",1200,18.75,"-13.034","-71.525","Cusco","Paucartambo","Santa Isabel","",NA,NA,NA,NA,NA,"abdomen","","DNA shield","AW_B1_P014","P014","Pe","Pierinae","sample","med","SAMN55876332",1202446,"PRJNA1426605",NA,"","","","","","","","","",FALSE,FALSE
"AW.B1.P015_S126","16S_AW_Butterfly_join12","AW-B1-P015_S126","Peru",126,"B1","C6",3,"P015","sample","Peru","Pieridae","Andrea","Lepidoptera","Pieridae","Coliadinae","Euremini","Abaeis","","Abaeis salome","unknown","Paucartambo","Santa Isabel","Peru","","04.12.2022",2022,12,4,1204,50,"ANDIV1904-23","Abaeis","120",1200,18.75,"-13.034","-71.525","Cusco","Paucartambo","Santa Isabel","",NA,NA,NA,NA,NA,"abdomen","","DNA shield","AW_B1_P015","P015","Pe","Coliadinae","sample","med","SAMN55876333",1202446,"PRJNA1426605",NA,"","","","","","","","","",FALSE,FALSE
"AW.B1.P016_S127","16S_AW_Butterfly_join12","AW-B1-P016_S127","Peru",127,"B1","C7",3,"P016","sample","Peru","Pieridae","Andrea","Lepidoptera","Pieridae","Coliadinae","Euremini","Eurema","","Eurema xanthochlora","unknown","Paucartambo","Santa Isabel","Peru","","04.12.2022",2022,12,4,1204,50,"ANDIV1905-23","","120",1200,18.75,"-13.034","-71.525","Cusco","Paucartambo","Santa Isabel","",NA,NA,NA,NA,NA,"abdomen","","DNA shield","AW_B1_P016","P016","Pe","Coliadinae","sample","med","SAMN55876334",1202446,"PRJNA1426605",NA,"","","","","","","","","",FALSE,FALSE
"AW.B1.P017_S128","16S_AW_Butterfly_join12","AW-B1-P017_S128","Peru",128,"B1","C8",3,"P017","sample","Peru","Pieridae","Andrea","Lepidoptera","Pieridae","Coliadinae","Euremini","Abaeis","","Abaeis salome","unknown","Paucartambo","Santa Isabel","Peru","","04.12.2022",2022,12,4,1204,50,"ANDIV1906-23","Abaeis","120",1200,18.75,"-13.034","-71.525","Cusco","Paucartambo","Santa Isabel","",NA,NA,NA,NA,NA,"abdomen","","DNA shield","AW_B1_P017","P017","Pe","Coliadinae","sample","med","SAMN55876335",1202446,"PRJNA1426605",NA,"","","","","","","","","",FALSE,FALSE
"AW.B1.P018_S129","16S_AW_Butterfly_join12","AW-B1-P018_S129","Peru",129,"B1","C9",3,"P018","sample","Peru","Pieridae","Andrea","Lepidoptera","Pieridae","Pierinae","Pierini","Glutophrissa","","Glutophrissa drusilla","unknown","Paucartambo","Santa Isabel","Peru","","04.12.2022",2022,12,4,1204,50,"ANDIV1907-23","Pierini ?","120",1200,18.75,"-13.034","-71.525","Cusco","Paucartambo","Santa Isabel","",NA,NA,NA,NA,NA,"abdomen","","DNA shield","AW_B1_P018","P018","Pe","Pierinae","sample","med","SAMN55876336",1202446,"PRJNA1426605",NA,"","","","","","","","","",FALSE,FALSE
"AW.B1.P019_S130","16S_AW_Butterfly_join12","AW-B1-P019_S130","Peru",130,"B1","C10",3,"P019","sample","Peru","Pieridae","Andrea","Lepidoptera","Pieridae","Pierinae","Pierini","Glutophrissa","","Glutophrissa drusilla","unknown","Paucartambo","Santa Isabel","Peru","","04.12.2022",2022,12,4,1204,50,"ANDIV1908-23","","120",1200,18.75,"-13.034","-71.525","Cusco","Paucartambo","Santa Isabel","",NA,NA,NA,NA,NA,"abdomen","","DNA shield","AW_B1_P019","P019","Pe","Pierinae","sample","med","SAMN55876337",1202446,"PRJNA1426605",NA,"","","","","","","","","",FALSE,FALSE
"AW.B1.P020_S131","16S_AW_Butterfly_join12","AW-B1-P020_S131","Peru",131,"B1","C11",3,"P020","sample","Peru","Pieridae","Andrea","Lepidoptera","Pieridae","Coliadinae","Euremini","Abaeis","","Abaeis salome","unknown","Paucartambo","Santa Isabel","Peru","","04.12.2022",2022,12,4,1204,50,"ANDIV1909-23","Abaeis","120",1200,18.75,"-13.034","-71.525","Cusco","Paucartambo","Santa Isabel","",NA,NA,NA,NA,NA,"abdomen","","DNA shield","AW_B1_P020","P020","Pe","Coliadinae","sample","med","SAMN55876338",1202446,"PRJNA1426605",NA,"","","","","","","","","",FALSE,FALSE
"AW.B1.P021_S132","16S_AW_Butterfly_join12","AW-B1-P021_S132","Peru",132,"B1","C12",3,"P021","sample","Peru","Pieridae","Andrea","Lepidoptera","Pieridae","Coliadinae","Euremini","Abaeis","","Abaeis salome","unknown","Paucartambo","Santa Isabel","Peru","","04.12.2022",2022,12,4,1204,50,"ANDIV1910-23","Abaeis","120",1200,18.75,"-13.034","-71.525","Cusco","Paucartambo","Santa Isabel","",NA,NA,NA,NA,NA,"abdomen","","DNA shield","AW_B1_P021","P021","Pe","Coliadinae","sample","med","SAMN55876339",1202446,"PRJNA1426605",NA,"","","","","","","","","",FALSE,FALSE
"AW.B1.P022_S133","16S_AW_Butterfly_join12","AW-B1-P022_S133","Peru",133,"B1","D1",3,"P022","sample","Peru","Pieridae","Andrea","Lepidoptera","Pieridae","Coliadinae","Euremini","Abaeis","","Abaeis salome","unknown","Paucartambo","Santa Isabel","Peru","","04.12.2022",2022,12,4,1204,50,"ANDIV1911-23","Eurema sp.","120",1200,18.75,"-13.034","-71.525","Cusco","Paucartambo","Santa Isabel","",NA,NA,NA,NA,NA,"abdomen","","DNA shield","AW_B1_P022","P022","Pe","Coliadinae","sample","med","SAMN55876340",1202446,"PRJNA1426605",NA,"","","","","","","","","",FALSE,FALSE
"AW.B1.P023_S134","16S_AW_Butterfly_join12","AW-B1-P023_S134","Peru",134,"B1","D2",3,"P023","sample","Peru","Pieridae","Andrea","Lepidoptera","Pieridae","Pierinae","Pierini","Melete","","Melete lycimnia","unknown","Paucartambo","Santa Isabel","Peru","","04.12.2022",2022,12,4,1204,50,"ANDIV1912-23","Melete","120",1200,18.75,"-13.034","-71.525","Cusco","Paucartambo","Santa Isabel","",NA,NA,NA,NA,NA,"abdomen","","DNA shield","AW_B1_P023","P023","Pe","Pierinae","sample","med","SAMN55876341",1202446,"PRJNA1426605",NA,"","","","","","","","","",FALSE,FALSE
"AW.B1.P024_S135","16S_AW_Butterfly_join12","AW-B1-P024_S135","Peru",135,"B1","D3",3,"P024","sample","Peru","Pieridae","Andrea","Lepidoptera","Pieridae","Pierinae","Pierini","Leptophobia","","Leptophobia eleone","unknown","Paucartambo","San Pedro","Peru","","05.12.2022",2022,12,5,1205,50,"ANDIV1913-23","","143",1350,17.29882813,"-13.057","-71.544","Cusco","Paucartambo","San Pedro","",NA,NA,NA,NA,NA,"abdomen","","DNA shield","AW_B1_P024","P024","Pe","Pierinae","sample","med","SAMN55876342",1202446,"PRJNA1426605",NA,"","","","","","","","","",FALSE,FALSE
"AW.B1.P025_S136","16S_AW_Butterfly_join12","AW-B1-P025_S136","Peru",136,"B1","D4",3,"P025","sample","Peru","Pieridae","Andrea","Lepidoptera","Pieridae","Pierinae","Pierini","Leptophobia","","Leptophobia eleone","unknown","Paucartambo","San Pedro","Peru","","05.12.2022",2022,12,5,1205,50,"ANDIV1914-23","","143",1350,17.29882813,"-13.057","-71.544","Cusco","Paucartambo","San Pedro","",NA,NA,NA,NA,NA,"abdomen","","DNA shield","AW_B1_P025","P025","Pe","Pierinae","sample","med","SAMN55876343",1202446,"PRJNA1426605",NA,"","","","","","","","","",FALSE,FALSE
"AW.B1.P026_S137","16S_AW_Butterfly_join12","AW-B1-P026_S137","Peru",137,"B1","D5",3,"P026","sample","Peru","Pieridae","Andrea","Lepidoptera","Pieridae","Pierinae","Pierini","Leptophobia","","Leptophobia eleone","unknown","Paucartambo","San Pedro","Peru","","05.12.2022",2022,12,5,1205,50,"ANDIV1915-23","","143",1350,17.29882813,"-13.057","-71.544","Cusco","Paucartambo","San Pedro","",NA,NA,NA,NA,NA,"abdomen","","DNA shield","AW_B1_P026","P026","Pe","Pierinae","sample","med","SAMN55876344",1202446,"PRJNA1426605",NA,"","","","","","","","","",FALSE,FALSE
"AW.B1.P027_S138","16S_AW_Butterfly_join12","AW-B1-P027_S138","Peru",138,"B1","D6",3,"P027","sample","Peru","Pieridae","Andrea","Lepidoptera","Pieridae","Pierinae","Pierini","Leptophobia","","Leptophobia eleone","unknown","Paucartambo","San Pedro","Peru","","05.12.2022",2022,12,5,1205,50,"ANDIV1916-23","","143",1350,17.29882813,"-13.057","-71.544","Cusco","Paucartambo","San Pedro","",NA,NA,NA,NA,NA,"abdomen","","DNA shield","AW_B1_P027","P027","Pe","Pierinae","sample","med","SAMN55876345",1202446,"PRJNA1426605",NA,"","","","","","","","","",FALSE,FALSE
"AW.B1.P028_S139","16S_AW_Butterfly_join12","AW-B1-P028_S139","Peru",139,"B1","D7",3,"P028","sample","Peru","Pieridae","Andrea","Lepidoptera","Pieridae","Coliadinae","Euremini","Abaeis","","Abaeis salome","unknown","Paucartambo","Quita Calzon","Peru","","06.12.2022",2022,12,6,1206,50,"ANDIV1917-23","Abaeis","105",1050,19.91666667,"-13.026","-71.5","Cusco","Paucartambo","Quita Calzon","",NA,NA,NA,NA,NA,"abdomen","","DNA shield","AW_B1_P028","P028","Pe","Coliadinae","sample","med","SAMN55876346",1202446,"PRJNA1426605",NA,"","","","","","","","","",FALSE,FALSE
"AW.B1.P029_S140","16S_AW_Butterfly_join12","AW-B1-P029_S140","Peru",140,"B1","D8",3,"P029","sample","Peru","Pieridae","Andrea","Lepidoptera","Pieridae","Pierinae","Pierini","Glutophrissa","","Glutophrissa drusilla","unknown","Paucartambo","Quita Calzon","Peru","","06.12.2022",2022,12,6,1206,50,"ANDIV1918-23","Catasticta","105",1050,19.91666667,"-13.026","-71.5","Cusco","Paucartambo","Quita Calzon","",NA,NA,NA,NA,NA,"abdomen","","DNA shield","AW_B1_P029","P029","Pe","Pierinae","sample","med","SAMN55876347",1202446,"PRJNA1426605",NA,"","","","","","","","","",FALSE,FALSE
"AW.B1.P030_S141","16S_AW_Butterfly_join12","AW-B1-P030_S141","Peru",141,"B1","D9",3,"P030","sample","Peru","Pieridae","Andrea","Lepidoptera","Pieridae","Dismorphiinae","Dismorphiini","Pseudopieris","","Pseudopieris nehemia","unknown","Paucartambo","Quita Calzon","Peru","","06.12.2022",2022,12,6,1206,50,"ANDIV1919-23","","105",1050,19.91666667,"-13.026","-71.5","Cusco","Paucartambo","Quita Calzon","",NA,NA,NA,NA,NA,"abdomen","","DNA shield","AW_B1_P030","P030","Pe","Dismorphiinae","sample","med","SAMN55876348",1202446,"PRJNA1426605",NA,"","","","","","","","","",FALSE,FALSE
"AW.B1.P031_S142","16S_AW_Butterfly_join12","AW-B1-P031_S142","Peru",142,"B1","D10",3,"P031","sample","Peru","Pieridae","Andrea","Lepidoptera","Pieridae","Pierinae","Pierini","Leptophobia","","Leptophobia eleone","unknown","Paucartambo","San Pedro","Peru","","06.12.2022",2022,12,6,1206,50,"ANDIV1920-23","","143",1350,17.29882813,"-13.057","-71.544","Cusco","Paucartambo","San Pedro","",NA,NA,NA,NA,NA,"abdomen","","DNA shield","AW_B1_P031","P031","Pe","Pierinae","sample","med","SAMN55876349",1202446,"PRJNA1426605",NA,"","","","","","","","","",FALSE,FALSE
"AW.B1.P032_S143","16S_AW_Butterfly_join12","AW-B1-P032_S143","Peru",143,"B1","D11",3,"P032","sample","Peru","Pieridae","Andrea","Lepidoptera","Pieridae","Coliadinae","Euremini","Eurema","","Eurema xanthochlora","unknown","Paucartambo","San Pedro","Peru","","06.12.2022",2022,12,6,1206,50,"ANDIV1921-23","Abaeis","143",1350,17.29882813,"-13.057","-71.544","Cusco","Paucartambo","San Pedro","",NA,NA,NA,NA,NA,"abdomen","","DNA shield","AW_B1_P032","P032","Pe","Coliadinae","sample","med","SAMN55876350",1202446,"PRJNA1426605",NA,"","","","","","","","","",FALSE,FALSE
"AW.B1.P034_S145","16S_AW_Butterfly_join12","AW-B1-P034_S145","Peru",145,"B1","E1",3,"P034","sample","Peru","Pieridae","Andrea","Lepidoptera","Pieridae","Pierinae","Pierini","Catasticta","","Catasticta","unknown","Paucartambo","Wayqecha","Peru","","07.12.2022",2022,12,7,1207,50,"ANDIV1923-23","Catasticta","250",2390,12.31026786,"-13.158","-71.6","Cusco","Paucartambo","Wayqecha","",NA,NA,NA,NA,NA,"abdomen","","DNA shield","AW_B1_P034","P034","Pe","Pierinae","sample","med","SAMN55876352",1202446,"PRJNA1426605",NA,"","","","","","","","","",FALSE,FALSE
"AW.B2.G084_S164","16S_AW_Butterfly_join12","AW-B2-G084_S164","Other",164,"B2","F8",7,"G084","sample","Other","Pieridae","Arne","Lepidoptera","Pieridae","Dismorphiinae","Leptideini","Leptidea","","Leptidea sinapis","female","Nuremberg","Malmsbach","Germany","9","19.05.2023",2023,5,19,519,20,"","","",311,11.65714286,"49.47511","11.18093","","","","",NA,NA,NA,NA,NA,"abdomen","","dry frozen","AW-B2-G084_S164","G084","","Dismorphiinae","sample","high","SAMN55876367",1202446,"PRJNA1426605",NA,"","","","","","","","","",FALSE,FALSE
"AW.B2.G086_S166","16S_AW_Butterfly_join12","AW-B2-G086_S166","Other",166,"B2","F10",7,"G086","sample","Pieris","Pieridae","Arne","Lepidoptera","Pieridae","Pierinae","Pierini","Pieris","","Pieris rapae","male","Nuremberg","Malmsbach","Germany","21","26.05.2023",2023,5,26,526,21,"","","",311,16.98571429,"49.47511","11.18093","","","","",NA,NA,NA,NA,NA,"abdomen","","dry frozen","AW-B2-G086_S166","G086","","Pierinae","sample","high","SAMN55876369",1202446,"PRJNA1426605",NA,"","","","","","","","","",FALSE,FALSE
"AW.B2.G087_S167","16S_AW_Butterfly_join12","AW-B2-G087_S167","Other",167,"B2","F11",7,"G087","sample","Pieris","Pieridae","Arne","Lepidoptera","Pieridae","Pierinae","Pierini","Pieris","","Pieris rapae","male","Nuremberg","Malmsbach","Germany","26","26.05.2023",2023,5,26,526,21,"","","",311,16.98571429,"49.47511","11.18093","","","","",NA,NA,NA,NA,NA,"abdomen","","dry frozen","AW-B2-G087_S167","G087","","Pierinae","sample","high","SAMN55876370",1202446,"PRJNA1426605",NA,"","","","","","","","","",FALSE,FALSE
"AW.B2.G088_S168","16S_AW_Butterfly_join12","AW-B2-G088_S168","Other",168,"B2","F12",7,"G088","sample","Pieris","Pieridae","Arne","Lepidoptera","Pieridae","Pierinae","Pierini","Pieris","","Pieris napi","male","Nuremberg","Malmsbach","Germany","18","26.05.2023",2023,5,26,526,21,"","","",311,16.98571429,"49.47511","11.18093","","","","",NA,NA,NA,NA,NA,"abdomen","","dry frozen","AW-B2-G088_S168","G088","","Pierinae","sample","high","SAMN55876371",1202446,"PRJNA1426605",NA,"","","","","","","","","",FALSE,FALSE
"AW.B2.G089_S169","16S_AW_Butterfly_join12","AW-B2-G089_S169","Other",169,"B2","G1",7,"G089","sample","Other","Pieridae","Arne","Lepidoptera","Pieridae","Dismorphiinae","Leptideini","Leptidea","","Leptidea sinapis","female","Nuremberg","Malmsbach","Germany","5","02.06.2023",2023,6,2,602,22,"","","",311,17.27142857,"49.47511","11.18093","","","","",NA,NA,NA,NA,NA,"abdomen","","dry frozen","AW-B2-G089_S169","G089","","Dismorphiinae","sample","med","SAMN55876372",1202446,"PRJNA1426605",NA,"","","","","","","","","",FALSE,FALSE
"AW.B2.G093_S173","16S_AW_Butterfly_join12","AW-B2-G093_S173","Other",173,"B2","G5",7,"G093","sample","Other","Nymphalidae","Arne","Lepidoptera","Nymphalidae","Satyrinae","Maniolini","Maniola","","Maniola jurtina","female","Nuremberg","Malmsbach","Germany","32","09.06.2023",2023,6,9,609,23,"","","",311,17.38571429,"49.47511","11.18093","","","","",NA,NA,NA,NA,NA,"abdomen","","dry frozen","AW-B2-G093_S173","G093","","Satyrinae","sample","med","SAMN55876375",1202446,"PRJNA1426605",NA,"","","","","","","","","",FALSE,FALSE
"AW.B2.G098_S181","16S_AW_Butterfly_join12","AW-B2-G098_S181","Other",181,"B2","H1",7,"G098","sample","Other","Nymphalidae","Arne","Lepidoptera","Nymphalidae","Satyrinae","Maniolini","Maniola","","Maniola jurtina","female","Nuremberg","Malmsbach","Germany","16","25.06.2023",2023,6,25,625,26,"","","",311,21.75714286,"49.47511","11.18093","","","","",NA,NA,NA,NA,NA,"abdomen","","dry frozen","AW-B2-G098_S181","G098","","Satyrinae","sample","high","SAMN55876380",1202446,"PRJNA1426605",NA,"","","","","","","","","",FALSE,FALSE
"AW.B2.G099_S182","16S_AW_Butterfly_join12","AW-B2-G099_S182","Other",182,"B2","H2",7,"G099","sample","Other","Nymphalidae","Arne","Lepidoptera","Nymphalidae","Satyrinae","Maniolini","Maniola","","Maniola jurtina","female","Nuremberg","Malmsbach","Germany","14","25.06.2023",2023,6,25,625,26,"","","",311,21.75714286,"49.47511","11.18093","","","","",NA,NA,NA,NA,NA,"abdomen","","dry frozen","AW-B2-G099_S182","G099","","Satyrinae","sample","high","SAMN55876381",1202446,"PRJNA1426605",NA,"","","","","","","","","",FALSE,FALSE
"AW.B2.G100_S183","16S_AW_Butterfly_join12","AW-B2-G100_S183","Other",183,"B2","H3",7,"G100","sample","Other","Nymphalidae","Arne","Lepidoptera","Nymphalidae","Satyrinae","Maniolini","Maniola","","Maniola jurtina","female","Nuremberg","Laufamholz","Germany","12","08.07.2023",2023,7,8,708,27,"","","",320,19.82857143,"49.46372","11.15081","","","","",NA,NA,NA,NA,NA,"abdomen","","dry frozen","AW-B2-G100_S183","G100","","Satyrinae","sample","high","SAMN55876382",1202446,"PRJNA1426605",NA,"","","","","","","","","",FALSE,FALSE
"AW.B2.P41_S194","16S_AW_Butterfly_join12","AW-B2-P41_S194","Peru",194,"B2","A2",6,"P41","sample","Peru","Pieridae","Yenny","Lepidoptera","Pieridae","Coliadinae","Coliadini","Anteos","","Anteos menippe","unknown","Manu","Pantiacolla","Peru","81","21.04.2023",2023,4,21,421,16,"ANDIV11934-24","","43",430,22.9734003,"-12.642","-71.241","Madre de Dios","Manu","Pantiacolla","",NA,NA,NA,NA,NA,"abdomen","","EtOH","AW-B2-P41_S194","P41","","Coliadinae","sample","med","SAMN55876384",1202446,"PRJNA1426605",NA,"","","","","","","","","",FALSE,FALSE
"AW.B2.P42_S195","16S_AW_Butterfly_join12","AW-B2-P42_S195","Peru",195,"B2","A3",6,"P42","sample","Peru","Pieridae","Yenny","Lepidoptera","Pieridae","Coliadinae","Coliadini","Anteos","","Anteos menippe","unknown","Manu","Pantiacolla","Peru","114","21.04.2023",2023,4,21,421,16,"ANDIV11935-24","","43",430,22.9734003,"-12.642","-71.241","Madre de Dios","Manu","Pantiacolla","",NA,NA,NA,NA,NA,"abdomen","","EtOH","AW-B2-P42_S195","P42","","Coliadinae","sample","med","SAMN55876385",1202446,"PRJNA1426605",NA,"","","","","","","","","",FALSE,FALSE
"AW.B2.P43_S196","16S_AW_Butterfly_join12","AW-B2-P43_S196","Peru",196,"B2","A4",6,"P43","sample","Peru","Heliconius","Yenny","Lepidoptera","Nymphalidae","Heliconiinae","Heliconiini","Heliconius","","Heliconius sara","unknown","Manu","Pantiacolla","Peru","54","21.04.2023",2023,4,21,421,16,"ANDIV11936-24","","43",430,22.9734003,"-12.642","-71.241","Madre de Dios","Manu","Pantiacolla","",NA,NA,NA,NA,NA,"abdomen","","EtOH","AW-B2-P43_S196","P43","","Heliconiinae","sample","high","SAMN55876386",1202446,"PRJNA1426605",NA,"","","","","","","","","",FALSE,FALSE
"AW.B2.P44_S197","16S_AW_Butterfly_join12","AW-B2-P44_S197","Peru",197,"B2","A5",6,"P44","sample","Peru","Heliconius","Yenny","Lepidoptera","Nymphalidae","Heliconiinae","Heliconiini","Heliconius","","Heliconius sara","unknown","Manu","Pantiacolla","Peru","31","21.04.2023",2023,4,21,421,16,"ANDIV11937-24","","43",430,22.9734003,"-12.642","-71.241","Madre de Dios","Manu","Pantiacolla","",NA,NA,NA,NA,NA,"abdomen","","EtOH","AW-B2-P44_S197","P44","","Heliconiinae","sample","high","SAMN55876387",1202446,"PRJNA1426605",NA,"","","","","","","","","",FALSE,FALSE
"AW.B2.P45_S198","16S_AW_Butterfly_join12","AW-B2-P45_S198","Peru",198,"B2","A6",6,"P45","sample","Peru","Heliconius","Yenny","Lepidoptera","Nymphalidae","Heliconiinae","Heliconiini","Heliconius","","Heliconius erato","unknown","Manu","Pantiacolla","Peru","73","22.04.2023",2023,4,22,422,16,"ANDIV11938-24","","43",430,22.6422061,"-12.642","-71.241","Madre de Dios","Manu","Pantiacolla","",NA,NA,NA,NA,NA,"abdomen","","EtOH","AW-B2-P45_S198","P45","","Heliconiinae","sample","med","SAMN55876388",1202446,"PRJNA1426605",NA,"","","","","","","","","",FALSE,FALSE
"AW.B2.P46_S199","16S_AW_Butterfly_join12","AW-B2-P46_S199","Peru",199,"B2","A7",6,"P46","sample","Peru","Heliconius","Yenny","Lepidoptera","Nymphalidae","Heliconiinae","Heliconiini","Heliconius","","Heliconius erato","unknown","Manu","Pantiacolla","Peru","49","22.04.2023",2023,4,22,422,16,"ANDIV11939-24","","43",430,22.6422061,"-12.642","-71.241","Madre de Dios","Manu","Pantiacolla","",NA,NA,NA,NA,NA,"abdomen","","EtOH","AW-B2-P46_S199","P46","","Heliconiinae","sample","med","SAMN55876389",1202446,"PRJNA1426605",NA,"","","","","","","","","",FALSE,FALSE
"AW.B2.P48_S201","16S_AW_Butterfly_join12","AW-B2-P48_S201","Peru",201,"B2","A9",6,"P48","sample","Peru","Heliconius","Yenny","Lepidoptera","Nymphalidae","Heliconiinae","Heliconiini","Heliconius","","Heliconius erato","unknown","Paucartambo","Tono","Peru","48","26.04.2023",2023,4,26,426,17,"ANDIV11941-24","","80",800,21.8515625,"-12.953","-71.532","Cusco","Paucartambo","Tono","",NA,NA,NA,NA,NA,"abdomen","","EtOH","AW-B2-P48_S201","P48","","Heliconiinae","sample","high","SAMN55876391",1202446,"PRJNA1426605",NA,"","","","","","","","","",FALSE,FALSE
"AW.B2.P49_S202","16S_AW_Butterfly_join12","AW-B2-P49_S202","Peru",202,"B2","A10",6,"P49","sample","Peru","Heliconius","Yenny","Lepidoptera","Nymphalidae","Heliconiinae","Heliconiini","Heliconius","","Heliconius wallacei","unknown","Paucartambo","Tono","Peru","63","26.04.2023",2023,4,26,426,17,"ANDIV11942-24","","80",800,21.8515625,"-12.953","-71.532","Cusco","Paucartambo","Tono","",NA,NA,NA,NA,NA,"abdomen","","EtOH","AW-B2-P49_S202","P49","","Heliconiinae","sample","med","SAMN55876392",1202446,"PRJNA1426605",NA,"","","","","","","","","",FALSE,FALSE
"AW.B2.P50_S203","16S_AW_Butterfly_join12","AW-B2-P50_S203","Peru",203,"B2","A11",6,"P50","sample","Peru","Heliconius","Yenny","Lepidoptera","Nymphalidae","Heliconiinae","Heliconiini","Heliconius","","Heliconius wallacei","unknown","Paucartambo","Tono","Peru","112","26.04.2023",2023,4,26,426,17,"ANDIV11943-24","","80",800,21.8515625,"-12.953","-71.532","Cusco","Paucartambo","Tono","",NA,NA,NA,NA,NA,"abdomen","","EtOH","AW-B2-P50_S203","P50","","Heliconiinae","sample","med","SAMN55876393",1202446,"PRJNA1426605",NA,"","","","","","","","","",FALSE,FALSE
"AW.B2.P51_S204","16S_AW_Butterfly_join12","AW-B2-P51_S204","Peru",204,"B2","A12",6,"P51","sample","Peru","Heliconius","Yenny","Lepidoptera","Nymphalidae","Heliconiinae","Heliconiini","Heliconius","","Heliconius doris","unknown","Paucartambo","Tono","Peru","79","26.04.2023",2023,4,26,426,17,"ANDIV11944-24","","80",800,21.8515625,"-12.953","-71.532","Cusco","Paucartambo","Tono","",NA,NA,NA,NA,NA,"abdomen","","EtOH","AW-B2-P51_S204","P51","","Heliconiinae","sample","med","SAMN55876394",1202446,"PRJNA1426605",NA,"","","","","","","","","",FALSE,FALSE
"AW.B2.P52_S205","16S_AW_Butterfly_join12","AW-B2-P52_S205","Peru",205,"B2","B1",6,"P52","sample","Peru","Heliconius","Yenny","Lepidoptera","Nymphalidae","Heliconiinae","Heliconiini","Heliconius","","Heliconius wallacei","unknown","Paucartambo","Tono","Peru","59","26.04.2023",2023,4,26,426,17,"ANDIV11945-24","","80",800,21.8515625,"-12.953","-71.532","Cusco","Paucartambo","Tono","",NA,NA,NA,NA,NA,"abdomen","","EtOH","AW-B2-P52_S205","P52","","Heliconiinae","sample","med","SAMN55876395",1202446,"PRJNA1426605",NA,"","","","","","","","","",FALSE,FALSE
"AW.B2.P53_S206","16S_AW_Butterfly_join12","AW-B2-P53_S206","Peru",206,"B2","B2",6,"P53","sample","Peru","Pieridae","Yenny","Lepidoptera","Pieridae","Pierinae","Pierini","Melete","","Melete lycimnia","unknown","Paucartambo","Tono","Peru","40","26.04.2023",2023,4,26,426,17,"ANDIV11946-24","","80",800,21.8515625,"-12.953","-71.532","Cusco","Paucartambo","Tono","",NA,NA,NA,NA,NA,"abdomen","","EtOH","AW-B2-P53_S206","P53","","Pierinae","sample","med","SAMN55876396",1202446,"PRJNA1426605",NA,"","","","","","","","","",FALSE,FALSE
"AW.B2.P54_S207","16S_AW_Butterfly_join12","AW-B2-P54_S207","Peru",207,"B2","B3",6,"P54","sample","Peru","Pieridae","Yenny","Lepidoptera","Pieridae","Dismorphiinae","Dismorphiini","Pseudopieris","","Pseudopieris nehemia","unknown","Paucartambo","Tono","Peru","25","26.04.2023",2023,4,26,426,17,"ANDIV11947-24","","80",800,21.8515625,"-12.953","-71.532","Cusco","Paucartambo","Tono","",NA,NA,NA,NA,NA,"abdomen","","EtOH","AW-B2-P54_S207","P54","","Dismorphiinae","sample","med","SAMN55876397",1202446,"PRJNA1426605",NA,"","","","","","","","","",FALSE,FALSE
"AW.B2.P55_S208","16S_AW_Butterfly_join12","AW-B2-P55_S208","Peru",208,"B2","B4",6,"P55","sample","Peru","Heliconius","Yenny","Lepidoptera","Nymphalidae","Heliconiinae","Heliconiini","Heliconius","","Heliconius sara","unknown","Paucartambo","Tono","Peru","39","28.04.2023",2023,4,28,428,17,"ANDIV11948-24","","80",800,21.8515625,"-12.953","-71.532","Cusco","Paucartambo","Tono","",NA,NA,NA,NA,NA,"abdomen","","EtOH","AW-B2-P55_S208","P55","","Heliconiinae","sample","high","SAMN55876398",1202446,"PRJNA1426605",NA,"","","","","","","","","",FALSE,FALSE
"AW.B2.P56_S209","16S_AW_Butterfly_join12","AW-B2-P56_S209","Peru",209,"B2","B5",6,"P56","sample","Peru","Heliconius","Yenny","Lepidoptera","Nymphalidae","Heliconiinae","Heliconiini","Heliconius","","Heliconius wallacei","unknown","Paucartambo","Tono","Peru","55","29.04.2023",2023,4,29,429,17,"ANDIV11949-24","","80",800,21.8515625,"-12.953","-71.532","Cusco","Paucartambo","Tono","",NA,NA,NA,NA,NA,"abdomen","","EtOH","AW-B2-P56_S209","P56","","Heliconiinae","sample","med","SAMN55876399",1202446,"PRJNA1426605",NA,"","","","","","","","","",FALSE,FALSE
"AW.B2.P57_S210","16S_AW_Butterfly_join12","AW-B2-P57_S210","Peru",210,"B2","B6",6,"P57","sample","Peru","Heliconius","Yenny","Lepidoptera","Nymphalidae","Heliconiinae","Heliconiini","Heliconius","","Heliconius erato","unknown","Paucartambo","Tono","Peru","42","29.04.2023",2023,4,29,429,17,"ANDIV11950-24","","80",800,21.8515625,"-12.953","-71.532","Cusco","Paucartambo","Tono","",NA,NA,NA,NA,NA,"abdomen","","EtOH","AW-B2-P57_S210","P57","","Heliconiinae","sample","high","SAMN55876400",1202446,"PRJNA1426605",NA,"","","","","","","","","",FALSE,FALSE
"AW.B2.P58_S211","16S_AW_Butterfly_join12","AW-B2-P58_S211","Peru",211,"B2","B7",6,"P58","sample","Peru","Heliconius","Yenny","Lepidoptera","Nymphalidae","Heliconiinae","Heliconiini","Heliconius","","Heliconius doris","unknown","Paucartambo","Tono","Peru","70","28.04.2023",2023,4,28,428,17,"ANDIV11951-24","","80",800,21.8515625,"-12.953","-71.532","Cusco","Paucartambo","Tono","",NA,NA,NA,NA,NA,"abdomen","","EtOH","AW-B2-P58_S211","P58","","Heliconiinae","sample","med","SAMN55876401",1202446,"PRJNA1426605",NA,"","","","","","","","","",FALSE,FALSE
"AW.B2.P59_S212","16S_AW_Butterfly_join12","AW-B2-P59_S212","Peru",212,"B2","B8",6,"P59","sample","Peru","Heliconius","Yenny","Lepidoptera","Nymphalidae","Heliconiinae","Heliconiini","Heliconius","","Heliconius wallacei","unknown","Paucartambo","Tono","Peru","46","28.04.2023",2023,4,28,428,17,"ANDIV11952-24","","80",800,21.8515625,"-12.953","-71.532","Cusco","Paucartambo","Tono","",NA,NA,NA,NA,NA,"abdomen","","EtOH","AW-B2-P59_S212","P59","","Heliconiinae","sample","med","SAMN55876402",1202446,"PRJNA1426605",NA,"","","","","","","","","",FALSE,FALSE
"AW.B2.P61_S214","16S_AW_Butterfly_join12","AW-B2-P61_S214","Peru",214,"B2","B10",6,"P61","sample","Peru","Pieridae","Yenny","Lepidoptera","Pieridae","Pierinae","Pierini","Melete","","Melete lycimnia","unknown","Paucartambo","Tono","Peru","33","29.04.2023",2023,4,29,429,17,"ANDIV11954-24","","80",800,21.8515625,"-12.953","-71.532","Cusco","Paucartambo","Tono","",NA,NA,NA,NA,NA,"abdomen","","EtOH","AW-B2-P61_S214","P61","","Pierinae","sample","med","SAMN55876404",1202446,"PRJNA1426605",NA,"","","","","","","","","",FALSE,FALSE
"AW.B2.P62_S215","16S_AW_Butterfly_join12","AW-B2-P62_S215","Peru",215,"B2","B11",6,"P62","sample","Peru","Pieridae","Yenny","Lepidoptera","Pieridae","Coliadinae","Coliadini","Phoebis","","Phoebis neocypris","unknown","Paucartambo","Tono","Peru","107","29.04.2023",2023,4,29,429,17,"ANDIV11955-24","","80",800,21.8515625,"-12.953","-71.532","Cusco","Paucartambo","Tono","",NA,NA,NA,NA,NA,"abdomen","","EtOH","AW-B2-P62_S215","P62","","Coliadinae","sample","high","SAMN55876405",1202446,"PRJNA1426605",NA,"","","","","","","","","",FALSE,FALSE
"AW.B2.P65_S218","16S_AW_Butterfly_join12","AW-B2-P65_S218","Peru",218,"B2","C2",6,"P65","sample","Peru","Pieridae","Yenny","Lepidoptera","Pieridae","Coliadinae","Coliadini","Rhabdodryas","","Rhabdodryas trite","unknown","Paucartambo","Tono","Peru","61","29.04.2023",2023,4,29,429,17,"ANDIV11958-24","","80",800,21.8515625,"-12.953","-71.532","Cusco","Paucartambo","Tono","",NA,NA,NA,NA,NA,"abdomen","","EtOH","AW-B2-P65_S218","P65","","Coliadinae","sample","med","SAMN55876408",1202446,"PRJNA1426605",NA,"","","","","","","","","",FALSE,FALSE
"AW.B2.P67_S220","16S_AW_Butterfly_join12","AW-B2-P67_S220","Peru",220,"B2","C4",6,"P67","sample","Peru","Pieridae","Yenny","Lepidoptera","Pieridae","Coliadinae","Coliadini","Phoebis","","Phoebis neocypris","unknown","Paucartambo","Tono","Peru","98","29.04.2023",2023,4,29,429,17,"ANDIV11960-24","","80",800,21.8515625,"-12.953","-71.532","Cusco","Paucartambo","Tono","",NA,NA,NA,NA,NA,"abdomen","","EtOH","AW-B2-P67_S220","P67","","Coliadinae","sample","med","SAMN55876410",1202446,"PRJNA1426605",NA,"","","","","","","","","",FALSE,FALSE
"AW.B2.P69_S223","16S_AW_Butterfly_join12","AW-B2-P69_S223","Peru",223,"B2","C7",6,"P69","sample","Peru","Pieridae","Yenny","Lepidoptera","Pieridae","Coliadinae","Euremini","Abaeis","","Abaeis albula","unknown","Paucartambo","Tono","Peru","6","29.04.2023",2023,4,29,429,17,"ANDIV11962-24","","80",800,21.8515625,"-12.953","-71.532","Cusco","Paucartambo","Tono","",NA,NA,NA,NA,NA,"abdomen","","EtOH","AW-B2-P69_S223","P69","","Coliadinae","sample","high","SAMN55876412",1202446,"PRJNA1426605",NA,"","","","","","","","","",FALSE,FALSE
"AW.B2.P70_S224","16S_AW_Butterfly_join12","AW-B2-P70_S224","Peru",224,"B2","C8",6,"P70","sample","Peru","Pieridae","Yenny","Lepidoptera","Pieridae","Coliadinae","Coliadini","Aphrissa","","Aphrissa statira","unknown","Paucartambo","Tono","Peru","48","29.04.2023",2023,4,29,429,17,"ANDIV11963-24","","80",800,21.8515625,"-12.953","-71.532","Cusco","Paucartambo","Tono","",NA,NA,NA,NA,NA,"abdomen","","EtOH","AW-B2-P70_S224","P70","","Coliadinae","sample","high","SAMN55876413",1202446,"PRJNA1426605",NA,"","","","","","","","","",FALSE,FALSE
"AW.B2.P71_S225","16S_AW_Butterfly_join12","AW-B2-P71_S225","Peru",225,"B2","C9",6,"P71","sample","Peru","Pieridae","Yenny","Lepidoptera","Pieridae","Pierinae","Pierini","Glutophrissa","","Glutophrissa drusilla","unknown","Paucartambo","Tono","Peru","41","27.04.2023",2023,4,27,427,17,"ANDIV11964-24","","80",800,21.8515625,"-12.953","-71.532","Cusco","Paucartambo","Tono","",NA,NA,NA,NA,NA,"abdomen","","EtOH","AW-B2-P71_S225","P71","","Pierinae","sample","high","SAMN55876414",1202446,"PRJNA1426605",NA,"","","","","","","","","",FALSE,FALSE
"AW.B2.P72_S226","16S_AW_Butterfly_join12","AW-B2-P72_S226","Peru",226,"B2","C10",6,"P72","sample","Peru","Pieridae","Yenny","Lepidoptera","Pieridae","Coliadinae","Euremini","Pyrisitia","","Pyrisitia nise","unknown","Paucartambo","Tono","Peru","10","29.04.2023",2023,4,29,429,17,"ANDIV11965-24","","80",800,21.8515625,"-12.953","-71.532","Cusco","Paucartambo","Tono","",NA,NA,NA,NA,NA,"abdomen","","EtOH","AW-B2-P72_S226","P72","","Coliadinae","sample","high","SAMN55876415",1202446,"PRJNA1426605",NA,"","","","","","","","","",FALSE,FALSE
"AW.B2.P73_S227","16S_AW_Butterfly_join12","AW-B2-P73_S227","Peru",227,"B2","C11",6,"P73","sample","Peru","Pieridae","Yenny","Lepidoptera","Pieridae","Coliadinae","Coliadini","Aphrissa","","Aphrissa statira","unknown","Paucartambo","Tono","Peru","50","29.04.2023",2023,4,29,429,17,"ANDIV11966-24","","80",800,21.8515625,"-12.953","-71.532","Cusco","Paucartambo","Tono","",NA,NA,NA,NA,NA,"abdomen","","EtOH","AW-B2-P73_S227","P73","","Coliadinae","sample","high","SAMN55876416",1202446,"PRJNA1426605",NA,"","","","","","","","","",FALSE,FALSE
"AW.B2.P74_S228","16S_AW_Butterfly_join12","AW-B2-P74_S228","Peru",228,"B2","C12",6,"P74","sample","Peru","Pieridae","Yenny","Lepidoptera","Pieridae","Pierinae","Pierini","Glutophrissa","","Glutophrissa drusilla","unknown","Paucartambo","Tono","Peru","50","27.04.2023",2023,4,27,427,17,"ANDIV11967-24","","80",800,21.8515625,"-12.953","-71.532","Cusco","Paucartambo","Tono","",NA,NA,NA,NA,NA,"abdomen","","EtOH","AW-B2-P74_S228","P74","","Pierinae","sample","med","SAMN55876417",1202446,"PRJNA1426605",NA,"","","","","","","","","",FALSE,FALSE
"AW.B2.P75_S229","16S_AW_Butterfly_join12","AW-B2-P75_S229","Peru",229,"B2","D1",6,"P75","sample","Peru","Pieridae","Yenny","Lepidoptera","Pieridae","Pierinae","Pierini","Glutophrissa","","Glutophrissa drusilla","unknown","Paucartambo","Tono","Peru","36","27.04.2023",2023,4,27,427,17,"ANDIV11968-24","","80",800,21.8515625,"-12.953","-71.532","Cusco","Paucartambo","Tono","",NA,NA,NA,NA,NA,"abdomen","","EtOH","AW-B2-P75_S229","P75","","Pierinae","sample","med","SAMN55876418",1202446,"PRJNA1426605",NA,"","","","","","","","","",FALSE,FALSE
"AW.B2.P76_S230","16S_AW_Butterfly_join12","AW-B2-P76_S230","Peru",230,"B2","D2",6,"P76","sample","Peru","Pieridae","Yenny","Lepidoptera","Pieridae","Coliadinae","Coliadini","Phoebis","","Phoebis argante","unknown","Paucartambo","Tono","Peru","66","29.04.2023",2023,4,29,429,17,"ANDIV11969-24","","80",800,21.8515625,"-12.953","-71.532","Cusco","Paucartambo","Tono","",NA,NA,NA,NA,NA,"abdomen","","EtOH","AW-B2-P76_S230","P76","","Coliadinae","sample","high","SAMN55876419",1202446,"PRJNA1426605",NA,"","","","","","","","","",FALSE,FALSE
"AW.B2.P77_S231","16S_AW_Butterfly_join12","AW-B2-P77_S231","Peru",231,"B2","D3",6,"P77","sample","Peru","Pieridae","Yenny","Lepidoptera","Pieridae","Coliadinae","Euremini","Pyrisitia","","Pyrisitia nise","unknown","Paucartambo","Tono","Peru","2","29.04.2023",2023,4,29,429,17,"ANDIV11970-24","","80",800,21.8515625,"-12.953","-71.532","Cusco","Paucartambo","Tono","",NA,NA,NA,NA,NA,"abdomen","","EtOH","AW-B2-P77_S231","P77","","Coliadinae","sample","high","SAMN55876420",1202446,"PRJNA1426605",NA,"","","","","","","","","",FALSE,FALSE
"AW.B2.P78_S232","16S_AW_Butterfly_join12","AW-B2-P78_S232","Peru",232,"B2","D4",6,"P78","sample","Peru","Pieridae","Yenny","Lepidoptera","Pieridae","Coliadinae","Coliadini","Phoebis","","Phoebis argante","unknown","Paucartambo","Tono","Peru","50","29.04.2023",2023,4,29,429,17,"ANDIV11971-24","","80",800,21.8515625,"-12.953","-71.532","Cusco","Paucartambo","Tono","",NA,NA,NA,NA,NA,"abdomen","","EtOH","AW-B2-P78_S232","P78","","Coliadinae","sample","high","SAMN55876421",1202446,"PRJNA1426605",NA,"","","","","","","","","",FALSE,FALSE
"AW.B2.P79_S233","16S_AW_Butterfly_join12","AW-B2-P79_S233","Peru",233,"B2","D5",6,"P79","sample","Peru","Pieridae","Yenny","Lepidoptera","Pieridae","Coliadinae","Coliadini","Phoebis","","Phoebis neocypris","unknown","Paucartambo","Tono","Peru","116","29.04.2023",2023,4,29,429,17,"ANDIV11972-24","","80",800,21.8515625,"-12.953","-71.532","Cusco","Paucartambo","Tono","",NA,NA,NA,NA,NA,"abdomen","","EtOH","AW-B2-P79_S233","P79","","Coliadinae","sample","high","SAMN55876422",1202446,"PRJNA1426605",NA,"","","","","","","","","",FALSE,FALSE
"AW.B2.P80_S234","16S_AW_Butterfly_join12","AW-B2-P80_S234","Peru",234,"B2","D6",6,"P80","sample","Peru","Pieridae","Yenny","Lepidoptera","Pieridae","Coliadinae","Coliadini","Anteos","","Anteos menippe","unknown","Paucartambo","Tono","Peru","87","29.04.2023",2023,4,29,429,17,"ANDIV11973-24","","80",800,21.8515625,"-12.953","-71.532","Cusco","Paucartambo","Tono","",NA,NA,NA,NA,NA,"abdomen","","EtOH","AW-B2-P80_S234","P80","","Coliadinae","sample","high","SAMN55876423",1202446,"PRJNA1426605",NA,"","","","","","","","","",FALSE,FALSE
"AW.B2.P81_S236","16S_AW_Butterfly_join12","AW-B2-P81_S236","Peru",236,"B2","D8",6,"P81","sample","Peru","Pieridae","Yenny","Lepidoptera","Pieridae","Coliadinae","Coliadini","Aphrissa","","Aphrissa statira","unknown","Paucartambo","Tono","Peru","66","29.04.2023",2023,4,29,429,17,"ANDIV11974-24","","80",800,21.8515625,"-12.953","-71.532","Cusco","Paucartambo","Tono","",NA,NA,NA,NA,NA,"abdomen","","EtOH","AW-B2-P81_S236","P81","","Coliadinae","sample","med","SAMN55876424",1202446,"PRJNA1426605",NA,"","","","","","","","","",FALSE,FALSE
"AW.B2.P82_S237","16S_AW_Butterfly_join12","AW-B2-P82_S237","Peru",237,"B2","D9",6,"P82","sample","Peru","Pieridae","Yenny","Lepidoptera","Pieridae","Coliadinae","Coliadini","Phoebis","","Phoebis neocypris","unknown","Paucartambo","Tono","Peru","65","29.04.2023",2023,4,29,429,17,"ANDIV11975-24","","80",800,21.8515625,"-12.953","-71.532","Cusco","Paucartambo","Tono","",NA,NA,NA,NA,NA,"abdomen","","EtOH","AW-B2-P82_S237","P82","","Coliadinae","sample","med","SAMN55876425",1202446,"PRJNA1426605",NA,"","","","","","","","","",FALSE,FALSE
"AW.B2.P83_S238","16S_AW_Butterfly_join12","AW-B2-P83_S238","Peru",238,"B2","D10",6,"P83","sample","Peru","Pieridae","Yenny","Lepidoptera","Pieridae","Coliadinae","Coliadini","Phoebis","","Phoebis neocypris","unknown","Paucartambo","Tono","Peru","126","29.04.2023",2023,4,29,429,17,"ANDIV11976-24","","80",800,21.8515625,"-12.953","-71.532","Cusco","Paucartambo","Tono","",NA,NA,NA,NA,NA,"abdomen","","EtOH","AW-B2-P83_S238","P83","","Coliadinae","sample","high","SAMN55876426",1202446,"PRJNA1426605",NA,"","","","","","","","","",FALSE,FALSE
"AW.B2.P84_S239","16S_AW_Butterfly_join12","AW-B2-P84_S239","Peru",239,"B2","D11",6,"P84","sample","Peru","Pieridae","Yenny","Lepidoptera","Pieridae","Coliadinae","Coliadini","Phoebis","","Phoebis sennae","unknown","Paucartambo","Villa Carmen","Peru","57","24.04.2023",2023,4,24,424,17,"ANDIV11977-24","","52",500,21.77836682,"-12.887","-71.401","Cusco","Paucartambo","Villa Carmen","",NA,NA,NA,NA,NA,"abdomen","","EtOH","AW-B2-P84_S239","P84","","Coliadinae","sample","high","SAMN55876427",1202446,"PRJNA1426605",NA,"","","","","","","","","",FALSE,FALSE
"AW.B2.P85_S240","16S_AW_Butterfly_join12","AW-B2-P85_S240","Peru",240,"B2","D12",6,"P85","sample","Peru","Heliconius","Yenny","Lepidoptera","Nymphalidae","Heliconiinae","Heliconiini","Heliconius","","Heliconius pardalinus","unknown","Paucartambo","Villa Carmen","Peru","56","16.04.2023",2023,4,16,416,16,"ANDIV11978-24","","52",500,22.70200893,"-12.887","-71.401","Cusco","Paucartambo","Villa Carmen","",NA,NA,NA,NA,NA,"abdomen","","EtOH","AW-B2-P85_S240","P85","","Heliconiinae","sample","med","SAMN55876428",1202446,"PRJNA1426605",NA,"","","","","","","","","",FALSE,FALSE
"AW.B2.P86_S241","16S_AW_Butterfly_join12","AW-B2-P86_S241","Peru",241,"B2","E1",6,"P86","sample","Peru","Pieridae","Yenny","Lepidoptera","Pieridae","Pierinae","Pierini","Tatochila","","Tatochila autodice","unknown","Paucartambo","Tres Cruces","Peru","40","18.05.2023",2023,5,18,518,20,"ANDIV11979-24","","335",3350,8.102399554,"-13.113","-71.607","Cusco","Paucartambo","Tres Cruces","",NA,NA,NA,NA,NA,"abdomen","","EtOH","AW-B2-P86_S241","P86","","Pierinae","sample","med","SAMN55876429",1202446,"PRJNA1426605",NA,"","","","","","","","","",FALSE,FALSE
"AW.B2.P87_S242","16S_AW_Butterfly_join12","AW-B2-P87_S242","Peru",242,"B2","E2",6,"P87","sample","Peru","Pieridae","Yenny","Lepidoptera","Pieridae","Coliadinae","Coliadini","Phoebis","","Phoebis sennae","unknown","Paucartambo","Villa Carmen","Peru","29","15.04.2023",2023,4,15,415,15,"ANDIV11980-24","","52",500,22.47274926,"-12.887","-71.401","Cusco","Paucartambo","Villa Carmen","",NA,NA,NA,NA,NA,"abdomen","","EtOH","AW-B2-P87_S242","P87","","Coliadinae","sample","high","SAMN55876430",1202446,"PRJNA1426605",NA,"","","","","","","","","",FALSE,FALSE
"AW.B2.P89_S244","16S_AW_Butterfly_join12","AW-B2-P89_S244","Peru",244,"B2","E4",6,"P89","sample","Peru","Pieridae","Yenny","Lepidoptera","Pieridae","Coliadinae","Coliadini","Phoebis","","Phoebis sennae","unknown","Paucartambo","San Pedro","Peru","53","22.05.2023",2023,5,22,522,21,"ANDIV11982-24","","143",1430,17.7171689,"-13.06","-71.551","Cusco","Paucartambo","San Pedro","",NA,NA,NA,NA,NA,"abdomen","","EtOH","AW-B2-P89_S244","P89","","Coliadinae","sample","med","SAMN55876432",1202446,"PRJNA1426605",NA,"","","","","","","","","",FALSE,FALSE
"AW.B2.P90_S245","16S_AW_Butterfly_join12","AW-B2-P90_S245","Peru",245,"B2","E5",6,"P90","sample","Peru","Pieridae","Yenny","Lepidoptera","Pieridae","Pierinae","Pierini","Leptophobia","","Leptophobia tovaria","unknown","Paucartambo","San Pedro","Peru","15","23.05.2023",2023,5,23,523,21,"ANDIV11983-24","","143",1430,17.94149926,"-13.06","-71.551","Cusco","Paucartambo","San Pedro","",NA,NA,NA,NA,NA,"abdomen","","EtOH","AW-B2-P90_S245","P90","","Pierinae","sample","med","SAMN55876433",1202446,"PRJNA1426605",NA,"","","","","","","","","",FALSE,FALSE
